ID	A*29:02	A*32:02	B*45:01	C*06:02	Gene	AA Change	Num Passing Transcripts	Best Peptide	Pos	Num Passing Peptides	IC50 MT	IC50 WT	%ile MT	%ile WT	RNA Expr	RNA VAF	Allele Expr	RNA Depth	DNA VAF	Tier	Evaluation
chrX-41344254-41344255-G-C	1			4	DDX3X	R293T	2	YRSTVRPCV	4	5	79.792	118.52	0.158	0.311	165.745	0.999	165.579	1331.000	1.000	Pass	Pending
chr19-16093698-16093699-G-C			4	1	TPM4	E204Q	1	KEAETRAQFA	8	5	190.315	166.2	0.300	0.32	395.520	0.648	256.297	4340.000	0.429	Pass	Pending
chr19-17555815-17555816-G-T	2				COLGALT1	D35Y	1	GAPPGAYAY	7	2	173.098	3894.05	0.800	3.3	106.173	0.607	64.447	244.000	0.569	Pass	Pending
chr6-157133135-157133136-G-C		1			ARID1B	G235A	1	QMHAAISSF	5	1	147.580	176.51	0.354	0.369	37.129	1.000	37.129	162.000	1.000	Pass	Pending
chr17-5007046-5007047-C-T			1		KIF1C	S433F	1	TEFQIGPEEA	3	1	152.101	166.309	0.320	0.47	125.052	0.290	36.265	1661.000	0.330	Pass	Pending
chrX-77682470-77682471-C-G		1	1		ATRX	E929Q	1	KEQSFTSLEV	3	2	245.725	407.865	0.240	0.63	60.752	1.000	60.752	253.000	1.000	Pass	Pending
chr4-108650681-108650682-C-G			1	1	OSTC	F9L	1	YRVPLLVL	5	2	282.169	272.915	0.294	0.283	175.353	0.474	83.117	1000.000	0.482	Pass	Pending
chr9-133354714-133354715-G-C				2	SURF1	N89K	1	RRKWKLKLI	7	2	212.834	161.921	0.440	0.3	47.955	0.763	36.590	561.000	0.680	Pass	Pending
chr13-45399008-45399009-C-T				1	SLC25A30	M228I	1	TRIMNQRVL	3	1	55.490	31.37	0.212	0.185	20.984	0.511	10.723	225.000	0.469	Pass	Pending
chr18-36067341-36067342-C-G			2		RPRD1A	Q21H	1	SELSNSQHSV	8	2	368.846	354.639	0.300	0.26	58.444	0.496	28.988	589.000	0.368	Pass	Pending
chr19-57397065-57397066-G-T	7	1	3	1	ZNF548	D24Y	2	VVFEYVAIY	5	11	41.063	75.492	0.300	0.53	16.789	0.375	6.296	128.000	0.462	Pass	Pending
chr15-100900576-100900577-G-T	2				ALDH1A3	D296Y	1	IVCADADLY	9	2	88.086	19997.863	0.400	29.0	15.488	0.535	8.286	157.000	0.397	Pass	Pending
chr14-60724007-60724008-C-G			2		SIX4	E23Q	1	QENGMQSA	6	2	222.019	324.687	0.260	0.41	15.359	1.000	15.359	61.000	1.000	Pass	Pending
chr17-4545724-4545725-T-C			1		MYBBP1A	E653G	1	VEVLVGILLA	6	1	331.249	403.175	0.700	0.96	52.736	0.316	16.665	415.000	0.357	Pass	Pending
chr20-35384131-35384132-C-G				1	UQCC1	W44S	1	SRTSQSPQM	6	1	365.305	752.965	0.490	1.2	51.793	0.313	16.211	600.000	0.421	Pass	Pending
chr2-63942505-63942506-C-G		1			VPS54	D453H	1	HIFSKFTIF	1	1	344.650	5439.17	0.263	3.155	14.350	1.000	14.350	86.000	1.000	Pass	Pending
chr6-109451607-109451608-G-T		4			MICAL1	L309M	2	RLGVMRQPFW	5	4	384.950	381.28	0.471	0.478	13.067	1.000	13.067	93.000	1.000	Pass	Pending
chr11-62752450-62752451-G-A	3	1			ZBTB3	S455F	1	EPLYLSFEY	7	4	382.420	2333.53	1.400	3.2	14.116	0.592	8.357	142.000	0.562	Pass	Pending
chr1-109621022-109621023-C-A				1	AMPD2	R4S	1	MRNSGQGLF	4	1	300.425	587.105	0.413	0.716	39.246	0.133	5.220	15.000	0.405	Pass	Pending
chr6-43340177-43340178-C-G		1			ZNF318	G1274R	1	SSSFRKFSW	5	1	294.640	254.86	0.567	0.349	13.424	0.371	4.980	105.000	0.337	Pass	Pending
chr10-37957500-37957501-C-T			1	1	ZNF25	E21K	1	KEKWKLLTPA	3	2	377.257	137.86	0.500	0.34	13.397	0.464	6.216	192.000	0.486	Pass	Pending
chr18-14106118-14106119-G-C		1			ZNF519	P141A	1	AMNKYQHKF	1	1	281.230	5216.1	0.485	5.2	8.973	0.350	3.141	20.000	0.488	Pass	Pending
chr4-373601-373602-C-T	1				ZNF141	H389Y	1	KIYTGEKPY	3	1	489.769	2460.05	1.600	2.8	4.936	0.865	4.270	37.000	0.901	Pass	Pending
chr10-125859825-125859826-G-C			1	1	DHX32	P209R	1	ARRELKLII	3	2	507.742	530.848	0.440	1.0	54.925	0.998	54.815	503.000	1.000	Relaxed	Pending
chr12-889169-889170-C-G			1		WNK1	Q1799E	1	AELRRTLSP	2	1	630.498	9432.691	1.700	9.8	94.745	0.692	65.564	585.000	0.712	Relaxed	Pending
chr1-39429921-39429922-G-C		1			MACF1	E4102Q	1	RTLQQARQL	4	1	675.260	505.08	0.775	0.75	117.666	0.369	43.419	816.000	0.360	Relaxed	Pending
chr13-113425167-113425168-G-T	4		3		ADPRHL1	H138N	1	QENWFYFEA	3	6	11.080	11.608	0.030	0.036	2.947	0.926	2.729	27.000	0.500	Relaxed	Pending
chr5-133103958-133103959-T-C			1		HSPA4	L751P	1	MEWMNNKLNP	10	1	992.163	1329.709	1.600	1.3	177.745	0.997	177.212	1334.000	1.000	Relaxed	Pending
chr3-121697676-121697677-G-C			1		GOLGB1	A944G	1	AEEGKKEQV	4	1	865.084	588.88	1.300	1.2	46.528	0.993	46.202	292.000	1.000	Relaxed	Pending
chr13-98431277-98431278-G-T				1	FARP1	R714L	1	FRDCLAAL	5	1	755.840	466.611	0.790	0.9	27.768	0.994	27.601	167.000	0.938	Relaxed	Pending
chr5-177460554-177460555-C-T			10		DBN1	E280K	1	SESEVEKAA	7	10	58.838	48.155	0.200	0.2	112.517	0.009	1.013	1132.000	0.368	Relaxed	Pending
chr7-112342710-112342711-G-C		1			ZNF277	L445F	1	KQSSIFNQL	6	1	583.180	915.01	0.882	1.196	53.281	0.338	18.009	503.000	0.349	Relaxed	Pending
chr19-21536794-21536799-TAAGAG-T	4				ZNF429	FS248-249	1	STLTNHNSY	7	4	144.913	19994.994	0.420	26.0	16.356	0.176	2.879	74.000	0.345	Relaxed	Pending
chr16-85170614-85170615-C-T				1	GSE1	A364V	1	SRAAPVEGL	6	1	561.795	1294.295	0.820	1.9	36.626	0.345	12.636	55.000	0.492	Relaxed	Pending
chrX-40655057-40655058-G-T			1		MED14	F1325L	1	LELLPDQA	4	1	838.854	1054.037	1.100	1.0	19.124	1.000	19.124	144.000	1.000	Relaxed	Pending
chr2-53901384-53901385-G-C			1		PSME4	H1084D	1	AEKIDRQYET	5	1	751.770	797.505	0.960	0.8	59.242	0.265	15.699	593.000	0.303	Relaxed	Pending
chr9-35609475-35609476-C-T			2	1	TESK1	H539Y	1	AQYSLPRAA	3	3	580.639	539.03	0.977	0.898	9.452	1.000	9.452	96.000	1.000	Relaxed	Pending
chr20-23354058-23354059-C-G	1				NXT1	F6L	1	MASVDLKTY	6	1	824.715	411.113	1.800	1.6	37.468	0.416	15.587	514.000	0.323	Relaxed	Pending
chr19-16896604-16896605-C-G			1		CPAMD8	R1756P	1	EEGAAIAPC	8	1	467.370	1074.553	0.780	1.8	1.222	1.000	1.222	2.000	0.507	Relaxed	Pending
chr14-32600790-32600791-A-T	3		1		AKAP6	K910M	1	PMAEVQLCY	2	4	31.664	3170.065	0.250	3.3	3.055	0.250	0.764	8.000	0.592	LowExpr	Pending
chr6-32181195-32181196-G-T			2		AGER	L117M	1	AEMNQSEEPEA	3	2	128.870	342.105	0.200	0.47	2.285	0.375	0.857	8.000	0.346	LowExpr	Pending
chrX-153058184-153058185-C-T	1				PNMA3	A377V	1	SFDVRPSQGY	4	1	360.693	310.728	1.300	1.0	0.422	1.000	0.422	5.000	1.000	LowExpr	Pending
chr15-74280668-74280669-G-T			1		CCDC33	M297I	1	LEYYSSTSI	9	1	636.165	2295.485	0.670	2.3	0.164	1.000	0.164	1.000	0.679	LowExpr	Pending
chr11-46728135-46728136-T-C			1		F2	V424A	1	TENDLLARI	7	1	699.771	616.889	1.500	1.3	0.057	1.000	0.057	1.000	0.356	LowExpr	Pending
chr1-154590262-154590263-T-A		1	6		ADAR	E511V	2	AERMGFTVV	8	7	76.110	61.796	0.090	0.16	130.958	0.336	44.002	1219.000	0.391	Anchor	Pending
chrX-1419025-1419026-G-A	1	1			ASMTL	T445M	1	AMAFNLSRF	2	1	428.640	621.73	0.469	0.575	77.529	0.442	34.268	780.000	0.413	Anchor	Pending
chr2-216428741-216428742-C-G		1	1		SMARCAL1	L432V	1	KVVSNLMPF	2	2	74.624	84.598	0.077	0.072	14.745	0.506	7.461	178.000	0.417	Anchor	Pending
chrX-78015862-78015863-G-C			1		ATP7A	D870H	1	HESLITGEA	1	1	164.310	360.223	0.400	1.0	4.291	0.947	4.064	38.000	1.000	Anchor	Pending
chr9-120858190-120858191-G-A			1		PHF19	P499L	1	AELDGRCLS	8	1	915.626	495.471	1.600	1.1	48.509	0.447	21.684	103.000	0.418	Anchor	Pending
chr15-62819536-62819537-G-A		1			TLN2	E1179K	1	ILQKPTPKF	8	1	572.760	391.53	0.755	0.662	28.099	0.342	9.610	155.000	0.421	Anchor	Pending
chr18-6824790-6824791-A-C				1	ARHGAP28	N51T	1	TRMLSNESL	1	1	434.815	763.745	0.420	0.5	9.703	0.532	5.162	77.000	0.438	Anchor	Pending
chr10-132163376-132163377-C-G			1		JAKMIP3	R795G	1	GERMELLQLA	1	1	266.515	218.82	0.470	0.5	2.129	0.591	1.258	22.000	0.572	Anchor	Pending
chr7-82908982-82908983-C-G				1	PCLO	W4444S	1	LRREETDSF	8	1	541.270	628.94	1.800	2.04	4.631	0.594	2.751	32.000	0.511	Anchor	Pending
chr2-47806319-47806320-G-A	3		2		MSH6	D1255N	1	VENYSQNVA	3	5	66.513	332.806	0.260	0.7	75.882	0.310	23.523	335.000	0.241	Subclonal	Pending
chrX-1419095-1419096-G-A			1	1	ASMTL	P422S	1	SETRLRFMRA	1	2	104.095	2967.105	0.200	3.0	77.529	0.213	16.514	830.000	0.214	Subclonal	Pending
chr3-172353066-172353067-C-T	1	1	2		FNDC3B	P927S	1	LLSETTYRI	3	4	617.760	2469.769	0.618	1.65	93.152	0.317	29.529	927.000	0.261	Subclonal	Pending
chr16-58516554-58516555-G-A	2				SETD6	R185H	1	DLANIHSEY	6	2	103.731	277.9	0.590	1.0	12.639	0.337	4.259	98.000	0.269	Subclonal	Pending
chr22-41524890-41524891-G-C	1				ACO2	E510Q	1	TLKFNPQTDY	7	1	710.206	789.698	2.100	2.1	124.536	0.236	29.390	1480.000	0.287	Subclonal	Pending
chr2-669669-669670-C-T		2			TMEM18	M111I	1	MIIVVIWVW	6	2	591.800	611.5	0.491	0.527	59.215	0.302	17.883	1008.000	0.222	Subclonal	Pending
chr1-43432295-43432296-G-C		1		2	SZT2	G1710R	1	RRLHLPRHV	7	3	479.931	2414.979	0.750	3.3	31.664	0.340	10.766	97.000	0.146	Subclonal	Pending
chr5-145817966-145817967-A-G	1	3		1	PRELID2	C111R	1	AIRSHRLTW	6	4	219.320	220.56	0.390	0.35	7.704	0.366	2.820	82.000	0.200	Subclonal	Pending
chr6-70190343-70190344-G-C	2				COL19A1	K1019N	1	VSFEEINKY	7	2	536.891	1078.039	2.199	2.7	12.594	0.275	3.463	51.000	0.234	Subclonal	Pending
chr4-103145955-103145956-C-G			1		CENPE	R1429T	1	IEMLGLSKT	9	1	834.382	8114.151	1.400	7.8	32.427	0.230	7.458	378.000	0.119	Subclonal	Pending
chr2-236392010-236392011-C-T			1		IQCA1	E460K	1	RERKRPVKA	4	1	569.808	406.697	0.800	0.6	14.600	0.087	1.270	149.000	0.295	Subclonal	Pending
chr3-52395054-52395055-C-T			1		DNAH1	P3655L	1	IELQTANLSV	3	1	729.244	2660.151	0.940	3.3	3.078	0.571	1.758	14.000	0.163	Subclonal	Pending
chr17-82961144-82961145-G-C				1	B3GNTL1	L213V	1	FFYEHVRKG	6	1	859.306	1141.686	0.800	1.3	8.444	0.278	2.347	79.000	0.168	Subclonal	Pending
chr7-102317255-102317256-A-G				1	SH2B2	H462R	1	FRGTLSRV	2	1	943.696	7891.132	0.670	6.602	6.905	0.240	1.657	96.000	0.147	Subclonal	Pending
chr16-3745299-3745300-G-C	2				CREBBP	H1297Q	1	KMHQICVLQY	9	2	85.996	98.002	0.300	0.28	54.975	0.304	16.712	237.000	0.259	Poor	Pending
chr10-125729432-125729433-C-G	3	1			EDRF1	P290A	1	MAIFGGGRY	2	4	35.191	167.68	0.230	0.4	19.217	0.181	3.478	221.000	0.214	Poor	Pending
chr17-81239411-81239412-G-A		2		1	NDUFAF8	A17T	1	RVRSRLRTF	8	2	260.440	373.22	0.335	0.553	59.535	0.221	13.157	349.000	0.192	Poor	Pending
chr1-204125889-204125890-C-T	4				SOX13	S542L	1	QMSSLDVLY	5	4	10.785	19.094	0.110	0.2	2.743	0.105	0.288	19.000	0.159	Poor	Pending
chrX-77681732-77681733-T-C					ATRX	K1175E	0	SEKKAVIV	2	0	1330.389	29762.686	2.000	31.0	60.752	0.989	60.084	284.000	1.000	Poor	Pending
chr2-96145042-96145043-G-C			1	1	DUSP2	D104E	1	AELRPESPA	6	2	41.282	46.839	0.160	0.2	3.377	0.050	0.169	20.000	0.220	Poor	Pending
chr11-862686-862687-C-G					TSPAN4	I67M	0	MAMGFVGCL	3	0	1598.855	2936.77	2.500	5.1	74.066	0.998	73.918	517.000	1.000	Poor	Pending
chr5-14507134-14507135-C-T		1			TRIO	R375C	1	CLLDCVVRW	1	1	922.678	67.02	0.825	0.05	75.979	0.242	18.387	372.000	0.254	Poor	Pending
chr9-137255473-137255474-G-C					NELFB	G37R	0	GERAGDRAP	7	0	1287.922	1556.749	2.199	2.3	35.241	0.811	28.580	74.000	0.671	Poor	Pending
chr1-179109009-179109010-T-C					ABL2	T732A	0	TGFFAPRLI	5	0	1136.267	1199.551	2.100	1.9	51.614	0.385	19.871	26.000	0.431	Poor	Pending
chr17-80086142-80086143-G-C			3		CCDC40	E792D	1	DEQLASLDA	1	3	293.522	47.203	0.800	0.16	5.679	0.300	1.704	10.000	0.211	Poor	Pending
chr3-33053544-33053545-G-T					GLB1	S115R	0	SYNSAGRNI	7	0	1193.488	2347.02	1.400	3.7	82.811	0.243	20.123	791.000	0.202	Poor	Pending
chr2-190982493-190982494-G-C					STAT1	P491A	0	FLTPACARW	5	0	2054.820	2390.889	1.940	2.4	182.635	0.515	94.057	1462.000	0.581	Poor	Pending
chr15-49282070-49282071-G-T					GALK2	A186S	0	SEEGTAKLI	1	0	1350.478	625.225	2.000	1.2	24.278	1.000	24.278	180.000	1.000	Poor	Pending
chr2-71611503-71611504-C-G				1	DYSF	L1349V	1	LRNMKSYQV	9	1	158.255	174.595	0.437	0.39	0.123	1.000	0.123	2.000	1.000	Poor	Pending
chr11-64320894-64320895-T-C					PRDX5	F157L	0	RLLADPTGAL	10	0	2469.769	418.37	1.468	0.247	571.341	0.435	248.533	6287.000	0.407	Poor	Pending
chr20-4182496-4182497-C-A					SMOX	Q287K	0	VLKRKYTSF	5	0	1328.170	1017.046	0.821	0.777	34.587	0.536	18.539	455.000	0.582	Poor	Pending
chr19-16572288-16572289-C-G					SLC35E1	E6Q	0	ARQGARVAA	3	0	1988.561	1915.515	7.602	7.6	38.931	0.816	31.768	38.000	0.534	Poor	Pending
chr1-36179727-36179728-G-A					MAP7D1	E727K	0	KEKPIPQEP	3	0	1880.871	1720.406	4.500	4.1	96.110	0.294	28.256	1570.000	0.173	Poor	Pending
chr22-50177151-50177152-C-T					PANX2	S147F	0	ALGWEFLAF	9	0	1112.600	25140.907	0.666	16.973	11.074	1.000	11.074	118.000	1.000	Poor	Pending
chr3-171138369-171138370-G-T			1		TNIK	R448S	1	AEHEQEYKS	9	1	413.990	1410.591	0.780	2.9	4.056	0.133	0.539	15.000	0.255	Poor	Pending
chr16-75235678-75235679-C-G					BCAR1	S407T	0	VVDTGVYAV	4	0	1711.940	1696.758	8.203	7.8	35.477	0.577	20.470	281.000	0.613	Poor	Pending
chr22-50243800-50243801-T-C					TUBGCP6	H220R	0	FGALVRSRTY	6	0	1625.739	610.934	2.273	1.6	25.188	0.769	19.370	325.000	0.695	Poor	Pending
chr5-1814504-1814505-G-A					NDUFS6	R118H	0	MLGQPAHPH	7	0	2420.904	6625.74	3.400	7.4	76.672	0.500	38.336	6.000	0.392	Poor	Pending
chr17-29286059-29286060-C-G					NUFIP2	R645T	0	KEQRYQTGL	7	0	2344.059	3043.832	2.500	3.3	31.945	0.998	31.881	621.000	1.000	Poor	Pending
chr12-48693119-48693120-G-C					CCNT1	I698M	0	YLNPRSGGM	9	0	1868.185	2889.24	2.059	2.7	22.145	1.000	22.145	221.000	1.000	Poor	Pending
chr14-55180753-55180754-G-A					DLGAP5	S202L	0	KVVQPVMPTL	10	0	1233.280	13797.251	0.545	14.5	54.144	0.212	11.479	846.000	0.233	Poor	Pending
chr1-27793606-27793607-C-G					STX12	P88R	0	KELGSLRLP	7	0	2160.068	1360.254	4.102	3.5	27.526	1.000	27.526	413.000	1.000	Poor	Pending
chr7-155462475-155462476-A-G			2		EN2	Q264R	1	AEFRTNRYLT	4	2	371.485	242.276	0.800	0.474	0.417	0.429	0.179	14.000	0.224	Poor	Pending
chr5-1331835-1331836-C-A					CLPTM1L	K313N	0	SFWNKKKSM	4	0	3130.994	5890.775	4.898	8.1	177.033	0.358	63.378	1088.000	0.340	Poor	Pending
chr7-82916602-82916603-C-A				2	PCLO	D3795Y	1	YAKLRYLEM	1	2	571.615	4426.085	1.900	15.0	4.631	0.171	0.792	35.000	0.217	Poor	Pending
chr4-40808808-40808809-A-G				1	NSUN7	Y676C	1	SRMPTQHLC	9	1	414.059	85.275	0.310	0.14	0.410	0.333	0.137	6.000	0.596	Poor	Pending
chr19-5928080-5928081-C-G					RANBP3	E229Q	0	SEAADEEKQP	9	0	3043.581	2190.005	3.900	3.8	38.036	1.000	38.036	307.000	1.000	Poor	Pending
chr2-101308569-101308570-C-T					RNF149	E7K	0	RRKASVGARGV	3	0	2261.966	3480.262	3.000	6.317	39.182	0.544	21.315	252.000	0.484	Poor	Pending
chr5-134893641-134893642-T-C					TXNDC15	S248P	0	FLALDAPQH	7	0	3223.095	3817.245	4.031	4.5	44.664	0.995	44.441	440.000	1.000	Poor	Pending
chr17-7675087-7675088-C-T					TP53	R175H	0	TEVVRHCP	6	0	4497.990	6512.97	3.301	3.4	165.959	1.000	165.959	1364.000	1.000	Poor	Pending
chrX-9967396-9967397-G-A		1	1		CLDN34	V14I	1	SIFALTTIGW	2	2	446.280	359.47	0.230	0.24	0.013	1.000	0.013	1.000	0.941	Poor	Pending
chr1-16972417-16972418-C-G					CROCC	S2009C	0	QELRRSSAPFC	11	0	1828.556	2645.31	2.199	2.6	12.147	1.000	12.147	57.000	1.000	Poor	Pending
chr12-112043094-112043095-A-C					NAA25	S789R	0	RGLEDTMEI	1	0	3078.120	11486.431	3.699	9.8	24.917	1.000	24.917	188.000	1.000	Poor	Pending
chr6-3723707-3723708-C-G					PXDC1	E151Q	0	SEFPSQLEDG	6	0	1952.725	2692.963	3.100	3.3	23.425	0.527	12.345	402.000	0.442	Poor	Pending
chr19-35841840-35841841-C-A			2		NPHS1	G897C	1	TEHTYHQCG	8	2	685.930	1092.139	1.100	1.7	0.330	1.000	0.330	2.000	0.140	Poor	Pending
chr6-118491773-118491774-G-A					CEP85L	S348F	0	GEFEQKLAFT	9	0	1514.341	919.75	2.500	1.3	16.534	0.421	6.961	95.000	0.674	Poor	Pending
chr8-38428419-38428420-G-A					FGFR1	S117L	0	NVSDALPSL	9	0	5434.319	12987.564	5.102	26.0	168.185	0.999	168.017	1514.000	1.000	Poor	Pending
chr1-1336325-1336326-G-A					DVL1	S635L	0	SRGSSPRSQAL	11	0	3495.974	12804.685	1.181	17.842	26.768	1.000	26.768	266.000	1.000	Poor	Pending
chr1-36176446-36176447-G-A					MAP7D1	A330T	0	RSASTSPL	5	0	5419.300	5434.18	4.250	4.85	96.110	1.000	96.110	597.000	1.000	Poor	Pending
chr4-442067-442068-T-C				1	ZNF721	K788R	1	SSFAKHRRI	7	1	768.450	1450.351	0.900	2.8	11.019	0.038	0.419	52.000	0.054	Poor	Pending
chr16-2295600-2295601-C-G					ABCA3	E801D	0	AELSFILPRD	10	0	1335.658	966.021	2.000	1.6	6.252	0.635	3.970	85.000	0.564	Poor	Pending
chrX-154349376-154349377-C-G					FLNA	D2573H	0	SSFTVHCSK	6	0	6749.419	8474.181	8.273	13.05	723.597	0.998	722.150	5512.000	1.000	Poor	Pending
chr1-1049979-1049980-G-C					AGRN	E1608Q	0	RVLPQGGAQC	5	0	5446.220	5446.4	9.297	9.3	105.086	1.000	105.086	1479.000	1.000	Poor	Pending
chr9-129102403-129102404-T-C	1				CRAT	Y209C	1	CQFFELDVY	1	1	735.493	152.021	2.600	0.86	12.367	0.017	0.210	172.000	0.213	Poor	Pending
chr1-52961569-52961570-C-A					SCP2	A111D	0	DHPVAPQMFGY	1	0	4268.160	3309.817	2.900	2.9	54.808	0.523	28.665	214.000	0.533	Poor	Pending
chr2-102015965-102015966-C-T				1	IL1R2	T143I	1	ISYPQILIL	8	1	777.697	456.355	1.400	0.63	0.564	0.375	0.211	8.000	0.250	Poor	Pending
chr7-97006043-97006044-G-C					DLX6	E23Q	0	SSKSAFMQF	8	0	1069.830	1035.68	0.990	1.035	2.657	0.387	1.028	31.000	0.375	Poor	Pending
chr8-125102410-125102411-G-C					NSMCE2	L27F	0	GVESALSSF	9	0	3372.150	11613.791	3.551	11.5	80.618	0.237	19.106	1048.000	0.222	Poor	Pending
chr15-45133932-45133933-G-A					DUOX1	R43K	0	MEHKWGSKG	4	0	1211.599	1253.164	1.700	1.9	1.695	1.000	1.695	2.000	1.000	Poor	Pending
chr8-66813873-66813874-C-T					SGK3	A92V	0	FIKQRRVGL	7	0	1208.969	2282.62	2.021	3.123	2.750	0.571	1.570	7.000	0.278	Poor	Pending
chr20-41165771-41165772-C-G					PLCG1	S582C	0	CFLVRESETF	1	0	5123.630	4236.635	5.699	4.9	70.364	0.433	30.468	386.000	0.519	Poor	Pending
chr15-50643416-50643417-T-G					TRPM7	K153T	0	ELHPRITQL	7	0	2515.010	2551.67	2.600	3.2	29.363	0.433	12.714	402.000	0.289	Poor	Pending
chr7-92077866-92077867-G-C					AKAP9	D2313H	0	KITTHNKVI	5	0	3393.300	6589.922	3.650	6.55	43.842	0.399	17.493	233.000	0.357	Poor	Pending
chr7-77600798-77600799-C-T					PTPN12	H230Y	0	HEDVPICIYC	9	0	4446.550	5566.406	4.199	5.6	133.400	0.156	20.810	720.000	0.320	Poor	Pending
chr9-35750917-35750918-C-T					RGP1	T139I	0	VKYVYKLII	8	0	2947.104	1809.15	5.785	3.2	12.828	1.000	12.828	191.000	1.000	Poor	Pending
chr15-40622778-40622779-C-T					KNL1	P865S	0	FSKEKQNV	2	0	2265.324	13539.701	3.301	18.0	13.765	0.488	6.717	127.000	0.633	Poor	Pending
chr16-25246937-25246938-C-T					ZKSCAN2	E420K	0	FFKDMDALL	3	0	1469.265	2971.534	2.000	3.7	5.028	0.441	2.217	68.000	0.540	Poor	Pending
chr10-32567832-32567833-C-T					CCDC7	S454L	0	KETRKLLVS	6	0	1996.652	1671.176	2.699	2.9	21.439	0.219	4.695	228.000	0.286	Poor	Pending
chr12-31697921-31697922-G-T					AMN1	H118N	0	NEASLKRCC	1	0	1539.544	1902.734	2.199	2.2	15.428	0.162	2.499	74.000	0.329	Poor	Pending
chr9-37784015-37784016-T-A					EXOSC3	K124N	0	VTANSGDIF	4	0	3411.860	4564.06	3.900	4.65	30.510	0.514	15.682	245.000	0.475	Poor	Pending
chr20-59944225-59944226-A-G					FAM217B	S95G	0	KENADEDSAG	10	0	2469.289	2335.778	3.699	3.4	17.077	0.443	7.565	131.000	0.622	Poor	Pending
chr1-183880710-183880711-A-C		1			RGL1	Y209S	1	KLLDSLTRM	5	1	966.690	394.02	0.875	0.49	0.470	0.286	0.134	7.000	0.230	Poor	Pending
chrX-71378281-71378287-GAGATAT-G					TAF1	GDI347-349G	0	FSQSTGDKV	8	0	3070.838	14438.774	7.000	20.0	17.794	0.675	12.011	120.000	0.963	Poor	Pending
chr2-31366060-31366061-G-C					XDH	R791G	0	NRIVVGVKRM	6	0	3050.971	2349.515	2.000	2.428	9.944	1.000	9.944	84.000	1.000	Poor	Pending
chr19-12580947-12580948-G-A					ZNF490	S376F	0	GEAFKSSSF	9	0	2089.881	849.755	2.600	2.2	15.911	0.265	4.216	166.000	0.317	Poor	Pending
chr22-37631020-37631021-C-G					GGA1	P397A	0	ARPPQQPV	1	0	5412.245	16024.834	1.900	14.29	52.641	0.448	23.583	393.000	0.483	Poor	Pending
chr20-17659330-17659331-C-T					RRBP1	E393K	0	NQGKKVKGA	7	0	15310.576	12423.338	8.000	7.7	157.500	0.474	74.655	447.000	0.452	Poor	Pending
chr19-6755017-6755018-T-C					SH2D3A	E265G	0	AEEDEGEEN	6	0	2187.523	1879.947	4.801	5.6	4.078	1.000	4.078	4.000	1.000	Poor	Pending
chr2-175093191-175093192-C-G					ATF2	D352H	0	HEKRRKFLE	1	0	11919.838	19454.848	8.703	16.0	103.895	0.440	45.714	864.000	0.420	Poor	Pending
chrX-43656385-43656386-C-A					MAOA	D15E	0	SIAGHMFEV	8	0	1422.398	4946.66	5.102	7.4	0.623	1.000	0.623	2.000	1.000	Poor	Pending
chr1-223264671-223264672-G-C					SUSD4	L228V	0	AYLECLQNV	9	0	2401.267	2580.366	2.900	2.6	25.153	0.194	4.880	237.000	0.312	Poor	Pending
chr1-27359862-27359863-T-G					MAP3K6	I772L	0	HRDLKGDNV	4	0	3392.756	1148.258	2.400	3.1	31.615	0.309	9.769	301.000	0.322	Poor	Pending
chr14-32773880-32773881-G-T					AKAP6	M79I	0	KIGKESVSDAF	2	0	2077.174	1534.27	1.811	0.893	3.055	1.000	3.055	6.000	0.655	Poor	Pending
chr1-168179177-168179178-A-T					TIPRL	E34V	0	MKSADVVKL	7	0	5157.296	4532.154	7.398	7.8	57.351	0.302	17.320	930.000	0.227	Poor	Pending
chr2-61348284-61348285-C-G					USP34	D624H	0	EEHEDDDHG	3	0	5162.411	11829.614	7.602	16.0	49.066	0.346	16.977	583.000	0.258	Poor	Pending
chr8-123220221-123220221-A-AGGGCTAC					C8orf76	FS342	0	LGDCILRRI	0	0	8155.172	NA	15.000	NA	47.329	0.556	26.315	259.000	0.667	Poor	Pending
chr8-143795429-143795430-C-T					SCRIB	G1235D	0	RELSPEDPG	7	0	3498.041	2819.815	4.301	4.4	59.312	0.135	8.007	569.000	0.150	Poor	Pending
chr12-49526214-49526215-G-A					SPATS2	R533H	0	SFKKGLPQH	9	0	7756.854	17144.17	8.797	16.0	24.057	1.000	24.057	337.000	1.000	Poor	Pending
chr18-80138228-80138229-G-T					ADNP2	R939I	0	AIAVHLVRCI	10	0	6469.410	22267.65	5.449	25.5	19.828	0.958	18.995	119.000	1.000	Poor	Pending
chr22-37374977-37374978-G-A					ELFN2	P186L	0	CELAGNLFNC	7	0	1464.893	1705.492	1.800	1.9	0.911	0.316	0.288	19.000	0.148	Poor	Pending
chr8-132141242-132141243-C-G					KCNQ3	D451H	0	KLFTPLNVHAI	9	0	1254.560	2248.04	0.310	0.465	0.022	1.000	0.022	2.000	0.412	Poor	Pending
chr2-219471924-219471925-A-G					SPEG	Y1258C	0	AGVCKSVIA	4	0	9580.852	8433.636	6.398	8.669	69.774	0.392	27.351	125.000	0.211	Poor	Pending
chr19-14049194-14049195-C-T					IL27RA	A428V	0	QDVPPGTPA	3	0	2943.720	1800.661	4.602	2.3	13.985	0.301	4.209	196.000	0.230	Poor	Pending
chr5-179733118-179733119-C-G					MAML1	L3V	0	MVVPTCPMAEF	3	0	3272.123	2032.707	2.193	1.174	11.636	0.462	5.376	52.000	0.309	Poor	Pending
chr11-6401000-6401001-C-T					APBB1	A552T	0	YYLGNVPVT	9	0	3635.592	2357.17	7.539	4.2	6.866	1.000	6.866	82.000	1.000	Poor	Pending
chr11-6410863-6410864-C-T					APBB1	E162K	0	GEAEEEEKD	8	0	3743.879	2485.221	8.703	7.2	6.866	1.000	6.866	62.000	1.000	Poor	Pending
chr8-143805313-143805314-A-C					SCRIB	V823G	0	PENAGTITP	5	0	2734.352	2170.997	4.898	4.2	59.312	0.054	3.203	315.000	0.118	Poor	Pending
chr6-46662451-46662452-C-G					SLC25A27	Q154E	0	VEMQMEGKRKL	2	0	4222.856	29424.308	6.500	27.0	15.118	0.507	7.665	69.000	0.345	Poor	Pending
chr7-112821984-112821985-G-T					BMT2	T326K	0	KTKSDLVSRNY	3	0	3684.143	2780.633	5.500	3.5	35.242	0.183	6.449	224.000	0.133	Poor	Pending
chr6-43587456-43587457-G-A					POLH	G153D	0	IEGLPQDPT	7	0	2977.987	3031.477	3.400	3.0	13.321	0.293	3.903	239.000	0.217	Poor	Pending
chr18-80136551-80136552-C-T					ADNP2	P380L	0	LVNKSVGTSVL	1	0	8478.888	23896.97	8.547	27.5	19.828	1.000	19.828	139.000	1.000	Poor	Pending
chr3-56617278-56617279-G-C					CCDC66	E637Q	0	LQKENNRCN	2	0	16181.105	23248.536	14.000	39.0	25.791	1.000	25.791	133.000	0.955	Poor	Pending
chr4-48420360-48420361-A-G					SLAIN2	R533G	0	TAMGSGLPR	4	0	7947.620	10844.016	8.500	13.0	60.748	0.299	18.164	358.000	0.429	Poor	Pending
chr7-128815875-128815876-C-G					CCDC136	S1103C	0	SEEEEDDADC	10	0	2356.282	2591.061	4.898	5.4	5.120	0.263	1.347	38.000	0.228	Poor	Pending
chr9-4286160-4286161-G-T					GLIS3	Q89K	0	KMLTNGKPRF	1	0	1682.390	5453.24	0.505	3.35	2.958	0.050	0.148	20.000	0.178	Poor	Pending
chr20-10054508-10054509-G-C					ANKEF1	K694N	0	SEGNKVQKG	4	0	2509.041	2375.338	3.400	3.8	4.292	0.344	1.476	32.000	0.630	Poor	Pending
chr5-157743913-157743914-A-C					LSM11	N55T	0	CFNTVAEY	4	0	1928.121	2106.833	0.890	0.84	1.620	0.176	0.285	17.000	0.290	Poor	Pending
chr19-13765994-13765995-G-C					MRI1	R138T	0	TEDMLEKDLT	10	0	4861.945	18342.412	5.000	9.4	33.440	0.202	6.755	391.000	0.203	Poor	Pending
chr19-17052841-17052842-C-G					HAUS8	K304N	0	SELKDVTAKN	10	0	4520.045	7503.075	3.600	4.0	10.760	0.558	6.004	95.000	0.613	Poor	Pending
chr5-141332647-141332648-C-T					PCDHGA1	S655F	0	LFATVTLTV	2	0	2028.966	8022.438	3.500	14.0	0.354	0.500	0.177	6.000	0.667	Poor	Pending
chr7-157005551-157005552-G-A					MNX1	P392S	0	SEDDSPPSRP	8	0	2653.235	2299.627	5.500	5.1	19.455	0.040	0.778	101.000	0.060	Poor	Pending
chr1-86453473-86453474-G-A					CLCA2	G754E	0	LEVPAGPHP	2	0	2487.723	36247.859	6.102	66.0	0.525	1.000	0.525	2.000	0.510	Poor	Pending
chr19-6044262-6044263-G-C					RFX2	A37G	0	VQAGSSNPK	4	0	13998.395	15589.872	14.703	13.799	16.431	1.000	16.431	48.000	1.000	Poor	Pending
chr5-6714271-6714272-G-C					TENT4A	E97Q	0	AAQGARRL	3	0	10090.881	10238.904	13.000	14.0	33.158	0.439	14.556	41.000	0.407	Poor	Pending
chr1-150261628-150261629-G-A					CA14	G83S	0	NSHTVQLSL	2	0	2040.835	4849.408	5.301	15.0	0.140	0.500	0.070	4.000	0.314	Poor	Pending
chr8-22566400-22566401-G-C					SORBS3	R336P	0	YLGSAPSLS	6	0	6955.164	9245.347	13.000	17.0	23.826	0.376	8.959	202.000	0.423	Poor	Pending
chr9-137199427-137199428-T-A					TPRN	E226D	0	DEAEPAEGLRV	1	0	4449.553	3244.399	4.801	2.0	10.909	0.333	3.633	93.000	0.384	Poor	Pending
chr15-40622779-40622780-C-T					KNL1	P865L	0	FLKEKQNVKIW	2	0	5443.850	25659.58	5.301	35.0	13.765	0.488	6.717	127.000	0.625	Poor	Pending
chr2-72887694-72887695-G-A					SPR	R88Q	0	ALRELPQPK	7	0	7036.666	11555.94	12.148	15.95	13.695	0.607	8.313	84.000	0.452	Poor	Pending
chr15-43149136-43149137-G-C					TMEM62	W284C	0	LELEVGDCK	8	0	4702.848	5491.989	9.102	12.0	3.341	1.000	3.341	38.000	1.000	Poor	Pending
chrX-107601385-107601386-G-T					FRMPD3	S1149I	0	KRIKLEETSLV	3	0	2279.417	3902.688	2.000	2.8	0.133	0.500	0.067	4.000	0.462	Poor	Pending
chr9-137436071-137436072-C-T					ENTPD8	G331S	0	SQEDCAFDGVY	1	0	2406.120	4042.055	2.199	2.8	0.277	0.500	0.139	4.000	0.391	Poor	Pending
chr6-152325133-152325134-C-T					SYNE1	E4879K	0	VAQDQKKIL	6	0	4076.189	4698.51	6.000	8.8	6.762	0.286	1.934	7.000	0.331	Poor	Pending
chr22-26540809-26540810-G-T					TPST2	P274H	0	HEDLIGKHGG	8	0	7433.355	7272.905	14.000	13.0	28.964	0.210	6.082	371.000	0.193	Poor	Pending
chr8-143793072-143793073-G-A					SCRIB	P1307L	0	GQQPPSLPS	7	0	11761.659	11904.253	8.297	8.7	59.312	0.129	7.651	637.000	0.083	Poor	Pending
chr3-186164997-186164998-C-T					DGKG	E706K	0	LSDQLLKVV	7	0	4161.532	2990.116	5.801	8.1	0.633	1.000	0.633	2.000	0.593	Poor	Pending
chr7-27130623-27130624-C-T					HOXA4	G37D	0	GGPDGGPGY	4	0	5038.820	5061.965	4.000	4.0	1.730	0.375	0.649	16.000	0.303	Poor	Pending
chr12-132053415-132053416-C-A					EP400	P2516Q	0	QPPQQPPPPLP	1	0	30576.178	41276.99	55.000	74.0	7.163	0.750	5.372	16.000	0.563	Poor	Pending
chr16-87417563-87417564-G-C					ZCCHC14	L290V	0	ILMPSSVQTP	7	0	8297.380	8758.623	12.000	11.4	12.924	0.243	3.141	152.000	0.164	Poor	Pending
chr16-49281350-49281351-C-T					CBLN1	D39N	0	LEGKCLVVCN	10	0	5071.918	5329.09	6.199	6.007	0.732	0.400	0.293	5.000	0.293	Poor	Pending
chrX-68717715-68717716-G-A					STARD8	G188S	0	SGSGANTRKAW	1	0	8889.000	15555.6	13.000	20.0	2.324	1.000	2.324	3.000	1.000	Poor	Pending
chrX-15355261-15355262-C-T					VEGFD	E177K	0	TSVPKLVPV	5	0	6120.570	9822.001	6.242	10.347	0.689	1.000	0.689	5.000	1.000	Poor	Pending
chr17-81902392-81902393-G-T					NPB	R39L	0	SSYSVGLAAGL	7	0	5446.840	6218.173	3.678	4.9	0.867	0.350	0.303	100.000	0.476	Poor	Pending
chr7-100127572-100127573-G-C					MBLAC1	E60Q	0	HRQSPRGSG	3	0	12784.144	17306.065	13.234	17.842	2.324	0.385	0.895	13.000	0.384	Poor	Pending
chrX-9937278-9937279-G-C					SHROOM2	D1245H	0	LEKHQIKTLS	4	0	9323.535	9436.912	6.500	6.0	0.621	1.000	0.621	4.000	1.000	Poor	Pending
chr3-184239802-184239803-C-T					VWA5B2	A618V	0	QVPRCHVVI	2	0	6475.064	9346.083	5.352	14.45	0.085	1.000	0.085	1.000	0.529	Poor	Pending
chr17-7588499-7588500-G-C					SOX15	Q194E	0	LEAPSPCSLPE	11	0	9343.930	9235.254	6.898	7.3	0.571	0.600	0.343	10.000	0.795	Poor	Pending
chr2-219514658-219514659-C-A					ASIC4	P106T	0	GRATGLLA	4	0	12835.515	16831.28	17.000	7.8	0.737	0.571	0.421	7.000	0.203	Poor	Pending
chr22-37570267-37570268-C-G					LGALS2	E132Q	0	NMSSFKLKQ	9	0	8035.339	10549.743	8.500	13.0	0.069	0.222	0.015	9.000	0.517	Poor	Pending
chr6-29374537-29374538-G-C	7				OR12D3	F250L	1	HFMVVCLLY	8	7	7.215	11.27	0.070	0.1	0.007	0.000	0.000	0.000	0.308	NoExpr	Pending
chr2-120978518-120978519-A-G			1	2	GLI2	K485R	1	FRAQYMLVV	2	3	22.305	695.919	0.046	1.9	0.024	0.000	0.000	0.000	0.092	NoExpr	Pending
chr18-60371739-60371740-T-G	6	1			MC4R	M204L	1	LLALMASLY	1	6	28.452	10.523	0.100	0.027	0.000	0.000	0.000	0.000	1.000	NoExpr	Pending
chr22-46257698-46257699-G-A	8				PKDREJ	T1875I	1	YSYGLLHIY	8	8	29.074	23.75	0.100	0.09	0.021	0.000	0.000	1.000	0.263	NoExpr	Pending
chr8-64581002-64581045-AGGGGGCAGGGCTGCTGTTGCCGCCGCCTGGAGGAGGCGGCGGC-A			6		BHLHE22	FS71-85	1	REVAAAAAA	0	6	33.473	NA	0.050	NA	0.011	0.000	0.000	0.000	0.069	NoExpr	Pending
chr20-59301546-59301547-G-T			2		EDN3	G64W	1	GEWTVAPTA	3	2	42.900	80.962	0.160	0.3	0.011	0.000	0.000	0.000	0.153	NoExpr	Pending
chr10-60186848-60186849-G-T	3		3		ANK3	L651M	1	MEYGADANA	1	6	51.332	157.136	0.190	0.43	0.179	0.000	0.000	0.000	0.162	NoExpr	Pending
chr11-59364558-59364559-T-A	3	1	1		OR5AN1	V34E	1	VLFTIFLEIY	8	5	53.387	63.505	0.280	0.2	0.158	0.000	0.000	0.000	0.255	NoExpr	Pending
chr19-8955983-8955984-G-A		1			MUC16	S6929F	1	STMGHTTVF	9	1	57.310	13632.24	0.060	7.151	0.003	0.000	0.000	0.000	0.581	NoExpr	Pending
chr2-222689427-222689428-G-T	4	1			MOGAT1	W146L	1	YLHVLPLLF	8	4	62.474	373.758	0.380	1.7	0.107	0.000	0.000	2.000	0.408	NoExpr	Pending
chr20-2312957-2312958-C-T				1	TGM3	R201C	1	FRCDAATDV	3	1	64.681	51.93	0.280	0.194	0.000	0.000	0.000	0.000	0.594	NoExpr	Pending
chr16-25221522-25221523-G-C	2				AQP8	M109I	1	LNLVILLPY	5	2	67.052	74.412	0.400	0.4	0.000	0.000	0.000	0.000	0.296	NoExpr	Pending
chr11-124319973-124319974-G-A	1	1		1	OR8D2	S75F	1	SFIDLCYSF	9	2	72.408	2258.116	0.280	3.3	0.000	0.000	0.000	0.000	1.000	NoExpr	Pending
chr14-91235009-91235029-GGTACAGCTCATCGAGGAGTT-G	2			6	GPR68	FS8-14	1	VRAAARQLV	0	8	73.376	NA	0.200	NA	0.182	0.000	0.000	36.000	0.125	NoExpr	Pending
chr12-10159995-10159996-G-C	1		1	1	OLR1	Q236E	1	SETYPSGTCA	2	3	75.429	3711.733	0.200	2.901	0.371	0.000	0.000	0.000	0.158	NoExpr	Pending
chr5-150120064-150120065-G-A	1	3			PDGFRB	T882I	1	SIFNSLYTI	9	4	84.082	5447.49	0.057	3.693	0.289	0.000	0.000	6.000	0.500	NoExpr	Pending
chr8-125436371-125436372-CC-TT	4	1			TRIB1	S340F	1	WFEFVLEPGY	4	4	107.970	111.208	0.500	0.454	80.412	0.000	0.000	0.000	0.116	NoExpr	Pending
chr15-69049033-69049034-G-C	1		1		NOX5	D641H	1	LEMHQAEEA	4	2	116.011	142.262	0.300	0.3	0.180	0.000	0.000	0.000	0.406	NoExpr	Pending
chr7-140024672-140024681-TCAAAGATCA-T	1				PARP12	VIFE662-665E	1	SIFEKHQVY	4	1	126.800	144.03	0.800	1.0	32.905	0.000	0.000	259.000	0.117	NoExpr	Pending
chr11-56542446-56542447-T-C		1	5		OR5M11	K271E	1	SEIIAVFYT	2	6	132.820	14332.977	0.386	14.0	0.000	0.000	0.000	0.000	0.255	NoExpr	Pending
chr17-3433668-3433669-G-T	2	1			OR1E2	P58H	1	HLHTHVYLF	5	2	133.590	162.24	0.150	0.353	0.000	0.000	0.000	2.000	0.311	NoExpr	Pending
chr3-39188114-39188115-A-T		1			XIRP1	L444H	1	KTFKNHFETL	6	1	165.050	196.37	0.076	0.072	0.042	0.000	0.000	0.000	0.580	NoExpr	Pending
chr2-110933496-110933497-G-A			2	3	ACOXL	G305E	2	AEALLDEDV	2	5	185.903	15206.066	0.600	19.0	0.298	0.000	0.000	0.000	1.000	NoExpr	Pending
chr5-136274698-136274699-C-T	3				TRPC7	A307T	2	GLPFLAITY	8	3	192.235	144.452	0.990	0.75	0.005	0.000	0.000	0.000	0.389	NoExpr	Pending
chr3-38698510-38698511-G-A	2	2			SCN10A	T1570M	1	QSYFSPMLF	7	3	194.230	444.0	0.413	0.751	0.004	0.000	0.000	0.000	0.233	NoExpr	Pending
chr19-8969814-8969831-ACGTGGAATTTCCTTGTG-A	2			3	MUC16	FS3175-3180	1	HRNHITNQV	0	5	212.282	NA	0.570	NA	0.003	0.000	0.000	0.000	0.913	NoExpr	Pending
chr11-123943666-123943667-G-C		1			OR6T1	Q58E	1	RLHIEMYFF	5	1	230.000	134.13	0.318	0.302	0.000	0.000	0.000	0.000	0.409	NoExpr	Pending
chr3-122927970-122927971-G-C	2	1			SEMA5B	I165M	1	KMNGVARCPY	2	2	233.670	869.911	0.800	2.2	0.187	0.000	0.000	0.000	1.000	NoExpr	Pending
chr6-33723019-33723020-CA-TG	2				IP6K3	SV311-312SI	1	SIIRSQSSY	2	2	255.360	159.475	1.300	0.8	0.009	0.000	0.000	0.000	0.722	NoExpr	Pending
chr21-30755335-30755336-C-T	2				KRTAP21-1	G15S	1	YGSSCGCGY	4	2	256.025	300.112	1.400	1.3	0.000	0.000	0.000	0.000	0.500	NoExpr	Pending
chr14-70060889-70060890-C-G		1	1		SLC8A3	E612Q	1	YERQQNFFIA	5	2	257.402	172.575	0.330	0.32	0.023	0.000	0.000	0.000	1.000	NoExpr	Pending
chr1-22660990-22660991-G-A		1		1	C1QB	A123T	1	ITFSATRTI	2	1	263.050	1864.72	0.377	1.478	0.000	0.000	0.000	0.000	1.000	NoExpr	Pending
chr17-4818361-4818376-TGGACAGAATCCTGAA-T	2				PLD2	VDRILK662-667V	1	IVAHKQGWCY	3	2	268.160	5002.411	0.770	3.37	36.038	0.000	0.000	311.000	0.203	NoExpr	Pending
chr8-132948805-132948806-C-G				1	TG	P1755R	1	SRSVLLCNV	2	1	274.465	30315.68	1.400	47.0	0.759	0.000	0.000	0.000	1.000	NoExpr	Pending
chr6-122781239-122781240-C-G				1	FABP7	P132A	1	FSSAHTSHL	4	1	282.405	115.65	0.420	0.21	0.310	0.000	0.000	0.000	0.377	NoExpr	Pending
chr17-45119014-45119029-TAGACGGTCGTTGTTG-T			1		PLCD3	SNNDRL233-238S	1	KECDHSEGA	7	1	287.611	6773.136	0.630	6.5	28.285	0.000	0.000	0.000	1.000	NoExpr	Pending
chr7-132508196-132508197-C-A			2		PLXNA4	S166I	1	NEIGSVFGV	3	2	315.684	319.741	0.560	0.74	0.590	0.000	0.000	2.000	0.326	NoExpr	Pending
chr3-58210851-58210852-G-C		1			DNASE1L3	L19V	1	AVAMRICSF	2	1	326.850	346.189	0.834	0.527	0.273	0.000	0.000	0.000	1.000	NoExpr	Pending
chr17-41771694-41771736-GTGTACTGGCGCCCGCAGGCCTCATCCTCCTCCATGATGCCCT-G	1				JUP	KGIMEEDEACGRQYT40-54T	1	STLKKTTTY	2	1	370.972	65.863	1.400	0.6	7.391	0.000	0.000	3.000	0.280	NoExpr	Pending
chr14-23425383-23425384-T-G			1		MYH7	E774A	1	AEMRDERLS	1	1	414.521	1287.734	1.100	2.3	0.005	0.000	0.000	0.000	0.180	NoExpr	Pending
chr1-22576425-22576426-C-A	2				EPHA8	N123K	1	GTCKETFKLYY	8	2	414.669	229.772	0.700	0.6	0.001	0.000	0.000	0.000	0.275	NoExpr	Pending
chr5-115130597-115130604-ACTAACTG-A		1		2	TRIM36	FS607-609	1	VRMPVLIL	0	3	435.525	NA	0.400	NA	1.186	0.000	0.000	0.000	1.000	NoExpr	Pending
chr6-29174125-29174126-C-T		4			OR2J2	T164I	1	ALHSSFIFW	7	4	442.720	176.12	0.500	0.36	0.037	0.000	0.000	0.000	0.263	NoExpr	Pending
chr3-130409352-130409353-G-T	1				COL6A5	G1503W	1	GSRGAPWQY	7	1	443.995	1107.305	1.700	2.6	0.001	0.000	0.000	0.000	0.564	NoExpr	Pending
chr11-64593669-64593670-G-C	2	1		1	SLC22A12	V199L	1	LMTLNSLGF	1	4	463.644	438.972	1.600	1.6	0.000	0.000	0.000	0.000	0.132	NoExpr	Pending
chr6-29174071-29174072-T-C		2			OR2J2	V146A	1	AAASWVIGF	1	2	483.460	709.59	0.881	1.127	0.037	0.000	0.000	0.000	0.609	NoExpr	Pending
chr13-25541936-25541937-G-C				1	ATP8A2	D184H	1	TAHMQTREV	3	1	528.340	792.81	1.000	1.3	0.062	0.000	0.000	0.000	0.230	NoExpr	Pending
chr1-66834005-66834006-C-G				1	WDR78	G626R	1	KRLDCYDLM	2	1	552.880	19994.596	0.970	25.0	7.262	0.000	0.000	0.000	0.500	NoExpr	Pending
chr6-30986467-30986468-T-C		1	2		MUC21	V98A	1	SEFSTASSGI	6	3	557.875	495.652	0.530	0.5	0.136	0.000	0.000	0.000	0.698	NoExpr	Pending
chr14-94463231-94463232-G-T		1			SERPINA9	T290N	1	ATAATTNKF	7	1	569.670	634.72	0.470	0.48	0.036	0.000	0.000	0.000	0.424	NoExpr	Pending
chr11-58190707-58190708-A-T				1	OR9Q2	Y73F	1	FSSAIIPQM	1	1	593.040	532.145	2.500	2.7	0.008	0.000	0.000	0.000	0.558	NoExpr	Pending
chr11-63290369-63290370-G-A			1		SLC22A10	E69K	1	NETGILSKDA	8	1	611.375	386.503	0.850	0.68	0.021	0.000	0.000	0.000	0.632	NoExpr	Pending
chr7-87424004-87424005-A-C		2			ABCB4	N704K	1	KLKKTEWPY	3	2	657.170	236.61	0.340	0.162	0.045	0.000	0.000	0.000	0.239	NoExpr	Pending
chr15-94399982-94399983-G-T				1	MCTP2	K651N	1	SRNLSKKIL	3	1	667.361	970.516	0.400	0.54	0.154	0.000	0.000	0.000	0.167	NoExpr	Pending
chr14-39247882-39247883-G-C		1			MIA2	D437H	1	KIIETEHQI	7	1	680.120	1884.439	0.575	2.25	42.416	0.000	0.000	0.000	0.959	NoExpr	Pending
chr6-29726903-29726904-AA-CT	1				HLA-F	N353L	1	YSVVSGLLM	7	1	688.260	3512.528	2.301	5.6	76.840	0.000	0.000	0.000	0.579	NoExpr	Pending
chr6-32154694-32154695-C-A			2	1	PPT2	A34E	1	RESYKPVIVV	2	3	727.044	22499.63	0.490	24.0	18.470	0.000	0.000	10.000	0.608	NoExpr	Pending
chr10-115241629-115241630-G-A			1		ATRNL1	G531E	1	NEAMLIFGG	2	1	764.315	27414.162	1.200	40.0	0.270	0.000	0.000	0.000	0.366	NoExpr	Pending
chr4-110559663-110559664-G-C				1	ENPEP	R887T	1	NRYTLNNTNL	8	1	766.820	622.093	0.448	0.583	0.033	0.000	0.000	0.000	0.275	NoExpr	Pending
chrX-141003559-141003560-C-G			1		SPANXB1	L74V	1	EELVNDHA	4	1	780.889	796.971	0.747	0.692	0.000	0.000	0.000	0.000	0.861	NoExpr	Pending
chr1-204986102-204986103-C-G			2		NFASC	T923S	1	KEFTSPEGV	5	2	795.956	826.173	2.801	2.9	1.022	0.000	0.000	0.000	0.700	NoExpr	Pending
chr6-29726902-29726903-A-C		1			HLA-F	N353H	1	VVSGHLMITW	5	1	812.050	1159.01	0.650	0.7	76.840	0.000	0.000	6.000	0.523	NoExpr	Pending
chr2-26458127-26458128-A-G		1			OTOF	I1202T	1	KTVLALLGL	2	1	865.240	2560.54	0.910	2.0	0.303	0.000	0.000	0.000	0.985	NoExpr	Pending
chr15-44767453-44767453-T-TC			1		TRIM69	FS395	1	SEGQLSSNS	0	1	880.756	NA	1.900	NA	21.690	0.000	0.000	6.000	0.367	NoExpr	Pending
chr17-11784434-11784435-G-C	1				DNAH9	D2653H	1	PLIHLALAF	4	1	955.433	615.626	2.100	1.8	0.063	0.000	0.000	0.000	0.286	NoExpr	Pending
chr1-207623001-207623002-C-G	1				CR1	S2429C	1	GTLCGTIFF	4	1	966.865	587.027	2.699	1.8	0.140	0.000	0.000	0.000	0.292	NoExpr	Pending
chr1-227091907-227091908-T-G			1		CDC42BPA	K778T	1	EENKTLTSEL	5	1	967.654	1574.449	1.500	2.4	37.749	0.000	0.000	306.000	0.314	NoExpr	Pending
chr6-32154608-32154609-C-G		1			PPT2	C11W	1	KSCGSMLGLW	10	1	993.700	11966.497	0.455	11.1	18.470	0.000	0.000	7.000	0.683	NoExpr	Pending
chr6-29726903-29726904-A-T					HLA-F	N353I	0	VVSGILMITW	5	0	1003.720	1159.01	0.779	0.7	76.840	0.000	0.000	6.000	0.553	NoExpr	Pending
chr1-45058674-45058675-G-A					ZSWIM5	L396F	0	FVADPRFTL	7	0	1010.045	567.414	1.300	0.67	0.627	0.000	0.000	0.000	0.301	NoExpr	Pending
chr11-5968293-5968294-G-C					OR56A5	S67R	0	YYLLRLLSL	5	0	1025.500	3356.741	1.400	3.2	0.000	1.000	0.000	2.000	1.000	NoExpr	Pending
chr1-37721680-37721681-G-T					EPHA10	L709M	0	FDHSHIVRM	9	0	1041.560	1378.99	1.900	1.9	0.071	0.000	0.000	0.000	0.392	NoExpr	Pending
chr9-113369791-113369792-G-A					BSPRY	A287T	0	SFQNGLHTW	8	0	1119.220	1362.113	0.670	1.08	0.141	0.000	0.000	0.000	0.361	NoExpr	Pending
chr1-59858482-59858483-C-T					HOOK1	S433L	0	NEELRCLQV	7	0	1163.933	1124.91	2.100	2.5	0.209	0.000	0.000	0.000	0.391	NoExpr	Pending
chr10-13481023-13481024-C-G					BEND7	R261T	0	LFTKLVCAFF	3	0	1165.544	2307.53	2.070	3.2	0.094	0.000	0.000	0.000	1.000	NoExpr	Pending
chr1-151831099-151831100-C-T					RORC	G21R	0	RERQNVRPSLA	3	0	1182.329	1131.398	0.986	0.83	0.267	0.000	0.000	0.000	0.314	NoExpr	Pending
chr11-70087776-70087777-C-T					ANO1	P17L	0	LDAECKYGLY	1	0	1185.833	4118.842	2.000	4.1	0.790	0.000	0.000	0.000	0.139	NoExpr	Pending
chr16-74391670-74391671-C-T					NPIPB15	P308L	0	KEYLLVPLPL	10	0	1233.521	1038.218	0.980	2.2	3.085	0.000	0.000	64.000	0.418	NoExpr	Pending
chr2-160107761-160107762-T-A					ITGB6	I729F	0	CFWKLLVSF	2	0	1279.565	3781.711	3.100	5.1	0.081	0.000	0.000	0.000	0.299	NoExpr	Pending
chrX-7843975-7843976-C-T					VCX	P174L	0	VEEPLSQES	5	0	1326.576	2515.045	2.500	3.7	0.000	0.000	0.000	0.000	0.995	NoExpr	Pending
chr9-81992222-81992223-C-G					SPATA31D1	Q585E	0	SLAQPESPF	6	0	1332.954	536.58	1.303	0.773	0.000	1.000	0.000	2.000	0.565	NoExpr	Pending
chr3-183179682-183179683-G-A					MCF2L2	L1039F	0	SSALSLAGF	9	0	1347.350	5481.86	1.705	4.614	0.445	0.000	0.000	0.000	0.333	NoExpr	Pending
chr11-193734-193735-G-A					SCGB1C1	D27N	0	NEFFMDFLQT	1	0	1349.742	4064.369	1.700	3.1	0.000	0.000	0.000	4.000	0.172	NoExpr	Pending
chr13-25541937-25541938-A-T					ATP8A2	D184V	0	TAVMQTREV	3	0	1410.655	792.81	3.801	1.3	0.062	0.000	0.000	0.000	0.230	NoExpr	Pending
chr19-50625545-50625546-G-A					SYT3	S474F	0	FSDPYVKAF	9	0	1417.643	4654.359	1.600	4.7	0.000	0.000	0.000	0.000	0.548	NoExpr	Pending
chr21-43172070-43172071-G-C					CRYAA	D105H	0	NERQHDHGYIS	5	0	1431.665	1737.232	2.199	3.0	0.000	0.000	0.000	0.000	0.583	NoExpr	Pending
chr2-201835739-201835740-A-C					CDK15	E225D	0	DALLGATDY	8	0	1453.760	1102.93	2.600	1.9	0.267	0.000	0.000	0.000	0.407	NoExpr	Pending
chr6-29943483-29943484-AC-CG					HLA-A	T187R	0	YLDGRCVEW	5	0	1485.268	1196.259	1.360	1.09	340.801	0.000	0.000	0.000	0.666	NoExpr	Pending
chr17-10499040-10499041-G-A					MYH1	S1306L	0	QLLRGKQAF	3	0	1485.770	3381.54	1.308	2.25	0.009	0.000	0.000	0.000	1.000	NoExpr	Pending
chr1-16006133-16006134-G-T					SRARP	G100W	0	LTRVTPMGW	9	0	1525.890	22248.564	1.400	27.0	0.131	0.000	0.000	0.000	1.000	NoExpr	Pending
chr13-37746421-37746422-C-T					TRPC4	E138K	0	ILLDKQFSKF	9	0	1532.830	1446.55	0.850	0.87	0.050	0.000	0.000	0.000	0.443	NoExpr	Pending
chr22-37723212-37723213-GA-G					TRIOBP	FS219	0	GEKAGCPWS	0	0	1589.628	NA	1.620	NA	37.038	0.000	0.000	5.000	0.201	NoExpr	Pending
chr1-119895935-119895936-C-T					ADAM30	R134Q	0	CMGGLQGVF	6	0	1691.190	1728.185	2.150	2.3	0.020	0.000	0.000	0.000	0.181	NoExpr	Pending
chr7-117548739-117548740-G-T					CFTR	G437C	0	FFSNFSLLC	9	0	1740.440	1375.58	1.900	2.5	2.301	0.000	0.000	0.000	0.182	NoExpr	Pending
chr13-25541937-25541938-GA-CT					ATP8A2	D184L	0	IRQGLSHTAL	10	0	1743.110	25171.981	0.789	36.0	0.062	0.000	0.000	0.000	0.250	NoExpr	Pending
chr7-151181249-151181250-C-T					ASB10	D265N	0	VRCQSITNA	8	0	1743.540	2275.96	2.199	2.0	0.000	0.000	0.000	0.000	0.159	NoExpr	Pending
chr5-23521053-23521054-C-G					PRDM9	S128C	0	FSNECSLKEL	5	0	1842.065	1512.25	1.700	0.9	0.054	0.000	0.000	0.000	0.528	NoExpr	Pending
chr15-84036950-84036951-A-T					ADAMTSL3	I1645F	0	VQKKKPFSW	7	0	1846.580	3562.03	1.750	4.35	3.161	0.000	0.000	0.000	0.286	NoExpr	Pending
chr1-36179727-36179728-GG-AA					MAP7D1	EE726-727EK	0	KEKPIPQEP	3	0	1880.871	1720.406	4.500	4.1	96.110	0.000	0.000	0.000	0.217	NoExpr	Pending
chr7-122013415-122013416-A-G					PTPRZ1	N1457S	0	RESQEKVMS	9	0	2005.170	5467.288	4.301	6.5	0.944	0.000	0.000	0.000	0.193	NoExpr	Pending
chr1-203347717-203347718-G-C					FMOD	H185D	0	RELHLDDNQIS	7	0	2137.232	1615.85	2.100	1.5	0.005	0.000	0.000	0.000	0.226	NoExpr	Pending
chr2-106830076-106830077-G-C					ST6GAL2	S436C	0	KIQPNPPSCGF	9	0	2289.621	2664.091	0.590	0.72	0.083	0.000	0.000	0.000	0.353	NoExpr	Pending
chr11-78658211-78658212-G-T					TENM4	A2719D	0	GEEGLRDWT	7	0	2344.590	794.105	2.400	1.3	0.149	0.000	0.000	0.000	0.077	NoExpr	Pending
chr6-10801907-10801908-C-G					MAK	R272P	0	TEMLNWDPKKP	11	0	2352.718	8163.554	1.620	4.6	0.034	0.000	0.000	1.000	0.609	NoExpr	Pending
chr4-176120051-176120052-AG-GA					WDR17	KV188-189KI	0	HTHQKGKIV	8	0	2657.255	2338.375	3.199	2.8	0.588	0.000	0.000	0.000	0.563	NoExpr	Pending
chr4-176120051-176120052-G-A					WDR17	V189I	0	HTHQKGKIV	8	0	2657.255	2338.375	3.199	2.8	0.588	0.000	0.000	1.000	0.561	NoExpr	Pending
chr8-23368189-23368210-TGGCCACGTTGGCGGGGGCCTG-T					LOXL2	QAPANVA48-54-	0	YHQPKIQLRL	5	0	2728.430	20080.77	5.418	16.501	107.254	0.000	0.000	173.000	0.683	NoExpr	Pending
chr6-43283594-43283595-A-T					TTBK1	E952V	0	VEFSAGGEL	1	0	2739.999	1490.669	4.199	2.6	0.015	0.000	0.000	0.000	0.306	NoExpr	Pending
chr7-47833094-47833095-G-A					PKD1L1	T2111I	0	KSHCCPPHI	9	0	2751.985	18742.935	2.699	31.5	0.812	0.000	0.000	0.000	0.254	NoExpr	Pending
chr6-32166732-32166733-G-A					EGFL8	R86K	0	MWREVKREV	6	0	2831.510	1765.961	5.500	2.8	7.458	0.000	0.000	0.000	0.667	NoExpr	Pending
chr19-14049195-14049196-CC-TT					IL27RA	A428V	0	QDVPPGTPA	3	0	2943.720	1800.661	4.602	2.3	13.985	0.000	0.000	0.000	0.256	NoExpr	Pending
chr17-78484882-78484883-A-T					DNAH17	M2545K	0	RQHKDHRHW	4	0	3167.617	2751.985	3.926	3.055	0.140	0.000	0.000	2.000	0.222	NoExpr	Pending
chr2-49020158-49020159-C-T					FSHR	E76K	0	KISQNDVLEVI	1	0	3380.076	18754.904	1.936	18.5	0.000	0.000	0.000	0.000	0.278	NoExpr	Pending
chr4-121932625-121932626-C-A					TRPC3	C138F	0	TLSPFEQEL	5	0	3541.898	3408.95	4.602	4.2	0.050	0.000	0.000	0.000	0.184	NoExpr	Pending
chr14-24068642-24068643-G-A					CARMIL3	E1248K	0	KEEKEGTLFP	1	0	3676.092	2462.668	4.602	3.3	1.633	0.000	0.000	25.000	0.283	NoExpr	Pending
chr19-13931970-13931971-A-G					PODNL1	F523L	0	LLRANRLHM	1	0	3761.579	1157.316	7.164	2.772	7.453	0.000	0.000	18.000	0.272	NoExpr	Pending
chr6-32223881-32223881-T-TAGCAGC					NOTCH4	L16LLL	0	LLLLLLLLL	9	0	3852.573	7483.75	4.102	9.764	1.309	0.000	0.000	2.000	0.244	NoExpr	Pending
chr2-94874875-94874876-T-A					TEKT4	C272S	0	LRVLVDSIL	7	0	3929.407	5776.806	6.102	9.7	0.626	0.000	0.000	0.000	0.523	NoExpr	Pending
chr11-92982014-92982015-G-T					MTNR1B	W264C	0	IFAICCAPL	6	0	3950.365	3102.384	4.801	4.9	0.000	0.000	0.000	0.000	0.508	NoExpr	Pending
chr18-63400636-63400637-G-T					VPS4B	A184D	0	LDKAVATEA	2	0	4642.141	10363.378	7.199	12.0	27.598	0.000	0.000	387.000	0.148	NoExpr	Pending
chr6-55351464-55351465-G-C					GFRAL	D195H	0	AFCDCAQSH	9	0	4713.925	22449.228	7.000	30.0	0.045	0.000	0.000	0.000	0.568	NoExpr	Pending
chrX-32389609-32389610-C-T					DMD	R1470H	0	HLQESKMIL	1	0	4843.270	562.16	5.023	0.971	0.353	0.000	0.000	0.000	1.000	NoExpr	Pending
chr1-196995755-196995756-A-G					CFHR5	N216S	0	LSSGEVKEI	3	0	5062.636	3561.4	3.500	2.0	0.000	0.000	0.000	0.000	0.245	NoExpr	Pending
chr1-160876800-160876801-C-T					ITLN1	G269R	0	TEHHCIGGRG	9	0	5135.531	3227.244	6.301	5.4	0.000	0.000	0.000	0.000	0.311	NoExpr	Pending
chr4-5988666-5988667-T-A					C4orf50	M1127L	0	REHLQGKAKL	10	0	5147.706	7818.116	3.699	3.5	0.025	0.000	0.000	0.000	0.978	NoExpr	Pending
chr6-31111866-31111867-TG-CA					C6orf15	PK164-165PE	0	LSPEASLL	4	0	5172.045	11283.234	3.199	5.2	0.000	0.000	0.000	0.000	0.647	NoExpr	Pending
chr3-52517959-52517960-A-C					STAB1	H1573P	0	CTCDTAPTV	7	0	5200.371	4467.742	8.898	5.5	0.092	0.000	0.000	0.000	0.976	NoExpr	Pending
chr5-141123692-141123693-G-C					PCDHB4	Q565H	0	SPFVLYPLH	9	0	5358.045	12281.799	5.500	20.0	1.231	0.000	0.000	50.000	0.274	NoExpr	Pending
chr14-26448937-26448938-G-C					NOVA1	T36R	0	KIIVPNSRAGL	8	0	5441.970	5438.94	4.551	2.657	0.703	0.000	0.000	2.000	0.263	NoExpr	Pending
chr15-40622779-40622780-CC-TT					KNL1	P865L	0	FLKEKQNVKIW	2	0	5443.850	25659.58	5.301	35.0	13.765	0.000	0.000	0.000	0.652	NoExpr	Pending
chr21-44330789-44330813-AGGCAGCCGCGGCCCCTAGCGGCCC-A					CFAP410	GPLGAAAA217-224-	0	RVSGSAHCTH	5	0	6735.620	22841.583	7.297	30.0	6.717	0.000	0.000	15.000	0.261	NoExpr	Pending
chr19-38802098-38802099-G-A					LGALS4	R240C	0	CMGNGTVVR	1	0	6844.870	5447.93	8.547	4.368	0.171	0.000	0.000	0.000	1.000	NoExpr	Pending
chr7-39339738-39339739-G-C					POU6F2	Q203H	0	STNHHPQPA	4	0	6946.793	6989.13	18.000	8.8	0.280	0.000	0.000	0.000	0.331	NoExpr	Pending
chr19-55773143-55773144-A-G					RFPL4AL1	T277A	0	VINPSAASA	6	0	6947.065	6423.545	26.000	24.0	0.082	0.000	0.000	0.000	0.203	NoExpr	Pending
chr11-46876561-46876562-C-T					LRP4	R1147Q	0	WTDTGTNQI	8	0	7403.732	9187.385	7.102	11.5	0.278	0.000	0.000	2.000	0.404	NoExpr	Pending
chr9-138120681-138120682-G-A					CACNA1B	G2097D	0	GEGPTDCRR	6	0	7694.036	7362.534	17.000	14.0	0.158	0.000	0.000	0.000	0.305	NoExpr	Pending
chr3-44242057-44242058-G-A					TOPAZ1	R2Q	0	QRPPPLGPT	1	0	11791.072	8737.597	14.000	8.8	0.005	0.000	0.000	0.000	0.222	NoExpr	Pending
chrX-67546514-67546514-T-TGGC					AR	-456-457G	0	GGGGGGGGGGG	0	0	29479.771	NA	51.000	NA	0.245	0.000	0.000	0.000	0.194	NoExpr	Pending
