chrom	start	end	name	score	strand	splice_site	acceptors_skipped	exons_skipped	donors_skipped	anchor	known_donor	known_acceptor	known_junction	gene_names	gene_ids	transcripts	variant_info
chr1	93221463	93225652	JUNC00000001	2	-	GT-AG	0	0	0	N	0	0	0	NA	NA	NA	chr1:93226448-93226449
chr1	93221662	93221880	JUNC00000002	15	+	AT-TG	1	0	1	N	0	0	0	NA	NA	NA	chr1:93226448-93226449
chr1	93221743	93221991	JUNC00000003	8	+	GT-AG	1	2	2	D	1	0	0	CCDC18	ENSG00000122483	ENST00000343253,ENST00000370276,ENST00000401026,ENST00000421014,ENST00000455267,ENST00000690025,ENST00000690592,ENST00000692873	chr1:93226448-93226449
chr1	93221936	93222015	JUNC00000004	41	+	GC-AG	0	0	1	D	1	0	0	CCDC18	ENSG00000122483	ENST00000343253,ENST00000370276,ENST00000401026,ENST00000421014,ENST00000455267,ENST00000690025,ENST00000690592,ENST00000692873	chr1:93226448-93226449
chr1	93221936	93226333	JUNC00000005	97	+	GC-AG	0	0	1	DA	1	1	1	CCDC18	ENSG00000122483	ENST00000343253,ENST00000370276,ENST00000401026,ENST00000421014,ENST00000455267,ENST00000690025,ENST00000690592,ENST00000692873	chr1:93226448-93226449
chr1	93221936	93232426	JUNC00000006	181	+	GC-AG	2	2	2	NDA	1	1	0	CCDC18	ENSG00000122483	ENST00000343253,ENST00000370276,ENST00000401026,ENST00000421014,ENST00000455267,ENST00000690025,ENST00000690592,ENST00000692873	chr1:93226448-93226449
chr1	93221936	93236248	JUNC00000007	8	+	GC-AG	3	3	3	NDA	1	1	0	CCDC18	ENSG00000122483	ENST00000343253,ENST00000370276,ENST00000401026,ENST00000421014,ENST00000455267,ENST00000688770,ENST00000690025,ENST00000690592,ENST00000692873	chr1:93226448-93226449
chr1	93221940	93232426	JUNC00000008	16	+	GT-AG	2	2	1	NDA	1	1	0	CCDC18	ENSG00000122483	ENST00000343253,ENST00000370276,ENST00000401026,ENST00000421014,ENST00000455267,ENST00000690025,ENST00000690592,ENST00000692873	chr1:93226448-93226449
chr1	93221940	93246142	JUNC00000009	12	+	GT-AG	8	7	6	D	1	0	0	CCDC18	ENSG00000122483	ENST00000343253,ENST00000370276,ENST00000401026,ENST00000690025,ENST00000690592,ENST00000692873	chr1:93226448-93226449
chr1	93226449	93232426	JUNC00000010	87	+	GT-AG	0	0	0	DA	1	1	1	CCDC18	ENSG00000122483	ENST00000343253,ENST00000370276,ENST00000401026,ENST00000421014,ENST00000455267,ENST00000690025,ENST00000690592,ENST00000692873	chr1:93226448-93226449
chr1	93226449	93232441	JUNC00000011	14	+	GT-AG	1	0	0	D	1	0	0	CCDC18	ENSG00000122483	ENST00000343253,ENST00000370276,ENST00000401026,ENST00000421014,ENST00000455267,ENST00000690025,ENST00000690592,ENST00000692873	chr1:93226448-93226449
chr1	93230908	93232426	JUNC00000012	21	+	GT-AG	0	0	0	A	0	1	0	CCDC18	ENSG00000122483	ENST00000343253,ENST00000370276,ENST00000401026,ENST00000421014,ENST00000455267,ENST00000690025,ENST00000690592,ENST00000692873	chr1:93226448-93226449
chr1	93232592	93234807	JUNC00000013	9	+	GG-CC	0	0	1	N	0	0	0	NA	NA	NA	chr1:93226448-93226449
chr1	93232593	93236248	JUNC00000014	550	+	GT-AG	0	0	0	DA	1	1	1	CCDC18	ENSG00000122483	ENST00000343253,ENST00000370276,ENST00000401026,ENST00000421014,ENST00000455267,ENST00000688770,ENST00000690025,ENST00000690592,ENST00000692873	chr1:93226448-93226449
chr1	154555581	154596869	JUNC00000015	1	-	GC-CC	19	16	34	N	0	0	0	NA	NA	NA	chr1:154590262-154590263
chr1	154589805	154596969	JUNC00000016	12	-	GA-TT	3	4	4	N	0	0	0	NA	NA	NA	chr1:154590262-154590263
chr1	154589928	154590184	JUNC00000017	5919	-	GT-AG	0	0	0	DA	1	1	1	ADAR	ENSG00000160710	ENST00000368471,ENST00000368474,ENST00000529168,ENST00000647682,ENST00000648231,ENST00000648311,ENST00000648714,ENST00000649021,ENST00000649022,ENST00000649042,ENST00000649408,ENST00000649724,ENST00000649749,ENST00000679375,ENST00000679465,ENST00000679805,ENST00000679899,ENST00000680270,ENST00000680305,ENST00000681056,ENST00000681235,ENST00000681429,ENST00000681683,ENST00000681786,ENST00000681901	chr1:154590262-154590263
chr1	154589928	154590262	JUNC00000018	466	-	GT-AG	0	0	1	DA	1	1	1	ADAR	ENSG00000160710	ENST00000368471,ENST00000368474,ENST00000529168,ENST00000647682,ENST00000648231,ENST00000648311,ENST00000648714,ENST00000649021,ENST00000649022,ENST00000649042,ENST00000649408,ENST00000649724,ENST00000649749,ENST00000679375,ENST00000679465,ENST00000679805,ENST00000679899,ENST00000680270,ENST00000680305,ENST00000681056,ENST00000681235,ENST00000681429,ENST00000681683,ENST00000681786,ENST00000681901	chr1:154590262-154590263
chr1	154590409	154596805	JUNC00000019	5658	-	GT-AG	0	0	0	DA	1	1	1	ADAR	ENSG00000160710	ENST00000368471,ENST00000368474,ENST00000529168,ENST00000647682,ENST00000648231,ENST00000648311,ENST00000648714,ENST00000649021,ENST00000649022,ENST00000649042,ENST00000649408,ENST00000649724,ENST00000649749,ENST00000679375,ENST00000679465,ENST00000679805,ENST00000679899,ENST00000680270,ENST00000680305,ENST00000681056,ENST00000681235,ENST00000681429,ENST00000681683,ENST00000681786,ENST00000681901	chr1:154590262-154590263
chr1	154596938	154597123	JUNC00000020	36	-	GT-AG	1	0	0	DA	1	1	1	ADAR	ENSG00000160710	ENST00000368471,ENST00000368474,ENST00000529168,ENST00000647682,ENST00000648231,ENST00000648311,ENST00000648714,ENST00000649021,ENST00000649022,ENST00000649042,ENST00000649408,ENST00000649724,ENST00000649749,ENST00000679375,ENST00000679465,ENST00000679805,ENST00000679899,ENST00000680270,ENST00000680305,ENST00000681056,ENST00000681235,ENST00000681429,ENST00000681683,ENST00000681786,ENST00000681901	chr1:154590262-154590263
chr1	154596995	154597123	JUNC00000021	4687	-	GT-AG	0	0	0	DA	1	1	1	ADAR	ENSG00000160710	ENST00000368471,ENST00000368474,ENST00000529168,ENST00000647682,ENST00000648231,ENST00000648311,ENST00000648714,ENST00000649021,ENST00000649022,ENST00000649042,ENST00000649408,ENST00000649724,ENST00000649749,ENST00000679375,ENST00000679465,ENST00000679805,ENST00000679899,ENST00000680270,ENST00000680305,ENST00000681056,ENST00000681235,ENST00000681429,ENST00000681683,ENST00000681786,ENST00000681901	chr1:154590262-154590263
chr1	156414753	156421555	JUNC00000022	6	-	GT-AG	7	2	4	DA	1	1	1	MIR9-1HG	ENSG00000125462	ENST00000310027,ENST00000357975,ENST00000368242,ENST00000368243,ENST00000400991,ENST00000462458,ENST00000463309,ENST00000464203,ENST00000465270,ENST00000471156,ENST00000476966,ENST00000482932,ENST00000484428,ENST00000486517,ENST00000489877,ENST00000489918,ENST00000492750,ENST00000497822,ENST00000497824,ENST00000608007,ENST00000673141	chr1:156414753-156414754
chr1	156426872	156429376	JUNC00000023	24	-	GT-AG	0	0	0	DA	1	1	1	MIR9-1HG	ENSG00000125462	ENST00000310027,ENST00000357975,ENST00000368243,ENST00000400991,ENST00000469813,ENST00000471156,ENST00000476966,ENST00000484428,ENST00000489877,ENST00000495000,ENST00000497824,ENST00000673141	chr1:156414753-156414754
chr1	168179181	168179561	JUNC00000024	4	+	GT-AG	0	0	0	D	1	0	0	TIPRL	ENSG00000143155	ENST00000367830,ENST00000367833	chr1:168179177-168179178
chr1	168179181	168183411	JUNC00000025	29	+	GT-AG	0	0	0	D	1	0	0	TIPRL	ENSG00000143155	ENST00000367830,ENST00000367833	chr1:168179177-168179178
chr1	168179181	168183902	JUNC00000026	3015	+	GT-AG	0	0	0	DA	1	1	1	TIPRL	ENSG00000143155	ENST00000367830,ENST00000367833	chr1:168179177-168179178
chr1	168179181	168183907	JUNC00000027	73	+	GT-AG	1	0	0	D	1	0	0	TIPRL	ENSG00000143155	ENST00000367830,ENST00000367833	chr1:168179177-168179178
chr1	168179181	168183952	JUNC00000028	12	+	GT-AG	1	0	0	D	1	0	0	TIPRL	ENSG00000143155	ENST00000367830,ENST00000367833	chr1:168179177-168179178
chr1	168179181	168191369	JUNC00000029	8	+	GT-AG	2	2	2	NDA	1	1	0	TIPRL	ENSG00000143155	ENST00000367830,ENST00000367833	chr1:168179177-168179178
chr1	168179695	168183902	JUNC00000030	10	+	GT-AG	0	0	0	A	0	1	0	TIPRL	ENSG00000143155	ENST00000367830,ENST00000367833	chr1:168179177-168179178
chr1	168183483	168183902	JUNC00000031	34	+	GT-AG	0	0	0	A	0	1	0	TIPRL	ENSG00000143155	ENST00000367830,ENST00000367833	chr1:168179177-168179178
chr1	168184003	168201111	JUNC00000032	10	+	TA-TT	6	4	5	N	0	0	0	NA	NA	NA	chr1:168179177-168179178
chr1	168184081	168184726	JUNC00000033	19	+	GT-AG	0	0	0	D	1	0	0	TIPRL	ENSG00000143155	ENST00000367830,ENST00000367833	chr1:168179177-168179178
chr1	168184081	168184779	JUNC00000034	3872	+	GT-AG	0	0	0	DA	1	1	1	TIPRL	ENSG00000143155	ENST00000367830,ENST00000367833	chr1:168179177-168179178
chr12	21615789	21654592	JUNC00000035	1	-	GG-GG	10	6	14	N	0	0	0	NA	NA	NA	chr12:21654541-21654542
chr12	21644077	21646937	JUNC00000036	1	-	CT-GT	1	0	1	N	0	0	0	NA	NA	NA	chr12:21654541-21654542
chr12	21644109	21646901	JUNC00000037	4	-	AG-AA	0	0	1	N	0	0	0	NA	NA	NA	chr12:21654541-21654542
chr12	21647016	21650562	JUNC00000038	77	-	GC-AG	0	0	0	A	0	1	0	LDHB,NA	ENSG00000111716,ENSG00000285854	ENST00000350669,ENST00000396075,ENST00000396076,ENST00000450584,ENST00000470280,ENST00000539782,ENST00000647960,ENST00000673047	chr12:21654541-21654542
chr12	21647016	21654114	JUNC00000039	6	-	GT-AG	0	0	0	A	0	1	0	LDHB,NA	ENSG00000111716,ENSG00000285854	ENST00000350669,ENST00000396075,ENST00000396076,ENST00000450584,ENST00000470280,ENST00000539782,ENST00000647960,ENST00000673047	chr12:21654541-21654542
chr12	21647016	21654510	JUNC00000040	4	-	GT-AG	0	0	1	A	0	1	0	LDHB,NA	ENSG00000111716,ENSG00000285854	ENST00000350669,ENST00000396075,ENST00000396076,ENST00000450584,ENST00000470280,ENST00000539782,ENST00000544151,ENST00000647960,ENST00000673047	chr12:21654541-21654542
chr12	21647016	21654543	JUNC00000041	5534	-	GT-AG	0	0	1	DA	1	1	1	LDHB,NA	ENSG00000111716,ENSG00000285854	ENST00000350669,ENST00000396075,ENST00000396076,ENST00000450584,ENST00000470280,ENST00000539782,ENST00000544151,ENST00000647960,ENST00000673047	chr12:21654541-21654542
chr12	21647016	21654570	JUNC00000042	10	-	GC-AG	0	0	2	A	0	1	0	LDHB,NA	ENSG00000111716,ENSG00000285854	ENST00000350669,ENST00000396075,ENST00000396076,ENST00000450584,ENST00000470280,ENST00000539782,ENST00000544151,ENST00000647960,ENST00000673047	chr12:21654541-21654542
chr12	21647016	21654575	JUNC00000043	2017	-	GT-AG	1	0	2	A	0	1	0	LDHB,NA	ENSG00000111716,ENSG00000285854	ENST00000350669,ENST00000396075,ENST00000396076,ENST00000450584,ENST00000470280,ENST00000539782,ENST00000544151,ENST00000647960,ENST00000673047	chr12:21654541-21654542
chr12	21647016	21654579	JUNC00000044	393	-	GT-AG	1	0	2	A	0	1	0	LDHB,NA	ENSG00000111716,ENSG00000285854	ENST00000350669,ENST00000396075,ENST00000396076,ENST00000450584,ENST00000470280,ENST00000539782,ENST00000544151,ENST00000647960,ENST00000673047	chr12:21654541-21654542
chr12	21647016	21654594	JUNC00000045	254	-	GT-AG	1	0	2	A	0	1	0	LDHB,NA	ENSG00000111716,ENSG00000285854	ENST00000350669,ENST00000396075,ENST00000396076,ENST00000450584,ENST00000470280,ENST00000539782,ENST00000544151,ENST00000647960,ENST00000673047	chr12:21654541-21654542
chr12	21647016	21654624	JUNC00000046	22	-	GC-AG	1	0	2	A	0	1	0	LDHB,NA	ENSG00000111716,ENSG00000285854	ENST00000350669,ENST00000396075,ENST00000396076,ENST00000450584,ENST00000470280,ENST00000539782,ENST00000544151,ENST00000647960,ENST00000673047	chr12:21654541-21654542
chr12	21647016	21657751	JUNC00000047	234	-	GT-AG	4	2	6	NDA	1	1	0	LDHB,NA	ENSG00000111716,ENSG00000285854	ENST00000350669,ENST00000396075,ENST00000396076,ENST00000450584,ENST00000470280,ENST00000535112,ENST00000539782,ENST00000544151,ENST00000647960,ENST00000673047	chr12:21654541-21654542
chr12	21647018	21657754	JUNC00000048	2	-	CT-AC	4	2	7	N	0	0	0	NA	NA	NA	chr12:21654541-21654542
chr12	21650638	21654575	JUNC00000049	35	-	GT-AG	1	0	2	N	0	0	0	NA	NA	NA	chr12:21654541-21654542
chr12	21650668	21654575	JUNC00000050	23	-	GT-AG	1	0	2	N	0	0	0	NA	NA	NA	chr12:21654541-21654542
chr12	21652660	21652730	JUNC00000051	9	-	GT-AG	0	0	0	N	0	0	0	NA	NA	NA	chr12:21654541-21654542
chr12	21653996	21654114	JUNC00000052	2	-	GT-AG	0	0	0	N	0	0	0	NA	NA	NA	chr12:21654541-21654542
chr12	21653996	21654543	JUNC00000053	76	-	GT-AG	0	0	1	D	1	0	0	LDHB,NA	ENSG00000111716,ENSG00000285854	ENST00000350669,ENST00000396075,ENST00000396076,ENST00000450584,ENST00000470280,ENST00000539782,ENST00000544151,ENST00000647960,ENST00000673047	chr12:21654541-21654542
chr12	21653996	21654575	JUNC00000054	828	-	GT-AG	1	0	2	N	0	0	0	NA	NA	NA	chr12:21654541-21654542
chr12	21653996	21654579	JUNC00000055	14	-	GT-AG	1	0	2	N	0	0	0	NA	NA	NA	chr12:21654541-21654542
chr12	21653996	21654594	JUNC00000056	10	-	GT-AG	1	0	2	N	0	0	0	NA	NA	NA	chr12:21654541-21654542
chr12	21654174	21654575	JUNC00000057	7	-	GT-AG	1	0	2	N	0	0	0	NA	NA	NA	chr12:21654541-21654542
chr12	21654602	21657775	JUNC00000058	2	-	GT-AG	3	1	5	N	0	0	0	NA	NA	NA	chr12:21654541-21654542
chr12	21654677	21657713	JUNC00000059	30	-	GC-AG	2	1	3	A	0	1	0	LDHB,NA	ENSG00000111716,ENSG00000285854	ENST00000350669,ENST00000396075,ENST00000396076,ENST00000450584,ENST00000535112,ENST00000539782,ENST00000544151,ENST00000647960,ENST00000673047	chr12:21654541-21654542
chr12	21654677	21657751	JUNC00000060	6778	-	GT-AG	2	1	3	DA	1	1	1	LDHB,NA	ENSG00000111716,ENSG00000285854	ENST00000350669,ENST00000396075,ENST00000396076,ENST00000450584,ENST00000535112,ENST00000539782,ENST00000544151,ENST00000647960,ENST00000673047	chr12:21654541-21654542
chr12	21656775	21657468	JUNC00000061	10	-	GT-AG	2	1	2	D	1	0	0	LDHB,NA	ENSG00000111716,ENSG00000285854	ENST00000396076,ENST00000535112,ENST00000539782,ENST00000647960,ENST00000673047	chr12:21654541-21654542
chr12	21656775	21657751	JUNC00000062	55	-	GT-AG	2	1	3	D	1	0	0	LDHB,NA	ENSG00000111716,ENSG00000285854	ENST00000350669,ENST00000396075,ENST00000396076,ENST00000450584,ENST00000535112,ENST00000539782,ENST00000544151,ENST00000647960,ENST00000673047	chr12:21654541-21654542
chr12	88142487	88148419	JUNC00000063	15	+	GT-AG	1	0	0	D	1	0	0	TMTC3	ENSG00000139324	ENST00000266712,ENST00000547034,ENST00000549011,ENST00000551088	chr12:88153290-88153291
chr12	88142487	88154288	JUNC00000064	20	+	GT-AG	2	2	2	NDA	1	1	0	TMTC3	ENSG00000139324	ENST00000266712,ENST00000547034,ENST00000549011,ENST00000551088	chr12:88153290-88153291
chr12	88148504	88154288	JUNC00000065	468	+	GT-AG	1	1	1	DA	1	1	1	TMTC3	ENSG00000139324	ENST00000266712,ENST00000547034,ENST00000549011,ENST00000551088	chr12:88153290-88153291
chr12	88148504	88160114	JUNC00000066	7	+	GT-AG	2	2	2	NDA	1	1	0	TMTC3	ENSG00000139324	ENST00000266712,ENST00000547034,ENST00000549011,ENST00000551088	chr12:88153290-88153291
chr12	88153509	88154288	JUNC00000067	1	+	GT-AG	0	0	0	DA	1	1	1	TMTC3	ENSG00000139324	ENST00000266712,ENST00000547034,ENST00000549011,ENST00000551088	chr12:88153290-88153291
chr12	88154387	88160114	JUNC00000068	382	+	GT-AG	0	0	0	DA	1	1	1	TMTC3	ENSG00000139324	ENST00000266712,ENST00000547034,ENST00000551088	chr12:88153290-88153291
chr12	107744661	107746258	JUNC00000069	17	-	GT-AG	1	0	0	A	0	1	0	PRDM4	ENSG00000110851	ENST00000228437,ENST00000550376	chr12:107746273-107746274
chr12	107744661	107746302	JUNC00000070	8	-	GT-AG	1	0	1	A	0	1	0	PRDM4	ENSG00000110851	ENST00000228437,ENST00000550376	chr12:107746273-107746274
chr12	107744661	107751415	JUNC00000071	244	-	GT-AG	2	1	1	NDA	1	1	0	PRDM4	ENSG00000110851	ENST00000228437,ENST00000550376,ENST00000550659	chr12:107746273-107746274
chr12	107744661	107753924	JUNC00000072	4	-	GT-AG	4	3	3	NDA	1	1	0	PRDM4	ENSG00000110851	ENST00000228437,ENST00000550376	chr12:107746273-107746274
chr12	107744667	107746260	JUNC00000073	15	-	CT-AC	1	0	0	N	0	0	0	NA	NA	NA	chr12:107746273-107746274
chr12	107744682	107746258	JUNC00000074	5	-	GT-AG	0	0	0	A	0	1	0	PRDM4	ENSG00000110851	ENST00000228437,ENST00000550376,ENST00000550659	chr12:107746273-107746274
chr12	107746424	107751415	JUNC00000075	210	-	GT-AG	0	0	0	DA	1	1	1	PRDM4	ENSG00000110851	ENST00000228437,ENST00000550376,ENST00000550659	chr12:107746273-107746274
chr12	107752209	107753924	JUNC00000076	631	-	GT-AG	0	0	0	DA	1	1	1	PRDM4	ENSG00000110851	ENST00000228437,ENST00000550376	chr12:107746273-107746274
chr13	98384843	98425220	JUNC00000077	1	+	TG-AT	11	10	12	N	0	0	0	NA	NA	NA	chr13:98431277-98431278
chr13	98424650	98425440	JUNC00000078	6	+	GT-AG	0	0	0	DA	1	1	1	FARP1	ENSG00000152767	ENST00000319562,ENST00000457029,ENST00000595437,ENST00000627049	chr13:98431277-98431278
chr13	98424650	98431043	JUNC00000079	351	+	GT-AG	1	0	0	DA	1	1	1	FARP1	ENSG00000152767	ENST00000319562,ENST00000423063,ENST00000457029,ENST00000595437,ENST00000627049	chr13:98431277-98431278
chr13	98424650	98438804	JUNC00000080	3	+	GT-AG	4	3	3	NDA	1	1	0	FARP1	ENSG00000152767	ENST00000319562,ENST00000423063,ENST00000457029,ENST00000595437,ENST00000596256,ENST00000627049	chr13:98431277-98431278
chr13	98431280	98435576	JUNC00000081	534	+	GT-AG	0	0	0	DA	1	1	1	FARP1	ENSG00000152767	ENST00000319562,ENST00000423063,ENST00000595437,ENST00000596256,ENST00000627049	chr13:98431277-98431278
chr13	98435706	98438804	JUNC00000082	827	+	GT-AG	1	1	1	DA	1	1	1	FARP1	ENSG00000152767	ENST00000319562,ENST00000423063,ENST00000595437,ENST00000596256,ENST00000627049	chr13:98431277-98431278
chr14	32599506	32600626	JUNC00000083	2	+	GT-AG	0	0	0	D	1	0	0	AKAP6	ENSG00000151320	ENST00000280979,ENST00000557272,ENST00000557354	chr14:32600790-32600791
chr14	32599506	32600629	JUNC00000084	49	+	GT-AG	0	0	0	DA	1	1	1	AKAP6	ENSG00000151320	ENST00000280979,ENST00000557272,ENST00000557354	chr14:32600790-32600791
chr14	32600792	32678311	JUNC00000085	24	+	GT-AG	1	1	2	DA	1	1	1	AKAP6	ENSG00000151320	ENST00000280979,ENST00000555207,ENST00000555950,ENST00000557272,ENST00000557354	chr14:32600790-32600791
chr14	32678459	32695990	JUNC00000086	50	+	GT-AG	1	1	2	DA	1	1	1	AKAP6	ENSG00000151320	ENST00000280979,ENST00000555207,ENST00000555950,ENST00000557272,ENST00000557354,ENST00000557396,ENST00000557708	chr14:32600790-32600791
chr14	73617210	73633661	JUNC00000087	2	-	GT-AG	0	0	1	DA	1	1	1	NA	ENSG00000258603	ENST00000555011,ENST00000617980,ENST00000664243	chr14:73617207-73617208
chr14	73617498	73713018	JUNC00000088	1	-	GC-AG	4	0	4	N	0	0	0	NA	NA	NA	chr14:73617207-73617208
chr15	100896046	100898083	JUNC00000089	584	+	GT-AG	0	0	0	DA	1	1	1	ALDH1A3	ENSG00000184254	ENST00000329841,ENST00000346623	chr15:100900576-100900577
chr15	100898185	100899112	JUNC00000090	8	+	GT-AG	0	0	0	D	1	0	0	ALDH1A3	ENSG00000184254	ENST00000329841,ENST00000346623,ENST00000558869	chr15:100900576-100900577
chr15	100898185	100900575	JUNC00000091	450	+	GT-AG	0	0	0	DA	1	1	1	ALDH1A3	ENSG00000184254	ENST00000329841,ENST00000346623,ENST00000558869	chr15:100900576-100900577
chr15	100899210	100900575	JUNC00000092	4	+	GT-AG	0	0	0	A	0	1	0	ALDH1A3	ENSG00000184254	ENST00000329841,ENST00000346623,ENST00000558869	chr15:100900576-100900577
chr15	100900759	100905523	JUNC00000093	684	+	GT-AG	0	0	0	DA	1	1	1	ALDH1A3	ENSG00000184254	ENST00000329841,ENST00000346623,ENST00000558869	chr15:100900576-100900577
chr15	100905687	100907121	JUNC00000094	1030	+	GT-AG	0	0	0	DA	1	1	1	ALDH1A3	ENSG00000184254	ENST00000329841,ENST00000346623,ENST00000558869	chr15:100900576-100900577
chr16	1309773	1320174	JUNC00000095	8	+	GT-AG	7	8	10	NDA	1	1	0	UBE2I	ENSG00000103275	ENST00000325437,ENST00000355803,ENST00000397514,ENST00000397515,ENST00000402301,ENST00000403747,ENST00000406620,ENST00000473256,ENST00000562470,ENST00000562482,ENST00000564143,ENST00000566587,ENST00000566775,ENST00000567074,ENST00000567383,ENST00000568209,ENST00000568288,ENST00000568989,ENST00000677314,ENST00000677987,ENST00000678584,ENST00000679082,ENST00000679137	chr16:1320436-1320437
chr16	1315726	1319702	JUNC00000096	5	+	GT-AG	1	0	1	DA	1	1	1	UBE2I	ENSG00000103275	ENST00000325437,ENST00000355803,ENST00000397514,ENST00000397515,ENST00000402301,ENST00000403747,ENST00000406620,ENST00000473256,ENST00000562470,ENST00000564143,ENST00000566587,ENST00000566775,ENST00000567074,ENST00000567383,ENST00000568209,ENST00000568288,ENST00000568989,ENST00000677314,ENST00000677987,ENST00000679082,ENST00000679137	chr16:1320436-1320437
chr16	1315726	1320174	JUNC00000097	5653	+	GT-AG	2	1	2	DA	1	1	1	UBE2I	ENSG00000103275	ENST00000325437,ENST00000355803,ENST00000397514,ENST00000397515,ENST00000402301,ENST00000403747,ENST00000406620,ENST00000473256,ENST00000562470,ENST00000564143,ENST00000566587,ENST00000566775,ENST00000567074,ENST00000567383,ENST00000568209,ENST00000568288,ENST00000568989,ENST00000677314,ENST00000677987,ENST00000679082,ENST00000679137	chr16:1320436-1320437
chr16	1318944	1360554	JUNC00000098	8	+	GT-AG	47	46	44	N	0	0	0	NA	NA	NA	chr16:1320436-1320437
chr16	1320283	1320438	JUNC00000099	2307	+	GT-AG	0	0	0	DA	1	1	1	UBE2I	ENSG00000103275	ENST00000325437,ENST00000355803,ENST00000397514,ENST00000397515,ENST00000402301,ENST00000403747,ENST00000406620,ENST00000562470,ENST00000566587,ENST00000567074,ENST00000567383,ENST00000568288,ENST00000568989,ENST00000677314,ENST00000677987,ENST00000679137	chr16:1320436-1320437
chr16	1320283	1320448	JUNC00000100	99	+	GT-AG	1	0	0	D	1	0	0	UBE2I	ENSG00000103275	ENST00000325437,ENST00000355803,ENST00000397514,ENST00000397515,ENST00000402301,ENST00000403747,ENST00000406620,ENST00000562470,ENST00000566587,ENST00000567074,ENST00000567383,ENST00000568288,ENST00000568989,ENST00000677314,ENST00000677987,ENST00000679137	chr16:1320436-1320437
chr16	1320283	1320456	JUNC00000101	10	+	GT-AG	1	0	0	D	1	0	0	UBE2I	ENSG00000103275	ENST00000325437,ENST00000355803,ENST00000397514,ENST00000397515,ENST00000402301,ENST00000403747,ENST00000406620,ENST00000562470,ENST00000566587,ENST00000567074,ENST00000567383,ENST00000568288,ENST00000568989,ENST00000677314,ENST00000677987,ENST00000679137	chr16:1320436-1320437
chr16	1320283	1324730	JUNC00000102	2810	+	GT-AG	1	1	1	NDA	1	1	0	UBE2I	ENSG00000103275	ENST00000325437,ENST00000355803,ENST00000397514,ENST00000397515,ENST00000402301,ENST00000403747,ENST00000406620,ENST00000562470,ENST00000566587,ENST00000567074,ENST00000567383,ENST00000568288,ENST00000568989,ENST00000677314,ENST00000677987,ENST00000679137	chr16:1320436-1320437
chr16	1320517	1324730	JUNC00000103	1648	+	GT-AG	0	0	0	DA	1	1	1	UBE2I	ENSG00000103275	ENST00000325437,ENST00000355803,ENST00000397514,ENST00000397515,ENST00000403747,ENST00000406620,ENST00000562470,ENST00000566587,ENST00000567074,ENST00000567383,ENST00000568288,ENST00000568989,ENST00000677314,ENST00000677987,ENST00000679137	chr16:1320436-1320437
chr16	1323812	1326387	JUNC00000104	20	+	CT-GC	1	0	0	N	0	0	0	NA	NA	NA	chr16:1320436-1320437
chr16	1324794	1325139	JUNC00000105	6	+	CA-TT	0	0	0	N	0	0	0	NA	NA	NA	chr16:1320436-1320437
chr19	16355851	16361779	JUNC00000106	163	-	GT-AG	0	0	3	DA	1	1	1	EPS15L1	ENSG00000127527	ENST00000248070,ENST00000455140,ENST00000535753,ENST00000592031,ENST00000594851,ENST00000602022	chr19:16361781-16361782
chr19	16355851	16361886	JUNC00000107	46	-	GT-AG	0	0	4	DA	1	1	1	EPS15L1	ENSG00000127527	ENST00000248070,ENST00000455140,ENST00000535753,ENST00000592031,ENST00000594851,ENST00000602022	chr19:16361781-16361782
chr19	16355851	16361971	JUNC00000108	14	-	GT-AG	1	0	6	A	0	1	0	EPS15L1	ENSG00000127527	ENST00000248070,ENST00000455140,ENST00000535753,ENST00000592031,ENST00000594851,ENST00000594975,ENST00000602022	chr19:16361781-16361782
chr19	16355851	16377122	JUNC00000109	20	-	GT-AG	2	1	6	NDA	1	1	0	EPS15L1	ENSG00000127527	ENST00000248070,ENST00000455140,ENST00000535753,ENST00000592031,ENST00000594851,ENST00000594975,ENST00000602022	chr19:16361781-16361782
chr19	16355851	16385129	JUNC00000110	116	-	GT-AG	3	2	8	NDA	1	1	0	EPS15L1	ENSG00000127527	ENST00000248070,ENST00000455140,ENST00000535753,ENST00000592031,ENST00000594851,ENST00000594975,ENST00000599790,ENST00000602022	chr19:16361781-16361782
chr19	16355851	16392304	JUNC00000111	4	-	GT-AG	5	4	10	NDA	1	1	0	EPS15L1	ENSG00000127527	ENST00000248070,ENST00000455140,ENST00000535753,ENST00000592031,ENST00000594851,ENST00000594975,ENST00000599790,ENST00000602022	chr19:16361781-16361782
chr19	16355975	16418062	JUNC00000112	1	-	CA-GC	14	13	22	N	0	0	0	NA	NA	NA	chr19:16361781-16361782
chr19	16361984	16377122	JUNC00000113	292	-	GT-AG	0	0	0	DA	1	1	1	EPS15L1	ENSG00000127527	ENST00000248070,ENST00000455140,ENST00000535753,ENST00000592031,ENST00000594975,ENST00000602022	chr19:16361781-16361782
chr19	16361984	16385129	JUNC00000114	89	-	GT-AG	1	1	2	DA	1	1	1	EPS15L1	ENSG00000127527	ENST00000248070,ENST00000455140,ENST00000535753,ENST00000592031,ENST00000594975,ENST00000599790,ENST00000602022	chr19:16361781-16361782
chr19	16361984	16386171	JUNC00000115	2	-	GT-AG	2	2	3	NDA	1	1	0	EPS15L1	ENSG00000127527	ENST00000248070,ENST00000455140,ENST00000535753,ENST00000592031,ENST00000594975,ENST00000599790,ENST00000602022	chr19:16361781-16361782
chr19	16377254	16385129	JUNC00000116	401	-	GT-AG	0	0	1	DA	1	1	1	EPS15L1	ENSG00000127527	ENST00000248070,ENST00000455140,ENST00000535753,ENST00000592031,ENST00000594975,ENST00000599790,ENST00000602022	chr19:16361781-16361782
chr19	16377254	16392304	JUNC00000117	16	-	GT-AG	2	2	3	NDA	1	1	0	EPS15L1	ENSG00000127527	ENST00000248070,ENST00000455140,ENST00000535753,ENST00000592031,ENST00000594975,ENST00000599790,ENST00000602022	chr19:16361781-16361782
chr19	16379801	16379911	JUNC00000118	3	-	GT-AG	0	0	0	N	0	0	0	NA	NA	NA	chr19:16361781-16361782
chr19	16384275	16385129	JUNC00000119	8	-	GT-AG	0	0	0	DA	1	1	1	EPS15L1	ENSG00000127527	ENST00000248070,ENST00000455140,ENST00000535753,ENST00000592031,ENST00000594975,ENST00000599790,ENST00000602022	chr19:16361781-16361782
chr19	16385211	16386171	JUNC00000120	464	-	GT-AG	0	0	0	DA	1	1	1	EPS15L1	ENSG00000127527	ENST00000248070,ENST00000455140,ENST00000535753,ENST00000592031,ENST00000594975,ENST00000599790,ENST00000602022	chr19:16361781-16361782
chr2	169479612	169482251	JUNC00000121	188	+	GT-AG	0	0	0	DA	1	1	1	BBS5,NA	ENSG00000163093,ENSG00000251569	ENST00000295240,ENST00000392663,ENST00000443151,ENST00000469980,ENST00000513963	chr2:169479612-169479613
chr2	169479717	169482251	JUNC00000122	6	+	GT-AG	0	0	0	A	0	1	0	BBS5,NA	ENSG00000163093,ENSG00000251569	ENST00000295240,ENST00000392663,ENST00000443151,ENST00000469980,ENST00000513963	chr2:169479612-169479613
chr2	169480158	169482251	JUNC00000123	12	+	GT-AG	0	0	0	A	0	1	0	BBS5,NA	ENSG00000163093,ENSG00000251569	ENST00000295240,ENST00000392663,ENST00000443151,ENST00000469980,ENST00000513963	chr2:169479612-169479613
chr2	169482333	169487069	JUNC00000124	207	+	GT-AG	0	0	0	DA	1	1	1	BBS5,NA	ENSG00000163093,ENSG00000251569	ENST00000295240,ENST00000392663,ENST00000443151,ENST00000513963	chr2:169479612-169479613
chr2	169482333	169487987	JUNC00000125	4	+	GT-AG	2	2	2	DA	1	1	1	BBS5,NA	ENSG00000163093,ENSG00000251569	ENST00000295240,ENST00000392663,ENST00000443151,ENST00000475571,ENST00000513963	chr2:169479612-169479613
chr2	177420358	177521329	JUNC00000126	12	+	GT-AG	20	22	21	DA	1	1	1	AGPS	ENSG00000018510	ENST00000264167,ENST00000409888,ENST00000460342,ENST00000637633,ENST00000642466,ENST00000679421,ENST00000679459,ENST00000679478,ENST00000679639,ENST00000679994,ENST00000680028,ENST00000680155,ENST00000680390,ENST00000680677,ENST00000680705,ENST00000680770,ENST00000680893,ENST00000680910,ENST00000681028,ENST00000681032,ENST00000681300,ENST00000681449,ENST00000681565,ENST00000681752,ENST00000681891	chr2:177513816-177513817
chr2	177508030	177513819	JUNC00000127	8	+	GG-AG	0	0	1	A	0	1	0	AGPS	ENSG00000018510	ENST00000264167,ENST00000409888,ENST00000637633,ENST00000642466,ENST00000679421,ENST00000679459,ENST00000679478,ENST00000679994,ENST00000680028,ENST00000680155,ENST00000680390,ENST00000680705,ENST00000680770,ENST00000680893,ENST00000681028,ENST00000681032,ENST00000681300,ENST00000681449,ENST00000681565,ENST00000681752,ENST00000681891	chr2:177513816-177513817
chr2	177508031	177513819	JUNC00000128	1427	+	GT-AG	0	0	0	DA	1	1	1	AGPS	ENSG00000018510	ENST00000264167,ENST00000409888,ENST00000637633,ENST00000642466,ENST00000679421,ENST00000679459,ENST00000679478,ENST00000679994,ENST00000680028,ENST00000680155,ENST00000680390,ENST00000680705,ENST00000680770,ENST00000680893,ENST00000681028,ENST00000681032,ENST00000681300,ENST00000681449,ENST00000681565,ENST00000681752,ENST00000681891	chr2:177513816-177513817
chr2	177508031	177513827	JUNC00000129	51	+	GT-AG	1	0	0	D	1	0	0	AGPS	ENSG00000018510	ENST00000264167,ENST00000409888,ENST00000637633,ENST00000642466,ENST00000679421,ENST00000679459,ENST00000679478,ENST00000679994,ENST00000680028,ENST00000680155,ENST00000680390,ENST00000680705,ENST00000680770,ENST00000680893,ENST00000681028,ENST00000681032,ENST00000681300,ENST00000681449,ENST00000681565,ENST00000681752,ENST00000681891	chr2:177513816-177513817
chr2	177513908	177521269	JUNC00000130	1828	+	GT-AG	0	0	0	DA	1	1	1	AGPS	ENSG00000018510	ENST00000264167,ENST00000409888,ENST00000637633,ENST00000642466,ENST00000679421,ENST00000679459,ENST00000679478,ENST00000679994,ENST00000680028,ENST00000680155,ENST00000680390,ENST00000680770,ENST00000680893,ENST00000681028,ENST00000681032,ENST00000681300,ENST00000681449,ENST00000681565,ENST00000681752,ENST00000681891	chr2:177513816-177513817
chr2	177521368	177523748	JUNC00000131	1705	+	GT-AG	0	0	0	DA	1	1	1	AGPS	ENSG00000018510	ENST00000264167,ENST00000409888,ENST00000637633,ENST00000642466,ENST00000679421,ENST00000679459,ENST00000679478,ENST00000679994,ENST00000680028,ENST00000680155,ENST00000680390,ENST00000680770,ENST00000680893,ENST00000681028,ENST00000681032,ENST00000681300,ENST00000681449,ENST00000681565,ENST00000681752,ENST00000681891	chr2:177513816-177513817
chr2	201285317	201330453	JUNC00000132	6	+	GT-AG	1	0	0	D	1	0	0	CASP8	ENSG00000064012	ENST00000264274,ENST00000264275,ENST00000323492,ENST00000339403,ENST00000358485,ENST00000392263,ENST00000432109,ENST00000444430,ENST00000673742	chr2:201330522-201330523
chr2	201309250	201330470	JUNC00000133	8	-	GT-AG	0	0	0	DA	1	1	1	FLACC1	ENSG00000155749	ENST00000286190,ENST00000392257,ENST00000405148,ENST00000425488,ENST00000439709,ENST00000448967,ENST00000494171	chr2:201330522-201330523
chr2	201330522	201344170	JUNC00000134	4	-	GT-AG	2	2	2	NDA	1	1	0	FLACC1	ENSG00000155749	ENST00000286190,ENST00000392257,ENST00000405148,ENST00000425488,ENST00000439709,ENST00000448967,ENST00000494171	chr2:201330522-201330523
chr20	35284408	35381980	JUNC00000135	1	-	GT-AG	26	9	34	N	0	0	0	NA	NA	NA	chr20:35384131-35384132
chr20	35286558	35384116	JUNC00000136	1	-	TC-AG	17	12	32	N	0	0	0	NA	NA	NA	chr20:35384131-35384132
chr20	35314707	35381984	JUNC00000137	3	-	GT-AG	8	4	12	DA	1	1	1	UQCC1	ENSG00000101019	ENST00000453855,ENST00000457259,ENST00000491040,ENST00000491125,ENST00000495752	chr20:35384131-35384132
chr20	35343069	35394092	JUNC00000138	2	-	GT-TG	11	11	16	D	1	0	0	UQCC1	ENSG00000101019	ENST00000349714,ENST00000359226,ENST00000374380,ENST00000374384,ENST00000374385,ENST00000374394,ENST00000397553,ENST00000397554,ENST00000397556,ENST00000424405,ENST00000438533,ENST00000443429,ENST00000453855,ENST00000457259,ENST00000491040,ENST00000491125,ENST00000495752	chr20:35384131-35384132
chr20	35366614	35394092	JUNC00000139	42	-	GT-AG	6	8	8	DA	1	1	1	UQCC1	ENSG00000101019	ENST00000349714,ENST00000359226,ENST00000374380,ENST00000374384,ENST00000374385,ENST00000374394,ENST00000397553,ENST00000397554,ENST00000397556,ENST00000424405,ENST00000438533,ENST00000443429,ENST00000453855,ENST00000457259,ENST00000491040,ENST00000491125,ENST00000495752	chr20:35384131-35384132
chr20	35374256	35381984	JUNC00000140	6	-	GT-AG	0	0	2	NDA	1	1	0	UQCC1	ENSG00000101019	ENST00000374380,ENST00000374384,ENST00000374385,ENST00000374394,ENST00000397553,ENST00000397554,ENST00000397556,ENST00000424405,ENST00000438533,ENST00000443429,ENST00000453855,ENST00000457259,ENST00000491040,ENST00000491125,ENST00000495752	chr20:35384131-35384132
chr20	35374256	35394092	JUNC00000141	20	-	GT-AG	5	7	7	DA	1	1	1	UQCC1	ENSG00000101019	ENST00000349714,ENST00000359226,ENST00000374380,ENST00000374384,ENST00000374385,ENST00000374394,ENST00000397553,ENST00000397554,ENST00000397556,ENST00000424405,ENST00000438533,ENST00000443429,ENST00000453855,ENST00000457259,ENST00000491040,ENST00000491125,ENST00000495752	chr20:35384131-35384132
chr20	35382025	35384038	JUNC00000142	2291	-	GT-AG	0	0	0	DA	1	1	1	UQCC1	ENSG00000101019	ENST00000349714,ENST00000359226,ENST00000374380,ENST00000374384,ENST00000374385,ENST00000374394,ENST00000397553,ENST00000397554,ENST00000397556,ENST00000424405,ENST00000438533,ENST00000443429,ENST00000453855,ENST00000457259,ENST00000491040,ENST00000491125,ENST00000495752	chr20:35384131-35384132
chr20	35382025	35394092	JUNC00000143	131	-	GT-AG	4	4	4	DA	1	1	1	UQCC1	ENSG00000101019	ENST00000349714,ENST00000359226,ENST00000374380,ENST00000374384,ENST00000374385,ENST00000374394,ENST00000397553,ENST00000397554,ENST00000397556,ENST00000424405,ENST00000438533,ENST00000443429,ENST00000453855,ENST00000457259,ENST00000491040,ENST00000491125,ENST00000495752	chr20:35384131-35384132
chr20	35384133	35392236	JUNC00000144	46	-	GT-AG	2	2	2	DA	1	1	1	UQCC1	ENSG00000101019	ENST00000349714,ENST00000359226,ENST00000374380,ENST00000374384,ENST00000374385,ENST00000374394,ENST00000397553,ENST00000397554,ENST00000397556,ENST00000424405,ENST00000438533,ENST00000443429,ENST00000453855,ENST00000457259,ENST00000491040,ENST00000491125,ENST00000495752	chr20:35384131-35384132
chr20	35384133	35394092	JUNC00000145	2	+	CT-AC	0	0	0	N	0	0	0	NA	NA	NA	chr20:35384131-35384132
chr20	35392277	35394092	JUNC00000146	36	-	GT-AG	0	0	0	DA	1	1	1	UQCC1	ENSG00000101019	ENST00000349714,ENST00000359226,ENST00000374380,ENST00000374384,ENST00000374385,ENST00000374394,ENST00000397553,ENST00000397554,ENST00000397556,ENST00000424405,ENST00000438533,ENST00000443429,ENST00000453855,ENST00000457259,ENST00000491040,ENST00000491125,ENST00000495752	chr20:35384131-35384132
chr20	35394196	35396508	JUNC00000147	2	-	GT-AG	1	0	0	A	0	1	0	UQCC1	ENSG00000101019	ENST00000349714,ENST00000359226,ENST00000374380,ENST00000374384,ENST00000374385,ENST00000374394,ENST00000397553,ENST00000397554,ENST00000397556,ENST00000424405,ENST00000438533,ENST00000443429,ENST00000453855,ENST00000457259,ENST00000491040,ENST00000491125,ENST00000495752	chr20:35384131-35384132
chr20	35394196	35409001	JUNC00000148	16	-	GT-AG	1	0	0	A	0	1	0	UQCC1	ENSG00000101019	ENST00000349714,ENST00000359226,ENST00000374380,ENST00000374384,ENST00000374385,ENST00000374394,ENST00000397553,ENST00000397554,ENST00000397556,ENST00000424405,ENST00000438533,ENST00000443429,ENST00000453855,ENST00000457259,ENST00000491040,ENST00000491125,ENST00000495752	chr20:35384131-35384132
chr20	35394196	35409345	JUNC00000149	26	-	GC-AG	1	0	0	DA	1	1	1	UQCC1	ENSG00000101019	ENST00000349714,ENST00000359226,ENST00000374380,ENST00000374384,ENST00000374385,ENST00000374394,ENST00000397553,ENST00000397554,ENST00000397556,ENST00000424405,ENST00000438533,ENST00000443429,ENST00000453855,ENST00000457259,ENST00000491040,ENST00000491125,ENST00000495752	chr20:35384131-35384132
chr20	35394196	35410055	JUNC00000150	1	-	GT-AG	2	1	1	DA	1	1	1	UQCC1	ENSG00000101019	ENST00000349714,ENST00000359226,ENST00000374380,ENST00000374384,ENST00000374385,ENST00000374394,ENST00000397553,ENST00000397554,ENST00000397556,ENST00000424405,ENST00000438533,ENST00000443429,ENST00000453855,ENST00000457259,ENST00000491040,ENST00000491125,ENST00000495752	chr20:35384131-35384132
chr20	35394196	35411915	JUNC00000151	24	-	GT-AG	3	1	2	A	0	1	0	UQCC1	ENSG00000101019	ENST00000349714,ENST00000359226,ENST00000374380,ENST00000374384,ENST00000374385,ENST00000374394,ENST00000397553,ENST00000397554,ENST00000397556,ENST00000424405,ENST00000438533,ENST00000443429,ENST00000453855,ENST00000457259,ENST00000491040,ENST00000491125,ENST00000495752	chr20:35384131-35384132
chr20	35394196	35411940	JUNC00000152	638	-	GT-AG	3	1	2	DA	1	1	1	UQCC1	ENSG00000101019	ENST00000349714,ENST00000359226,ENST00000374380,ENST00000374384,ENST00000374385,ENST00000374394,ENST00000397553,ENST00000397554,ENST00000397556,ENST00000424405,ENST00000438533,ENST00000443429,ENST00000453855,ENST00000457259,ENST00000491040,ENST00000491125,ENST00000495752	chr20:35384131-35384132
chr4	118738379	118740941	JUNC00000153	12	-	GT-AG	3	2	2	NDA	1	1	0	SEC24D	ENSG00000150961	ENST00000280551,ENST00000419654,ENST00000502526,ENST00000505134,ENST00000511481,ENST00000514561	chr4:118740662-118740663
chr4	118739287	118740422	JUNC00000154	20	-	GT-AG	0	0	0	A	0	1	0	SEC24D	ENSG00000150961	ENST00000280551,ENST00000419654,ENST00000505134,ENST00000511481,ENST00000514561	chr4:118740662-118740663
chr4	118739287	118740651	JUNC00000155	55	-	GT-AG	0	0	0	A	0	1	0	SEC24D	ENSG00000150961	ENST00000280551,ENST00000419654,ENST00000505134,ENST00000511481,ENST00000514561	chr4:118740662-118740663
chr4	118739287	118740663	JUNC00000156	2313	-	GT-AG	0	0	0	DA	1	1	1	SEC24D	ENSG00000150961	ENST00000280551,ENST00000419654,ENST00000505134,ENST00000511481,ENST00000514561	chr4:118740662-118740663
chr4	118740259	118740651	JUNC00000157	6	-	GT-AG	0	0	0	N	0	0	0	NA	NA	NA	chr4:118740662-118740663
chr4	118740808	118740941	JUNC00000158	2261	-	GT-AG	0	0	0	DA	1	1	1	SEC24D	ENSG00000150961	ENST00000280551,ENST00000419654,ENST00000505134,ENST00000511481,ENST00000514561	chr4:118740662-118740663
chr4	118741037	118743988	JUNC00000159	2448	-	GT-AG	0	0	0	DA	1	1	1	SEC24D	ENSG00000150961	ENST00000280551,ENST00000419654,ENST00000505134,ENST00000511481,ENST00000514561	chr4:118740662-118740663
chr4	118741037	118751996	JUNC00000160	20	-	GT-AG	2	2	3	NDA	1	1	0	SEC24D	ENSG00000150961	ENST00000280551,ENST00000419654,ENST00000505134,ENST00000511033,ENST00000511481,ENST00000514561	chr4:118740662-118740663
chr5	428006	430187	JUNC00000161	4	+	GT-AG	0	0	0	D	1	0	0	AHRR,PDCD6-AHRR	ENSG00000063438,ENSG00000288622	ENST00000316418,ENST00000505113,ENST00000506456,ENST00000511487,ENST00000512529,ENST00000675395,ENST00000684583	chr5:432461-432462
chr5	428006	430207	JUNC00000162	10	+	GT-AG	0	0	0	D	1	0	0	AHRR,PDCD6-AHRR	ENSG00000063438,ENSG00000288622	ENST00000316418,ENST00000505113,ENST00000506456,ENST00000511487,ENST00000512529,ENST00000675395,ENST00000684583	chr5:432461-432462
chr5	428006	432353	JUNC00000163	16	+	GT-AG	0	0	0	D	1	0	0	AHRR,PDCD6-AHRR	ENSG00000063438,ENSG00000288622	ENST00000316418,ENST00000505113,ENST00000506456,ENST00000511487,ENST00000512529,ENST00000675395,ENST00000684583	chr5:432461-432462
chr5	428006	432463	JUNC00000164	39	+	GT-AG	0	0	0	DA	1	1	1	AHRR,PDCD6-AHRR	ENSG00000063438,ENSG00000288622	ENST00000316418,ENST00000505113,ENST00000506456,ENST00000511487,ENST00000512529,ENST00000675395,ENST00000684583	chr5:432461-432462
chr5	428006	433853	JUNC00000165	2	+	GT-AG	2	2	2	DA	1	1	1	AHRR,PDCD6-AHRR	ENSG00000063438,ENSG00000288622	ENST00000316418,ENST00000505113,ENST00000506456,ENST00000507048,ENST00000511487,ENST00000512529,ENST00000675395,ENST00000684583	chr5:432461-432462
chr5	428006	446150	JUNC00000166	11	+	GT-AG	4	3	4	NDA	1	1	0	AHRR,EXOC3,PDCD6-AHRR	ENSG00000063438,ENSG00000180104,ENSG00000288622	ENST00000315013,ENST00000316418,ENST00000505113,ENST00000506456,ENST00000508022,ENST00000510441,ENST00000511487,ENST00000512529,ENST00000512944,ENST00000515601,ENST00000675395,ENST00000684583	chr5:432461-432462
chr5	429188	429318	JUNC00000167	2	-	CT-AC	0	0	0	N	0	0	0	NA	NA	NA	chr5:432461-432462
chr5	432524	432806	JUNC00000168	21	+	GT-AG	0	0	0	DA	1	1	1	AHRR,PDCD6-AHRR	ENSG00000063438,ENSG00000288622	ENST00000316418,ENST00000505113,ENST00000506456,ENST00000512529,ENST00000675395,ENST00000684583	chr5:432461-432462
chr5	432524	433853	JUNC00000169	8	+	GT-AG	1	1	1	NDA	1	1	0	AHRR,PDCD6-AHRR	ENSG00000063438,ENSG00000288622	ENST00000316418,ENST00000505113,ENST00000506456,ENST00000507048,ENST00000511487,ENST00000512529,ENST00000675395,ENST00000684583	chr5:432461-432462
chr5	432947	433853	JUNC00000170	84	+	GT-AG	0	0	0	DA	1	1	1	AHRR,PDCD6-AHRR	ENSG00000063438,ENSG00000288622	ENST00000316418,ENST00000505113,ENST00000506456,ENST00000507048,ENST00000511487,ENST00000512529,ENST00000675395,ENST00000684583	chr5:432461-432462
chr5	177393617	177460650	JUNC00000171	1	-	GT-AG	30	21	39	N	0	0	0	NA	NA	NA	chr5:177460554-177460555,chr5:177460555-177460556
chr5	177434194	177459225	JUNC00000172	1	-	CC-CT	9	5	17	N	0	0	0	NA	NA	NA	chr5:177460554-177460555,chr5:177460555-177460556
chr5	177459259	177460434	JUNC00000173	4	-	AG-CC	2	1	2	N	0	0	0	NA	NA	NA	chr5:177460554-177460555,chr5:177460555-177460556
chr5	177459268	177459603	JUNC00000174	85	-	GT-AG	0	0	0	DA	1	1	1	DBN1	ENSG00000113758	ENST00000292385,ENST00000309007,ENST00000393565,ENST00000467054,ENST00000472831,ENST00000512501	chr5:177460554-177460555,chr5:177460555-177460556
chr5	177459268	177460432	JUNC00000175	5882	-	GT-AG	1	1	1	DA	1	1	1	DBN1	ENSG00000113758	ENST00000292385,ENST00000309007,ENST00000393565,ENST00000467054,ENST00000472831,ENST00000477391,ENST00000512501	chr5:177460554-177460555,chr5:177460555-177460556
chr5	177459740	177460432	JUNC00000176	137	-	GT-AG	0	0	0	DA	1	1	1	DBN1	ENSG00000113758	ENST00000292385,ENST00000309007,ENST00000393565,ENST00000467054,ENST00000472831,ENST00000477391,ENST00000512501	chr5:177460554-177460555,chr5:177460555-177460556
chr5	177460548	177460644	JUNC00000177	25	-	GT-AG	2	0	0	D	1	0	0	DBN1	ENSG00000113758	ENST00000292385,ENST00000309007,ENST00000393565,ENST00000472831,ENST00000477391,ENST00000512501	chr5:177460554-177460555,chr5:177460555-177460556
chr5	177460552	177460644	JUNC00000178	1254	-	GT-AG	2	0	0	D	1	0	0	DBN1	ENSG00000113758	ENST00000292385,ENST00000309007,ENST00000393565,ENST00000472831,ENST00000477391,ENST00000512501	chr5:177460554-177460555,chr5:177460555-177460556
chr5	177460555	177460644	JUNC00000179	3906	-	GT-AG	1	0	0	DA	1	1	1	DBN1	ENSG00000113758	ENST00000292385,ENST00000309007,ENST00000393565,ENST00000472831,ENST00000477391,ENST00000512501	chr5:177460554-177460555,chr5:177460555-177460556
chr5	177460703	177466772	JUNC00000180	5304	-	GT-AG	1	0	1	DA	1	1	1	DBN1	ENSG00000113758	ENST00000292385,ENST00000309007,ENST00000393565,ENST00000472831,ENST00000477391,ENST00000512501	chr5:177460554-177460555,chr5:177460555-177460556
chr5	177460703	177466773	JUNC00000181	2	-	TG-AG	1	0	2	A	0	1	0	DBN1	ENSG00000113758	ENST00000292385,ENST00000309007,ENST00000393565,ENST00000472831,ENST00000477391,ENST00000512501	chr5:177460554-177460555,chr5:177460555-177460556
chr6	43186455	43186960	JUNC00000182	250	+	GT-AG	0	0	0	DA	1	1	1	CUL9	ENSG00000112659	ENST00000252050,ENST00000372647,ENST00000451399,ENST00000510282,ENST00000515773	chr6:43187095-43187096
chr6	43186455	43187246	JUNC00000183	20	+	GT-AG	1	1	1	NDA	1	1	0	CUL9	ENSG00000112659	ENST00000252050,ENST00000372647,ENST00000451399,ENST00000510282,ENST00000515773	chr6:43187095-43187096
chr6	43186455	43187713	JUNC00000184	39	+	GT-AG	2	2	2	DA	1	1	1	CUL9	ENSG00000112659	ENST00000252050,ENST00000372647,ENST00000451399,ENST00000510282,ENST00000515773	chr6:43187095-43187096
chr6	43187095	43187246	JUNC00000185	383	+	GT-AG	0	0	0	DA	1	1	1	CUL9	ENSG00000112659	ENST00000252050,ENST00000372647,ENST00000451399,ENST00000510282,ENST00000515773	chr6:43187095-43187096
chr6	43187095	43187713	JUNC00000186	19	+	GT-AG	1	1	1	DA	1	1	1	CUL9	ENSG00000112659	ENST00000252050,ENST00000372647,ENST00000451399,ENST00000510282,ENST00000515773	chr6:43187095-43187096
chr6	43187095	43187909	JUNC00000187	4	+	GT-AG	2	1	1	D	1	0	0	CUL9	ENSG00000112659	ENST00000252050,ENST00000372647,ENST00000451399,ENST00000510282,ENST00000515773	chr6:43187095-43187096
chr6	43187439	43187713	JUNC00000188	351	+	GT-AG	0	0	0	DA	1	1	1	CUL9	ENSG00000112659	ENST00000252050,ENST00000372647,ENST00000451399,ENST00000510282,ENST00000515773	chr6:43187095-43187096
chr6	43187448	43187713	JUNC00000189	14	+	GT-AG	0	0	0	A	0	1	0	CUL9	ENSG00000112659	ENST00000252050,ENST00000372647,ENST00000451399,ENST00000510282,ENST00000515773	chr6:43187095-43187096
chr6	43187734	43187909	JUNC00000190	25	+	GT-AG	0	0	0	N	0	0	0	NA	NA	NA	chr6:43187095-43187096
chr6	43188118	43188523	JUNC00000191	229	+	GT-AG	0	0	0	DA	1	1	1	CUL9	ENSG00000112659	ENST00000252050,ENST00000372647,ENST00000451399,ENST00000510282,ENST00000515773	chr6:43187095-43187096
chr6	43188118	43193001	JUNC00000192	70	+	GT-AG	1	1	1	NDA	1	1	0	CUL9	ENSG00000112659	ENST00000252050,ENST00000372647,ENST00000451399,ENST00000510282,ENST00000515773	chr6:43187095-43187096
chr6	43188715	43193001	JUNC00000193	339	+	GT-AG	0	0	0	DA	1	1	1	CUL9	ENSG00000112659	ENST00000252050,ENST00000372647,ENST00000451399,ENST00000510282,ENST00000515773	chr6:43187095-43187096
chr6	44181320	44182941	JUNC00000194	9	+	GT-AG	0	0	0	DA	1	1	1	CAPN11	ENSG00000137225	ENST00000398776,ENST00000533604	chr6:44181250-44181251
chr6	44181535	44182071	JUNC00000195	14	-	GT-AG	0	0	0	N	0	0	0	NA	NA	NA	chr6:44181250-44181251
chr6	44181613	44181862	JUNC00000196	1	+	CT-AC	0	0	0	N	0	0	0	NA	NA	NA	chr6:44181250-44181251
chr6	44181660	44181862	JUNC00000197	1	+	CT-AC	0	0	0	N	0	0	0	NA	NA	NA	chr6:44181250-44181251
chr6	44181998	44182071	JUNC00000198	3	+	CT-AC	0	0	0	N	0	0	0	NA	NA	NA	chr6:44181250-44181251
chr7	131463625	131504458	JUNC00000199	1	-	CC-TG	0	0	4	N	0	0	0	NA	NA	NA	chr7:131504507-131504508
chr7	131504505	131505868	JUNC00000200	15	-	GT-AG	0	0	0	D	1	0	0	PODXL	ENSG00000128567	ENST00000322985,ENST00000378555,ENST00000446198,ENST00000484346	chr7:131504507-131504508
chr7	131504508	131505868	JUNC00000201	38	-	GT-AG	0	0	0	DA	1	1	1	PODXL	ENSG00000128567	ENST00000322985,ENST00000378555,ENST00000446198,ENST00000484346	chr7:131504507-131504508
chr7	131506035	131506260	JUNC00000202	33	-	GT-AG	1	0	0	DA	1	1	1	PODXL	ENSG00000128567	ENST00000322985,ENST00000378555,ENST00000446198,ENST00000487965,ENST00000490761	chr7:131504507-131504508
chr8	125061195	125063524	JUNC00000203	1	-	TG-TA	0	0	1	N	0	0	0	NA	NA	NA	chr8:125067719-125067720
chr8	125063651	125067592	JUNC00000204	2695	-	GT-AG	0	0	0	DA	1	1	1	WASHC5	ENSG00000164961	ENST00000318410,ENST00000517845	chr8:125067719-125067720
chr8	125063651	125073153	JUNC00000205	47	-	GT-AG	1	1	1	NDA	1	1	0	WASHC5	ENSG00000164961	ENST00000318410,ENST00000517845	chr8:125067719-125067720
chr8	125063651	125076348	JUNC00000206	6	-	GC-AG	3	3	4	NDA	1	1	0	WASHC5	ENSG00000164961	ENST00000318410,ENST00000517845,ENST00000523297	chr8:125067719-125067720
chr8	125067719	125067746	JUNC00000207	28	-	GC-AG	0	0	0	A	0	1	0	WASHC5	ENSG00000164961	ENST00000318410,ENST00000517845	chr8:125067719-125067720
chr8	125067719	125068999	JUNC00000208	8	-	GT-AG	0	0	0	A	0	1	0	WASHC5	ENSG00000164961	ENST00000318410,ENST00000517845	chr8:125067719-125067720
chr8	125067719	125073153	JUNC00000209	3407	-	GT-AG	0	0	0	DA	1	1	1	WASHC5	ENSG00000164961	ENST00000318410,ENST00000517845	chr8:125067719-125067720
chr8	125067767	125073153	JUNC00000210	30	-	GT-AG	0	0	0	D	1	0	0	WASHC5	ENSG00000164961	ENST00000318410,ENST00000517845	chr8:125067719-125067720
chr8	125069030	125073153	JUNC00000211	8	-	GT-AG	0	0	0	D	1	0	0	WASHC5	ENSG00000164961	ENST00000318410,ENST00000517845	chr8:125067719-125067720
chr8	125073324	125074998	JUNC00000212	2552	-	GT-AG	0	0	0	DA	1	1	1	WASHC5	ENSG00000164961	ENST00000318410,ENST00000517845	chr8:125067719-125067720
chr8	125073324	125076439	JUNC00000213	10	-	GT-AG	1	1	3	A	0	1	0	WASHC5	ENSG00000164961	ENST00000318410,ENST00000517845	chr8:125067719-125067720
chr8	138737577	138751458	JUNC00000214	8	-	GT-AG	0	0	0	DA	1	1	1	COL22A1	ENSG00000169436	ENST00000303045,ENST00000435777	chr8:138737576-138737577
chrX	40649672	40654364	JUNC00000215	7	-	GT-AG	0	0	1	DA	1	1	1	MED14	ENSG00000180182	ENST00000324817,ENST00000416199,ENST00000433003	chrX:40655057-40655058
chrX	40651879	40654364	JUNC00000216	525	-	GT-AG	0	0	1	DA	1	1	1	MED14	ENSG00000180182	ENST00000324817,ENST00000416199,ENST00000433003	chrX:40655057-40655058
chrX	40654556	40654935	JUNC00000217	389	-	GT-AG	0	0	0	DA	1	1	1	MED14	ENSG00000180182	ENST00000324817,ENST00000416199,ENST00000433003	chrX:40655057-40655058
chrX	40655060	40659227	JUNC00000218	562	-	GT-AG	0	0	0	DA	1	1	1	MED14	ENSG00000180182	ENST00000324817,ENST00000416199,ENST00000433003,ENST00000472736	chrX:40655057-40655058
chrX	40659334	40659428	JUNC00000219	487	-	GT-AG	0	0	0	DA	1	1	1	MED14	ENSG00000180182	ENST00000324817,ENST00000416199,ENST00000433003,ENST00000472736	chrX:40655057-40655058
