ID	DRB1*04:05	A*29:02	B*45:01	Gene	AA Change	Num Passing Transcripts	Best Peptide	Best Transcript	TSL	Allele	Pos	Prob Pos	Num Passing Peptides	IC50 MT	IC50 WT	%ile MT	%ile WT	RNA Expr	RNA VAF	Allele Expr	RNA Depth	DNA VAF	Tier	Evaluation
chr5-134893641-134893642-T-C	14	1		TXNDC15	S248P	2	ALHFLALDAPQHSSL	ENST00000358387.9	1	DRB1*04:05	10	None	15	24.095	29.100	0.390	0.590	42.950	0.996	42.778	447.000	0.993	Pass	Pending
chr10-125859825-125859826-G-C	15		2	DHX32	P209R	1	LARRELKLIINSSPH	ENST00000284690.4	1	DRB1*04:05	4	None	17	46.230	70.600	1.100	3.120	53.951	0.998	53.843	518.000	1.000	Pass	Pending
chr2-190982493-190982494-G-C	15	2		STAT1	P491A	16	RNLSFFLTPACARWA	ENST00000361099.8	1	DRB1*04:05	10	None	17	98.685	115.030	4.600	5.200	172.622	0.520	89.763	1475.000	0.583	Pass	Pending
chr8-125102410-125102411-G-C	15			NSMCE2	L27F	9	ISFSGVESALSSFKN	ENST00000287437.8	1	DRB1*04:05	13	None	15	54.015	55.665	2.100	2.200	78.578	0.242	19.016	996.000	0.262	Pass	Pending
chrX-154349376-154349377-C-G	15			FLNA	D2581H	4	KAYVGQKSSFTVHCS	ENST00000369850.10	1	DRB1*04:05	13	None	15	194.025	219.670	9.100	12.000	706.463	0.998	705.050	5609.000	0.992	Pass	Pending
chr2-47806319-47806320-G-A	15	2	3	MSH6	D1255N	6	VENYSQNVA	ENST00000234420.11	1	HLA-B*45:01	3	None	20	66.515	332.805	0.254	0.665	48.832	0.338	16.505	352.000	0.318	Pass	Pending
chr5-1331835-1331836-C-A	18			CLPTM1L	K313N	3	DFLAFKNDISFWNKK	ENST00000320895.10	1	DRB1*04:05	13	None	18	159.850	190.850	7.400	9.000	169.373	0.325	55.046	1031.000	0.378	Pass	Pending
chr17-4545724-4545725-T-C	13	1	2	MYBBP1A	E653G	3	LVGILLALLAQPSHL	ENST00000254718.9	1	DRB1*04:05	3	None	16	59.650	64.050	4.300	4.800	47.493	0.319	15.150	420.000	0.352	Pass	Pending
chr22-50177151-50177152-C-T	15	3	2	PANX2	S147F	2	LAFTRLTSELNFLLQ	ENST00000159647.9	1	DRB1*04:05	3	None	20	40.455	400.105	1.200	17.000	10.842	1.000	10.842	124.000	0.996	Pass	Pending
chr17-5007046-5007047-C-T	7	1	2	KIF1C	S433F	1	TEFQIGPEEA	ENST00000320785.10	1	HLA-B*45:01	3	None	10	152.100	166.310	0.350	0.473	121.453	0.297	36.072	1679.000	0.316	Pass	Pending
chr2-669669-669670-C-T	14			TMEM18	M111I	3	VVIWVWKTLNVMTDL	ENST00000281017.8	1	DRB1*04:05	3	None	14	96.465	108.265	6.300	7.100	55.263	0.306	16.910	980.000	0.262	Pass	Pending
chr1-154590262-154590263-T-A	24	2	5	ADAR	E806V	15	AERMGFTVVT	ENST00000368474.9	1	HLA-B*45:01	8	None	31	214.664	219.260	0.330	0.462	131.835	0.348	45.879	1233.000	0.302	Pass	Pending
chr19-57397065-57397066-G-T	17	9	5	ZNF548	D12Y	9	VVFEYVAIY	ENST00000366197.9	1	HLA-A*29:02	5	None	30	41.063	75.490	0.115	0.260	13.433	0.378	5.078	127.000	0.468	Pass	Pending
chr4-108650681-108650682-C-G	9	1	2	OSTC	F9L	3	RVPLLVLECPNLKLK	ENST00000361564.9	1	DRB1*04:05	4	None	12	239.415	84.440	15.000	4.500	173.877	0.486	84.504	1028.000	0.462	Pass	Pending
chrX-1419025-1419026-G-A	15	3		ASMTL	T445M	3	VAMAFNLSRFSSACD	ENST00000381317.9	1	DRB1*04:05	3	None	18	215.995	235.680	13.000	10.290	74.609	0.460	34.320	804.000	0.467	Pass	Pending
chrX-40655057-40655058-G-T	12		2	MED14	F1325L	3	CVHIMKLELLPDQAT	ENST00000324817.6	1	DRB1*04:05	10	None	14	137.050	232.990	6.200	8.800	18.572	1.000	18.572	146.000	1.000	Pass	Pending
chr15-100900576-100900577-G-T	15	2	4	ALDH1A3	D296Y	2	IVCADADLY	ENST00000329841.10	1	HLA-A*29:02	9	None	21	88.086	19997.861	0.425	35.100	15.852	0.542	8.592	153.000	0.359	Pass	Pending
chr9-133354714-133354715-G-C	11			SURF1	N89K	1	RRKWKLKLIAELESR	ENST00000371974.8	1	DRB1*04:05	7	None	11	236.780	134.380	13.000	7.300	46.709	0.762	35.592	563.000	0.700	Pass	Pending
chr13-113425167-113425168-G-T	14	7	8	ADPRHL1	H220N	4	QENWFYFEA	ENST00000375418.8	1	HLA-B*45:01	3	None	27	11.080	11.610	0.027	0.033	2.743	0.917	2.515	24.000	0.517	Pass	Pending
chrX-41344254-41344255-G-C	20	2		DDX3X	R293T	25	ARKFSYRSTVRPCVV	ENST00000399959.7	1	DRB1*04:05	9	None	22	288.220	1359.290	14.000	49.000	158.794	0.999	158.635	1381.000	0.966	Pass	Pending
chr2-63942505-63942506-C-G	15	5		VPS54	D441H	3	LKHIFSKFTIFLQRV	ENST00000409558.8	1	DRB1*04:05	3	None	20	123.070	146.530	6.000	6.800	12.384	1.000	12.384	86.000	1.000	Pass	Pending
chr13-45399008-45399009-C-T	15			SLC25A30	M228I	3	VVRTRIMNQRVLRDG	ENST00000519676.6	1	DRB1*04:05	6	None	15	110.360	188.395	4.500	9.200	20.311	0.520	10.562	223.000	0.451	Pass	Pending
chr12-889169-889170-C-G	7		3	WNK1	Q2212E	7	DAELRRTLSPEMITV	ENST00000530271.6	1	DRB1*04:05	3	None	10	278.575	205.845	15.000	11.000	97.460	0.700	68.222	593.000	0.604	Pass	Pending
chr7-112342710-112342711-G-C	6	2		ZNF277	L445F	2	SKLYALKQSSIFNQL	ENST00000361822.8	1	DRB1*04:05	12	None	8	209.200	151.745	9.800	8.300	58.592	0.347	20.331	505.000	0.434	Pass	Pending
chr1-27793606-27793607-C-G	14		2	STX12	P88R	2	NELLKELGSLRLPLS	ENST00000373943.9	1	DRB1*04:05	11	None	16	237.510	212.750	9.900	9.080	26.914	1.000	26.914	432.000	1.000	Pass	Pending
chr11-6401000-6401001-C-T	9	1		APBB1	A552T	11	FQVYYLGNVPVTKPV	ENST00000311051.7	1	DRB1*04:05	12	None	10	101.105	156.055	4.740	7.100	6.678	1.000	6.678	85.000	0.990	Pass	Pending
chr10-37957500-37957501-C-T	14		3	ZNF25	E21K	1	KEKWKLLTPAQRTLY	ENST00000302609.8	1	DRB1*04:05	3	None	17	97.785	126.545	5.800	8.100	13.090	0.471	6.165	187.000	0.485	Pass	Pending
chr22-50243800-50243801-T-C	15	3		TUBGCP6	H220R	2	VSLFGALVRSRTYDM	ENST00000248846.10	1	DRB1*04:05	9	None	18	215.605	117.860	13.000	4.700	24.241	0.775	18.787	334.000	0.750	Pass	Pending
chr12-112043094-112043095-A-C	13			NAA25	S789R	1	FYLVNDIYELDTRGL	ENST00000261745.9	1	DRB1*04:05	13	None	13	244.890	254.510	15.000	15.000	23.927	1.000	23.927	192.000	1.000	Pass	Pending
chr6-157133135-157133136-G-C	10	1		ARID1B	G910A	9	GQMHAAISSFQQSNS	ENST00000346085.10	1	DRB1*04:05	6	None	11	316.445	685.000	11.250	32.000	39.757	1.000	39.757	163.000	1.000	Pass	Pending
chr5-14507134-14507135-C-T	13		2	TRIO	R2876C	2	SYILVLEMADQGCLL	ENST00000344204.9	1	DRB1*04:05	13	None	15	236.805	161.185	14.000	7.000	74.348	0.250	18.587	376.000	0.259	Pass	Pending
chr8-38428419-38428420-G-A	16			FGFR1	S125L	21	YFSVNVSDALPSLED	ENST00000425967.8	1	DRB1*04:05	13	None	16	378.795	459.775	19.000	21.000	143.964	0.999	143.820	1501.000	1.000	Pass	Pending
chr17-45119014-45119029-TAGACGGTCGTTGTTG-T	7		3	PLCD3	SNNDRL233-238S	1	KECDHSEGA	ENST00000619929.5	1	HLA-B*45:01	6-7	None	10	287.610	6773.136	0.569	7.350	26.946	1.000	26.946	64.000	0.941	Pass	Pending
chr16-58516554-58516555-G-A	13	3	1	SETD6	R185H	4	DLANIHSEY	ENST00000219315.9	1	HLA-A*29:02	6	None	17	103.730	277.900	0.483	0.940	11.622	0.340	3.951	100.000	0.335	Pass	Pending
chr9-35750917-35750918-C-T	15			RGP1	T139I	1	VKYVYKLIIGCQRVN	ENST00000378078.5	1	DRB1*04:05	8	None	15	198.740	228.910	12.000	13.000	12.548	0.995	12.485	194.000	0.979	Pass	Pending
chr11-64320894-64320895-T-C	16			PRDX5	F157L	3	EGKVRLLADPTGALG	ENST00000265462.9	1	DRB1*04:05	14	None	16	428.705	500.700	16.000	20.000	580.692	0.439	254.924	6089.000	0.427	Pass	Pending
chr6-109451607-109451608-G-T	24			MICAL1	L309M	3	KQCLLRLGVMRQPFW	ENST00000358577.7	1	DRB1*04:05	10	None	24	203.395	177.565	11.000	7.700	12.825	1.000	12.825	96.000	0.981	Pass	Pending
chr14-60724007-60724008-C-G	7		3	SIX4	E23Q	2	QENGMQSA	ENST00000216513.5	1	HLA-B*45:01	6	None	10	222.020	324.685	0.230	0.405	15.017	0.987	14.822	76.000	1.000	Pass	Pending
chr3-172353066-172353067-C-T	15	2	2	FNDC3B	P927S	3	NTTMHVMKDLLSETT	ENST00000336824.8	1	DRB1*04:05	12	None	19	334.750	702.150	12.000	28.000	92.076	0.317	29.188	928.000	0.356	Pass	Pending
chr13-98431277-98431278-G-T	11		1	FARP1	R714L	5	HADFRDCLAALAEIT	ENST00000595437.5	1	DRB1*04:05	8	None	12	328.385	922.885	17.000	25.000	26.190	0.994	26.033	169.000	1.000	Pass	Pending
chr18-36067341-36067342-C-G	15		2	RPRD1A	Q21H	4	SELSNSQHSV	ENST00000399022.9	1	HLA-B*45:01	8	None	17	368.845	354.640	0.430	0.415	57.249	0.500	28.625	602.000	0.417	Pass	Pending
chr19-19336157-19336158-A-C	15	2	2	MAU2	S111R	1	EDVKFEAARLLSELY	ENST00000262815.13	1	DRB1*04:05	9	None	19	248.650	279.050	11.000	11.000	34.844	0.437	15.227	238.000	0.345	Pass	Pending
chr18-80138228-80138229-G-T	12			ADNP2	R939I	1	AIAVHLVRCISAPKD	ENST00000262198.9	1	DRB1*04:05	10	None	12	293.620	748.350	13.000	24.000	19.521	0.959	18.721	122.000	1.000	Pass	Pending
chr9-37784015-37784016-T-A	12			EXOSC3	K124N	4	GDHVIGIVTANSGDI	ENST00000327304.10	1	DRB1*04:05	11	None	12	269.345	359.845	10.060	14.420	28.784	0.533	15.342	255.000	0.480	Pass	Pending
chr6-70190343-70190344-G-C	13	3	1	COL19A1	K1019N	1	EEINKYINQEVLRIF	ENST00000620364.5	1	DRB1*04:05	4	None	17	142.320	119.010	6.800	5.900	10.708	0.269	2.880	52.000	0.255	Pass	Pending
chr3-33053544-33053545-G-T	28			GLB1	S115R	4	LSEWRASYNSAGRNI	ENST00000307377.12	1	DRB1*04:05	13	None	28	375.060	404.780	12.000	15.000	77.589	0.253	19.630	782.000	0.314	Pass	Pending
chr8-22566400-22566401-G-C	10			SORBS3	R336P	1	PHAPYLGSAPSLSPH	ENST00000240123.12	1	DRB1*04:05	10	None	10	246.960	502.150	8.140	19.000	23.107	0.374	8.642	195.000	0.464	Pass	Pending
chr1-179109009-179109010-T-C	15	1		ABL2	T753A	3	GGWSGITGFFAPRLI	ENST00000502732.6	1	DRB1*04:05	11	None	16	412.150	297.000	17.670	12.250	50.587	0.429	21.702	28.000	0.373	Pass	Pending
chr6-33723018-33723020-CA-TG	15	2		IP6K3	SV311-312SI	2	LRALLSIIRSQSSYR	ENST00000293756.5	1	DRB1*04:05	7	None	17	47.005	59.795	1.300	1.970	0.009	NA	NA	NA	0.718	Pass	Pending
chr22-37631020-37631021-C-G	6			GGA1	P501A	4	SATSLLHTVSPEPAR	ENST00000381756.9	1	DRB1*04:05	14	None	6	447.795	532.460	18.000	14.500	51.482	0.435	22.395	386.000	0.436	Pass	Pending
chr20-4182496-4182497-C-A	19	2		SMOX	Q287K	6	EPRGVLKRKYTSFFR	ENST00000278795.7	1	DRB1*04:05	9	None	21	489.005	312.790	21.000	12.850	34.520	0.539	18.606	456.000	0.600	Pass	Pending
chr12-31697921-31697922-G-T	15	1	2	AMN1	H118N	4	GIKAVASSCSYLNEA	ENST00000281471.11	1	DRB1*04:05	13	None	18	251.110	327.190	15.000	14.000	15.000	0.178	2.670	73.000	0.453	Pass	Pending
chr11-62752450-62752451-G-A	15	7	2	ZBTB3	S405F	2	LSFEYEAAPGSFGVF	ENST00000394807.5	1	DRB1*04:05	3	None	23	377.635	864.955	18.000	27.000	13.703	0.601	8.236	148.000	0.670	Pass	Pending
chr1-223264671-223264672-G-C	17			SUSD4	L228V	12	SAYLECLQNVIWSSS	ENST00000366878.9	1	DRB1*04:05	10	None	17	371.415	312.180	14.000	12.820	24.362	0.203	4.945	236.000	0.374	Pass	Pending
chr5-145817966-145817967-A-G	14	2		PRELID2	C70R	5	SHRLTWTQYASMKEE	ENST00000394450.6	1	DRB1*04:05	3	None	16	325.710	555.565	16.000	29.000	7.144	0.386	2.758	88.000	0.324	Pass	Pending
chr4-176120050-176120052-AG-GA	10			WDR17	KV188-189KI	4	KGKIVFGHIDGSLSI	ENST00000280190.8	1	DRB1*04:05	4	None	10	172.930	183.970	6.900	7.000	0.514	NA	NA	NA	0.508	Pass	Pending
chr16-2295600-2295601-C-G	15	2	1	ABCA3	E801D	2	GAELSFILPRDSTHR	ENST00000301732.10	1	DRB1*04:05	11	None	18	404.700	522.160	22.000	25.000	6.120	0.628	3.843	86.000	0.578	Pass	Pending
chr15-43149136-43149137-G-C	7		1	TMEM62	W284C	2	CKDNRRYRIFAFDHD	ENST00000260403.7	1	DRB1*04:05	1	None	8	454.995	700.005	33.000	32.000	3.179	1.000	3.179	39.000	0.960	Pass	Pending
chr3-52395054-52395055-C-T	15		2	DNAH1	P3655L	2	EPRFIELQTANLSVV	ENST00000420323.7	1	DRB1*04:05	7	None	17	40.560	559.760	1.200	17.000	3.000	0.550	1.650	20.000	0.263	LowExpr	Pending
chr14-32600790-32600791-A-T	4	3	3	AKAP6	K910M	3	PMAEVQLCY	ENST00000280979.9	1	HLA-A*29:02	2	None	10	31.665	3170.065	0.225	3.200	2.905	0.250	0.726	8.000	0.708	LowExpr	Pending
chr1-204125889-204125890-C-T	14	3	1	SOX13	S542L	2	QMSSLDVLY	ENST00000367204.6	1	HLA-A*29:02	5	None	18	10.785	19.095	0.155	0.200	2.664	0.105	0.280	19.000	0.339	LowExpr	Pending
chr5-177460554-177460555-C-T	13		12	DBN1	E280K	5	SESEVEKAA	ENST00000292385.9	1	HLA-B*45:01	7	None	25	58.840	48.155	0.200	0.145	109.087	0.009	0.982	1076.000	0.285	LowExpr	Pending
chr16-25246937-25246938-C-T	15	4	1	ZKSCAN2	E420K	1	PCAFFKDMDALLNPA	ENST00000328086.12	1	DRB1*04:05	6	None	20	101.450	245.215	5.000	14.000	4.925	0.441	2.172	68.000	0.454	LowExpr	Pending
chrX-9937278-9937279-G-C	8			SHROOM2	D1245H	3	EKHQIKTLSTSEQFY	ENST00000380913.8	1	DRB1*04:05	3	None	8	121.005	156.515	4.010	4.580	0.608	1.000	0.608	4.000	1.000	LowExpr	Pending
chr2-71611503-71611504-C-G	15		1	DYSF	L1367V	11	MKSYQVANISSPSLV	ENST00000410020.8	1	DRB1*04:05	6	None	16	116.705	68.535	6.700	3.300	0.119	1.000	0.119	2.000	1.000	LowExpr	Pending
chr1-86453473-86453474-G-A	11		2	CLCA2	G754E	1	SGGSFSVLEVPAGPH	ENST00000370565.5	1	DRB1*04:05	9	None	13	179.275	238.690	8.700	9.600	0.509	1.000	0.509	2.000	0.575	LowExpr	Pending
chr9-137436071-137436072-C-T	11			ENTPD8	G331S	2	ELFNFSSCQSQEDCA	ENST00000344119.6	1	DRB1*04:05	10	None	11	132.500	392.460	6.300	22.000	0.236	0.500	0.118	4.000	0.346	LowExpr	Pending
chr20-10054508-10054509-G-C	8		1	ANKEF1	K694N	2	SSIYGVPTTSEGNKV	ENST00000378392.6	1	DRB1*04:05	13	None	9	268.600	235.935	10.780	7.700	3.908	0.382	1.493	34.000	0.521	LowExpr	Pending
chr6-32181195-32181196-G-T			7	AGER	L404M	3	AEMNQSEEP	ENST00000375069.7	1	HLA-B*45:01	3	None	7	262.310	415.285	0.600	1.095	2.211	0.462	1.021	26.000	0.510	LowExpr	Pending
chr1-183880710-183880711-A-C	15			RGL1	Y209S	2	PHFPCLQKLLDSLTR	ENST00000304685.8	1	DRB1*04:05	12	None	15	199.325	354.655	9.920	17.000	0.461	0.286	0.132	7.000	0.300	LowExpr	Pending
chr15-74280668-74280669-G-T	15		1	CCDC33	M178I	2	ALVLEYYSSTSIKGS	ENST00000558659.5	1	DRB1*04:05	12	None	16	216.650	213.150	3.100	4.300	0.158	1.000	0.158	1.000	0.585	LowExpr	Pending
chr3-186164997-186164998-C-T	15			DGKG	E706K	3	DQLLKVVGLEGAMEM	ENST00000265022.8	1	DRB1*04:05	5	None	15	275.655	363.880	13.000	18.000	0.612	1.000	0.612	2.000	0.518	LowExpr	Pending
chr6-152325133-152325134-C-T	11			SYNE1	E5203K	2	RWTRLRAVAQDQKKI	ENST00000367255.10	1	DRB1*04:05	13	None	11	377.775	317.395	20.000	15.000	5.739	0.286	1.641	7.000	0.323	LowExpr	Pending
chr5-141332647-141332648-C-T	9	1		PCDHGA1	S655F	2	QPPLFATVTLTVAVA	ENST00000517417.3	1	DRB1*04:05	5	None	10	331.685	1976.840	14.000	26.000	0.326	0.571	0.186	7.000	0.681	LowExpr	Pending
chr4-373601-373602-C-T	4	3	1	ZNF141	H389Y	1	KIYTGEKPY	ENST00000240499.8	1	HLA-A*29:02	3	None	8	489.770	2460.050	1.205	2.750	2.222	0.821	1.824	39.000	0.917	LowExpr	Pending
chr15-45133932-45133933-G-A	10		2	DUOX1	R43K	4	RFDGWYNNLMEHKWG	ENST00000321429.8	1	DRB1*04:05	13	None	12	435.625	398.855	24.000	23.000	0.947	1.000	0.947	2.000	1.000	LowExpr	Pending
chr3-171138369-171138370-G-T	14		6	TNIK	R448S	8	AEHEQEYKS	ENST00000357327.9	1	HLA-B*45:01	9	None	20	413.990	1410.590	0.690	2.750	3.976	0.167	0.664	12.000	0.270	LowExpr	Pending
chr7-155462475-155462476-A-G	15	2	2	EN2	Q264R	1	AEFRTNRYLT	ENST00000297375.4	1	HLA-B*45:01	4	None	19	371.485	242.275	0.900	0.607	0.408	0.375	0.153	16.000	0.263	LowExpr	Pending
chrX-68717715-68717716-G-A	7			STARD8	G268S	3	FYRAKNWAATSASGS	ENST00000374599.8	1	DRB1*04:05	13	None	7	480.025	811.480	24.000	32.000	0.753	1.000	0.753	3.000	1.000	LowExpr	Pending
chr8-132141242-132141243-C-G	13			KCNQ3	D451H	5	KGKLFTPLNVHAIEE	ENST00000388996.10	1	DRB1*04:05	11	None	13	385.990	375.410	12.000	13.000	0.019	1.000	0.019	2.000	0.291	LowExpr	Pending
chr1-150261628-150261629-G-A	10			CA14	G83S	2	NNSHTVQLSLPSTLY	ENST00000369111.9	1	DRB1*04:05	3	None	10	479.340	533.380	19.000	21.000	0.137	0.500	0.069	4.000	0.321	LowExpr	Pending
chrX-1419095-1419096-G-A	15	2	2	ASMTL	P422S	3	SETRLRFMRA	ENST00000381317.9	1	HLA-B*45:01	1	None	19	104.095	2967.105	0.400	4.550	74.609	0.223	16.638	847.000	0.226	Subclonal	Pending
chr14-55180753-55180754-G-A	15	1		DLGAP5	S202L	3	PTLLRMTRSATQAAK	ENST00000247191.7	1	DRB1*04:05	3	None	16	79.995	165.955	3.600	4.400	53.642	0.224	12.016	825.000	0.240	Subclonal	Pending
chr8-125436370-125436371-C-T	15	4	1	TRIB1	S340F	3	WFEFVLEPGY	ENST00000311922.4	1	HLA-A*29:02	4	None	20	107.970	111.211	0.500	0.432	78.491	0.102	8.006	795.000	0.133	Subclonal	Pending
chr7-140024672-140024681-TCAAAGATCA-T	10	2		PARP12	VIFE662-665E	1	SIFEKHQVY	ENST00000263549.8	1	HLA-A*29:02	3-4	None	12	126.800	144.030	0.265	0.295	29.767	0.153	4.554	307.000	0.108	Subclonal	Pending
chr4-103145955-103145956-C-G	12		2	CENPE	R1404T	2	IEIEMLGLSKTLQES	ENST00000380026.8	1	DRB1*04:05	11	None	14	185.065	906.465	8.800	43.000	29.958	0.242	7.250	380.000	0.239	Subclonal	Pending
chr16-3745299-3745300-G-C	14	4		CREBBP	H1297Q	4	GRKMHQICVLQYDII	ENST00000262367.10	1	DRB1*04:05	11	None	18	308.080	314.285	17.000	17.000	54.323	0.303	16.460	251.000	0.239	Subclonal	Pending
chr10-125729432-125729433-C-G	12	5		EDRF1	P324A	6	NMAIFGGGRY	ENST00000356792.9	1	HLA-A*29:02	3	None	17	195.695	278.385	0.689	1.015	17.377	0.185	3.215	205.000	0.155	Subclonal	Pending
chr11-63544840-63544860-GTGAGCACTTTGTCACCCAGC-G	6			PLAAT4	FS113-120	3	KMKYSIVSRNCEIWQ	ENST00000255688.8	1	DRB1*04:05	13-15	None	6	234.040	237.865	11.000	9.800	43.703	0.115	5.026	426.000	0.071	Subclonal	Pending
chr5-7886679-7886680-G-C	15	3		MTRR	E402Q	2	CSLQFIFTWCLQIRA	ENST00000264668.6	1	DRB1*04:05	12	None	18	394.550	443.750	20.000	22.000	64.271	0.204	13.111	372.000	0.194	Subclonal	Pending
chr8-125436370-125436372-CC-TT	15	4	1	TRIB1	S340F	3	WFEFVLEPGY	ENST00000311922.4	1	HLA-A*29:02	4	None	20	107.970	111.211	0.500	0.432	78.491	NA	NA	NA	0.136	Subclonal	Pending
chr14-21403125-21403126-C-A	15	1		CHD8	R923L	7	SDLFVFLLCTRAGGL	ENST00000430710.8	1	DRB1*04:05	3	None	16	321.105	236.345	18.000	11.000	62.447	0.042	2.623	518.000	0.071	Subclonal	Pending
chr7-75881385-75881386-G-A	7		3	RHBDD2	R67K	1	MEGGVKITA	ENST00000454791.1	2	HLA-B*45:01	6	None	10	61.465	53.445	0.150	0.150	84.058	0.283	23.788	329.000	0.189	Poor	Pending
chr19-16093698-16093699-G-C	10		6	TPM4	E201Q	10	KEAETRAQFA	ENST00000586833.7	5	HLA-B*45:01	8	None	16	190.315	166.200	0.294	0.359	370.472	0.654	242.289	4066.000	0.480	Poor	Pending
chr15-62819536-62819537-G-A	13	2		TLN2	E2265K	3	TPKFKQQLAAFSKRV	ENST00000561311.5	5	DRB1*04:05	3	None	15	63.355	72.795	1.700	2.700	20.006	0.351	7.022	154.000	0.452	Poor	Pending
chr19-21536794-21536799-TAAGAG-T	9	3		ZNF429	FS248-249	1	KAFNHYSTLTNHNSY	ENST00000358491.9	3	DRB1*04:05	13-15	None	12	70.150	76.075	2.400	3.300	14.439	0.298	4.303	84.000	0.212	Poor	Pending
chr1-43432295-43432296-G-C	15		1	SZT2	G1767R	2	KEEFRRLHLPRHVLL	ENST00000634258.3	5	DRB1*04:05	11	None	16	147.365	270.160	9.600	19.000	34.708	0.344	11.940	96.000	0.338	Poor	Pending
chr1-39429921-39429922-G-C	15			MACF1	E5699Q	7	SSKALRTLQQARQLA	ENST00000567887.5	5	DRB1*04:05	9	None	15	443.810	701.455	21.000	27.000	126.838	0.372	47.184	819.000	0.333	Poor	Pending
chr11-862686-862687-C-G	15	3		TSPAN4	I67M	13	MGFVGCLGAIKENKC	ENST00000397397.7	1	DRB1*04:05	1	None	18	527.945	528.850	23.000	23.000	72.214	0.996	71.925	550.000	1.000	Poor	Pending
chr5-133103958-133103959-T-C	12		1	HSPA4	L751P	1	PQNKQSLTMDPVVKS	ENST00000304858.7	1	DRB1*04:05	1	None	13	575.995	547.255	24.000	23.000	114.662	0.996	114.203	1368.000	1.000	Poor	Pending
chr5-1814504-1814505-G-A	9	1		NDUFS6	R118H	1	WPPVHMLGQPAHPHT	ENST00000469176.1	2	DRB1*04:05	12	None	10	593.430	1312.100	26.000	34.000	181.433	0.500	90.716	6.000	0.410	Poor	Pending
chr2-102015965-102015966-C-T	15	1		IL1R2	T143I	4	AFLPFISYPQILILS	ENST00000332549.8	1	DRB1*04:05	13	None	16	75.050	90.895	2.600	3.300	0.517	0.300	0.155	10.000	0.200	Poor	Pending
chr8-133256733-133256734-C-G	8		1	NDRG1	E44Q	1	QGQISGWTQALPDMV	ENST00000674925.1	NA	DRB1*04:05	1	None	9	675.050	682.600	30.000	30.000	678.195	0.274	185.825	223.000	0.402	Poor	Pending
chr3-121697676-121697677-G-C	6		3	GOLGB1	A949G	5	KEQLNLLSRAEEGKK	ENST00000393667.7	1	DRB1*04:05	13	None	9	602.060	504.600	17.000	14.000	45.429	0.967	43.930	307.000	1.000	Poor	Pending
chr17-7675087-7675088-C-T	3		1	TP53	R175H	20	AIYKQSQHMTEVVRH	ENST00000269305.9	1	DRB1*04:05	15	None	4	701.045	613.665	29.000	32.000	165.032	1.000	165.032	1415.000	0.989	Poor	Pending
chr7-102317255-102317256-A-G	11			SH2B2	H462R	2	PWFRGTLSRVKAAQL	ENST00000536178.3	1	DRB1*04:05	4	None	11	202.300	257.600	9.900	15.000	6.055	0.223	1.350	94.000	0.181	Poor	Pending
chr16-74391670-74391671-C-T	14	1	1	NPIPB15	P308L	2	NLKEYLLVPLPLSPL	ENST00000429990.1	5	DRB1*04:05	12	None	16	118.370	55.550	6.300	3.100	10.432	0.015	0.156	68.000	0.409	Poor	Pending
chr1-168179177-168179178-A-T	15			TIPRL	E34V	2	ASKTHIMKSADVVKL	ENST00000367833.7	1	DRB1*04:05	13	None	15	502.475	563.850	25.000	21.000	55.746	0.332	18.508	927.000	0.273	Poor	Pending
chr12-48693119-48693120-G-C	4	1		CCNT1	I698M	1	VRPYSDYLNPRSGGM	ENST00000261900.8	1	DRB1*04:05	15	None	5	592.420	565.935	22.000	21.890	23.125	1.000	23.125	230.000	1.000	Poor	Pending
chr22-41524890-41524891-G-C	12	3		ACO2	E510Q	10	IAGTLKFNPQTDYLT	ENST00000216254.9	1	DRB1*04:05	10	None	15	685.230	1240.085	28.000	36.000	119.616	0.238	28.469	1640.000	0.216	Poor	Pending
chr15-49282070-49282071-G-T	14		2	GALK2	A197S	5	GGGMDQSISFLSEEG	ENST00000560031.6	1	DRB1*04:05	12	None	16	771.105	1403.035	23.000	29.550	24.473	1.000	24.473	184.000	1.000	Poor	Pending
chr2-219471924-219471925-A-G	10			SPEG	Y1258C	1	HAGVCKSVIANKLGK	ENST00000312358.12	5	DRB1*04:05	5	None	10	804.090	94.090	33.000	3.400	66.211	0.397	26.286	126.000	0.333	Poor	Pending
chr3-154284949-154284950-C-T	13		7	DHX36	G690E	6	PLEVHLARLPVEPHI	ENST00000496811.6	1	DRB1*04:05	3	None	20	315.170	317.175	14.000	14.000	66.432	0.022	1.462	446.000	0.107	Poor	Pending
chr1-27359862-27359863-T-G	11			MAP3K6	I772L	2	RDLKGDNVLINTFSG	ENST00000357582.3	1	DRB1*04:05	3	None	11	579.750	620.065	27.000	21.000	32.590	0.315	10.266	295.000	0.260	Poor	Pending
chr1-52961569-52961570-C-A	10			SCP2	A155D	7	KHVDLLINKYGLSDH	ENST00000371514.8	1	DRB1*04:05	14	None	10	981.090	1253.200	32.000	39.000	51.669	0.534	27.591	219.000	0.482	Poor	Pending
chr9-35609475-35609476-C-T	14	1	2	TESK1	H539Y	2	AQYSLPRAA	ENST00000336395.6	1	HLA-B*45:01	3	None	17	580.639	539.030	0.838	0.812	9.206	1.000	9.206	97.000	1.000	Poor	Pending
chr7-112821984-112821985-G-T	15	1		BMT2	T326K	2	HLMAFRKISLKTKSD	ENST00000297145.9	1	DRB1*04:05	13	None	16	504.600	219.500	21.000	12.000	34.269	0.188	6.443	224.000	0.179	Poor	Pending
chr8-125028638-125028639-T-C	13			WASHC5	Y1135C	2	DVVGALLFLEDYVRC	ENST00000318410.12	1	DRB1*04:05	15	None	13	666.535	616.410	20.000	30.000	65.088	0.212	13.799	448.000	0.139	Poor	Pending
chrX-77681732-77681733-T-C	2		3	ATRX	K1175E	4	SEKKAVIV	ENST00000373344.11	1	HLA-B*45:01	2	None	5	1330.390	29762.686	0.835	26.634	57.053	0.990	56.482	293.000	1.000	Poor	Pending
chr2-53901384-53901385-G-C	11	1	3	PSME4	H1084D	1	AEKIDRQYET	ENST00000404125.6	1	HLA-B*45:01	5	None	15	751.770	797.505	0.935	0.870	57.847	0.276	15.966	601.000	0.350	Poor	Pending
chr17-4818361-4818376-TGGACAGAATCCTGAA-T	6	2		PLD2	VDRILK662-667V	3	IVAHKQGWCY	ENST00000263088.11	1	HLA-A*29:02	2-3	None	8	268.160	5002.411	0.682	3.635	35.110	0.012	0.421	328.000	0.225	Poor	Pending
chr19-17052841-17052842-C-G	12		1	HAUS8	K304N	3	AKNDLELRRSFAQVL	ENST00000253669.10	1	DRB1*04:05	3	None	13	542.190	522.045	19.000	19.000	10.348	0.602	6.229	98.000	0.548	Poor	Pending
chr20-41165771-41165772-C-G	11			PLCG1	S582C	3	LLTEYCIETGAPDGC	ENST00000373271.5	1	DRB1*04:05	15	None	11	1175.800	1118.400	35.000	34.000	67.838	0.444	30.120	392.000	0.429	Poor	Pending
chr6-46662451-46662452-C-G	11		1	SLC25A27	Q154E	3	QFLANPTDLVKVEMQ	ENST00000371347.10	1	DRB1*04:05	13	None	12	584.725	370.540	19.820	17.000	14.615	0.521	7.614	71.000	0.484	Poor	Pending
chr18-80136551-80136552-C-T	15			ADNP2	P380L	1	VGLVNKSVGTSVLPI	ENST00000262198.9	1	DRB1*04:05	3	None	15	977.390	1495.285	43.000	54.000	19.521	1.000	19.521	143.000	0.932	Poor	Pending
chr20-23354058-23354059-C-G	6	1		NXT1	F6L	1	MASVDLKTY	ENST00000254998.3	1	HLA-A*29:02	6	None	7	824.715	411.115	1.435	1.205	38.946	0.422	16.435	519.000	0.375	Poor	Pending
chr2-216428741-216428742-C-G	9	1	3	SMARCAL1	L432V	4	VDPKVVSNLMPFQRA	ENST00000358207.9	1	DRB1*04:05	5	None	13	615.775	342.620	28.000	17.000	14.405	0.520	7.491	179.000	0.457	Poor	Pending
chr9-137199427-137199428-T-A	7			TPRN	E428D	2	PPPFLPAASDEAEPA	ENST00000409012.6	1	DRB1*04:05	10	None	7	503.355	375.295	12.720	13.070	10.805	0.333	3.598	93.000	0.296	Poor	Pending
chr2-61348284-61348285-C-G	6			USP34	D624H	1	SEDIADIEALKEEHE	ENST00000398571.7	5	DRB1*04:05	14	None	6	975.310	896.040	29.000	28.000	47.363	0.355	16.814	591.000	0.284	Poor	Pending
chr9-137255473-137255474-G-C	1		3	NELFB	G37R	1	GERAGDRAP	ENST00000343053.6	1	HLA-B*45:01	7	None	4	1287.920	1556.750	2.100	2.200	32.319	0.812	26.243	80.000	0.600	Poor	Pending
chr8-66813873-66813874-C-T	13			SGK3	A92V	10	QRRVGLNEFIQNLVR	ENST00000345714.8	1	DRB1*04:05	4	None	13	391.030	530.410	21.000	25.000	2.109	0.571	1.204	7.000	0.230	Poor	Pending
chr12-49526214-49526215-G-A	6			SPATS2	R533H	3	PTPSFKKGLPQHKPR	ENST00000321898.10	1	DRB1*04:05	12	None	6	1246.400	955.300	47.000	42.000	23.424	1.000	23.424	334.000	0.968	Poor	Pending
chr17-29286059-29286060-C-G	8		1	NUFIP2	R645T	1	AKEQRYQTGLERNDS	ENST00000225388.9	1	DRB1*04:05	8	None	9	1692.700	2197.790	44.000	35.000	31.008	0.998	30.946	661.000	1.000	Poor	Pending
chr19-16572288-16572289-C-G	6		1	SLC35E1	E26Q	2	RQGARVAALCLLWYA	ENST00000595753.6	1	DRB1*04:05	2	None	7	1815.110	1877.660	56.000	57.000	38.810	0.816	31.669	38.000	0.698	Poor	Pending
chr19-52384796-52384797-A-G	1	2	1	ZNF880	Q406R	1	RMHTGERPY	ENST00000422689.3	2	HLA-A*29:02	7	None	4	370.480	120.945	0.785	0.510	31.855	0.012	0.382	82.000	0.647	Poor	Pending
chr20-17659330-17659331-C-T	5			RRBP1	E393K	2	NQGKKVKGAQNQGKK	ENST00000246043.8	1	DRB1*04:05	7	None	5	2661.530	4446.265	39.000	52.000	153.904	0.493	75.875	676.000	0.574	Poor	Pending
chr20-35384131-35384132-C-G	14		3	UQCC1	W44S	8	RALSRTSQSPQMSQS	ENST00000374385.10	1	DRB1*04:05	9	None	17	1074.700	2441.685	43.000	61.000	47.722	0.327	15.605	581.000	0.434	Poor	Pending
chr6-118491773-118491774-G-A	13		5	CEP85L	S450F	6	GEFEQKLAFTEKEVL	ENST00000368491.8	1	DRB1*04:05	9	None	18	757.915	729.650	28.000	16.000	16.147	0.421	6.798	95.000	0.581	Poor	Pending
chr1-36179727-36179728-G-A	3		3	MAP7D1	E765K	4	KEKPIPQEP	ENST00000373151.6	1	HLA-B*45:01	3	None	6	1880.870	1720.405	3.850	3.210	93.193	0.326	30.381	1643.000	0.309	Poor	Pending
chr19-6044262-6044263-G-C	9			RFX2	A37G	6	SPQRVLVQAGSSNPK	ENST00000303657.10	1	DRB1*04:05	10	None	9	1115.105	382.195	25.000	14.000	15.809	1.000	15.809	45.000	0.989	Poor	Pending
chr7-82916602-82916603-C-A	8	3	8	PCLO	D515Y	3	KEIYAKLRYLEMGIN	ENST00000437081.1	1	DRB1*04:05	4	None	19	429.125	855.850	21.000	33.000	4.482	0.171	0.766	35.000	0.222	Poor	Pending
chr22-18606897-18606898-G-A	9			RIMBP3	R1513C	1	YLSECNRQVGNIPGC	ENST00000619918.1	NA	DRB1*04:05	15	None	9	3799.500	3556.900	63.430	68.140	207.888	1.000	207.888	2.000	0.504	Poor	Pending
chr2-175093191-175093192-C-G	3			ATF2	D352H	10	HEKRRKFLERNRAAA	ENST00000264110.7	1	DRB1*04:05	1	None	3	2584.765	2611.660	64.000	65.000	100.906	0.445	44.903	878.000	0.461	Poor	Pending
chr8-123220246-123220247-C-A	6			C8orf76	E333D	1	DVKCVGSVALTALVT	ENST00000276704.6	1	DRB1*04:05	1	None	6	821.835	821.560	32.000	30.000	45.915	0.173	7.943	352.000	0.129	Poor	Pending
chr16-87417563-87417564-G-C	10			ZCCHC14	L290V	4	TSPAILMPSSVQTPQ	ENST00000268616.9	1	DRB1*04:05	11	None	10	598.630	376.255	19.000	15.000	12.705	0.248	3.151	153.000	0.277	Poor	Pending
chr19-14049194-14049195-C-T	9		1	IL27RA	A428V	1	LVGPTLWRLQDVPPG	ENST00000263379.4	1	DRB1*04:05	12	None	10	669.990	715.385	20.030	16.380	13.617	0.305	4.153	197.000	0.262	Poor	Pending
chr10-132163376-132163377-C-G	12		3	JAKMIP3	R795G	20	GERMELLQLAQQRIK	ENST00000298622.9	5	DRB1*04:05	1	None	15	573.290	521.715	23.560	18.150	3.848	0.625	2.405	24.000	0.462	Poor	Pending
chr9-120858190-120858191-G-A	10		3	PHF19	P518L	3	AELDGRCLSD	ENST00000616568.5	1	HLA-B*45:01	8	None	13	1481.960	1416.205	2.187	2.300	47.989	0.447	21.451	103.000	0.517	Poor	Pending
chr1-227091907-227091908-T-G	15		4	CDC42BPA	K778T	6	KTLTSELDKLTTLYE	ENST00000366769.7	1	DRB1*04:05	2	None	19	594.445	593.515	23.000	23.000	40.050	0.063	2.523	317.000	0.231	Poor	Pending
chr7-92077866-92077867-G-C	14			AKAP9	D2313H	18	KLQQQLKITTHNKVI	ENST00000356239.8	1	DRB1*04:05	11	None	14	1192.645	681.050	40.000	20.400	36.250	0.408	14.790	238.000	0.412	Poor	Pending
chr19-5928080-5928081-C-G	4		3	RANBP3	E229Q	5	SEAADEEKQP	ENST00000439268.6	1	HLA-B*45:01	9	None	7	3043.580	2190.005	2.750	2.060	36.036	1.000	36.036	320.000	0.987	Poor	Pending
chr2-236392010-236392011-C-T	4		1	IQCA1	E460K	5	RERKRPVKA	ENST00000409907.8	1	HLA-B*45:01	4	None	5	569.810	406.695	0.855	0.596	14.414	0.087	1.254	149.000	0.233	Poor	Pending
chr14-91783159-91783160-T-A	13		3	TC2N	K471N	5	VNQWNETVINPEKVV	ENST00000340892.9	1	DRB1*04:05	5	None	16	403.665	222.525	17.000	9.600	1.985	0.125	0.248	16.000	0.151	Poor	Pending
chr8-143795429-143795430-C-T	6		1	SCRIB	G1235D	5	ISSIDRELSPEDPGK	ENST00000320476.7	1	DRB1*04:05	12	None	7	1121.730	3235.175	30.000	64.000	61.627	0.141	8.689	687.000	0.162	Poor	Pending
chr18-14106118-14106119-G-C	11	3		ZNF519	P141A	1	PQFLSAAPTEPCIAM	ENST00000590202.3	1	DRB1*04:05	14	None	14	700.950	868.410	20.000	21.300	8.050	0.350	2.817	20.000	0.453	Poor	Pending
chr17-80086142-80086143-G-C	14		6	CCDC40	E792D	2	QEQDEQLA	ENST00000397545.9	5	HLA-B*45:01	4	None	20	633.110	723.495	0.740	0.610	5.546	0.300	1.664	10.000	0.181	Poor	Pending
chrX-15355261-15355262-C-T	15			VEGFD	E177K	1	LFEISVPLTSVPKLV	ENST00000297904.4	1	DRB1*04:05	13	None	15	537.660	442.640	27.000	22.000	0.674	1.000	0.674	5.000	0.987	Poor	Pending
chr10-32567832-32567833-C-T	9		3	CCDC7	S454L	5	KETRKLLVSDSGGQR	ENST00000277657.12	1	DRB1*04:05	6	None	12	903.070	4268.070	25.340	48.300	20.750	0.208	4.316	226.000	0.359	Poor	Pending
chr2-31366060-31366061-G-C	8			XDH	R791G	1	KMLGVPANRIVVGVK	ENST00000379416.4	1	DRB1*04:05	13	None	8	1191.740	925.115	48.000	44.000	9.677	1.000	9.677	83.000	1.000	Poor	Pending
chrX-78015862-78015863-G-C	13		4	ATP7A	D870H	13	HESLITGEAMPVAKK	ENST00000341514.11	1	DRB1*04:05	1	None	17	944.920	1084.775	25.000	25.000	5.153	0.951	4.901	41.000	0.982	Poor	Pending
chr22-26540809-26540810-G-T	5			TPST2	P274H	4	HGGVSLSKIERSTDQ	ENST00000338754.9	1	DRB1*04:05	1	None	5	999.575	1155.440	19.990	24.920	28.333	0.210	5.950	371.000	0.203	Poor	Pending
chr6-43587456-43587457-G-A	8		1	POLH	G153D	2	LPSTYIEGLPQDPTT	ENST00000372236.9	1	DRB1*04:05	12	None	9	895.550	1661.150	32.000	46.000	12.570	0.291	3.658	237.000	0.230	Poor	Pending
chr19-52384795-52384796-C-A	1	2	1	ZNF880	Q406K	1	RMHTGEKPY	ENST00000422689.3	2	HLA-A*29:02	7	None	4	516.495	120.945	0.800	0.510	31.855	0.012	0.382	85.000	0.588	Poor	Pending
chrX-9967396-9967397-G-A	14	3	3	CLDN34	V14I	1	CQFSIFALTTIGWIL	ENST00000445307.4	NA	DRB1*04:05	5	None	20	427.850	587.800	25.000	33.000	0.013	1.000	0.013	1.000	0.989	Poor	Pending
chrX-107601385-107601386-G-T	11			FRMPD3	S1116I	4	TPKRIKLEETSLVPR	ENST00000276185.9	5	DRB1*04:05	5	None	11	443.600	3077.750	13.000	59.000	0.100	0.500	0.050	4.000	0.391	Poor	Pending
chr7-77600798-77600799-C-T	10		1	PTPN12	H230Y	5	DVPICIYCSAGCGRT	ENST00000248594.11	1	DRB1*04:05	7	None	11	2987.865	8267.105	66.000	83.000	128.676	0.161	20.717	732.000	0.203	Poor	Pending
chrX-71378281-71378287-GAGATAT-G	5			TAF1	GDI306-308G	7	PVESKFSQSTGDKVT	ENST00000373790.9	1	DRB1*04:05	12-13	None	5	1687.705	1408.020	44.000	30.890	18.137	0.745	13.512	153.000	0.894	Poor	Pending
chr16-49281350-49281351-C-T	9			CBLN1	D39N	3	EGKCLVVCNSNPTSD	ENST00000219197.11	1	DRB1*04:05	9	None	9	512.700	823.755	20.000	19.000	0.713	0.400	0.285	5.000	0.215	Poor	Pending
chr1-42775287-42775288-A-G	14		1	C1orf50	D165G	1	AYKLQHDLSWTPYEG	ENST00000372525.7	1	DRB1*04:05	15	None	15	685.600	511.765	22.680	22.000	20.783	0.062	1.289	226.000	0.101	Poor	Pending
chr3-56617278-56617279-G-C	2			CCDC66	E671Q	3	KQELTQDKGASLQKE	ENST00000394672.8	1	DRB1*04:05	13	None	2	4386.990	5552.325	56.000	56.000	24.974	1.000	24.974	133.000	1.000	Poor	Pending
chr9-129102403-129102404-T-C	16	4		CRAT	Y209C	7	CQFFELDVYHSDGTP	ENST00000318080.7	1	DRB1*04:05	1	None	20	508.370	536.100	18.780	10.000	11.624	0.018	0.209	169.000	0.275	Poor	Pending
chr7-97006043-97006044-G-C	13	2		DLX6	E23Q	1	KSAFMQFGQQQQQQQ	ENST00000518156.3	1	DRB1*04:05	6	None	15	648.990	1093.500	13.000	30.000	2.584	0.424	1.096	33.000	0.411	Poor	Pending
chr15-50643416-50643417-T-G	15			TRPM7	K153T	2	RITQLLGKGLIKAAV	ENST00000560955.5	1	DRB1*04:05	3	None	15	1702.905	1428.710	51.000	46.000	28.628	0.450	12.883	416.000	0.500	Poor	Pending
chr4-154491218-154491219-G-C	12			DCHS2	S46C	2	ARTQRCLLWLLVHVW	ENST00000357232.10	1	DRB1*04:05	6	None	12	805.645	504.565	38.000	26.000	2.425	1.000	2.425	17.000	0.963	Poor	Pending
chr6-29726902-29726904-AA-CT	15	3		HLA-F	N353L	2	YSQAAAYSVVSGLLM	ENST00000259951.12	NA	DRB1*04:05	13	None	18	447.570	413.400	19.000	19.000	74.251	NA	NA	NA	0.648	Poor	Pending
chr19-35841840-35841841-C-A	10		3	NPHS1	G897C	2	HQCGVHSSLLTIANV	ENST00000378910.10	1	DRB1*04:05	3	None	13	582.325	533.680	35.000	33.000	0.377	1.000	0.377	2.000	0.081	Poor	Pending
chr6-33211510-33211511-C-A	13	5	1	RING1	P270H	1	HLLVEKGEY	ENST00000374656.5	1	HLA-A*29:02	1	None	19	616.365	2296.565	1.600	2.350	27.953	0.022	0.615	276.000	0.060	Poor	Pending
chr20-59944225-59944226-A-G	2		1	FAM217B	S95G	2	SMKIIKENADEDSAG	ENST00000360816.8	1	DRB1*04:05	15	None	3	1383.690	1335.505	43.000	43.000	16.580	0.446	7.395	130.000	0.578	Poor	Pending
chr1-227091906-227091907-GC-G	1			CDC42BPA	FS778	6	QYEREKVLLTEENKN	ENST00000366769.7	1	DRB1*04:05	15	None	1	923.120	672.880	26.000	26.000	40.050	0.061	2.443	312.000	0.236	Poor	Pending
chr6-3723707-3723708-C-G	6		3	PXDC1	E203Q	2	SEFPSQLEDG	ENST00000380283.5	1	HLA-B*45:01	6	None	9	1952.725	2692.965	2.800	3.050	22.483	0.539	12.118	406.000	0.418	Poor	Pending
chr17-82961144-82961145-G-C	9	2	1	B3GNTL1	L198V	3	VRKGGGVIRVDQSLL	ENST00000320865.4	1	DRB1*04:05	1	None	12	925.400	925.700	35.000	35.000	10.001	0.235	2.350	81.000	0.221	Poor	Pending
chr6-43340177-43340178-C-G	10			ZNF318	G1274R	1	SSFRKFSWKKPEKEE	ENST00000361428.3	1	DRB1*04:05	4	None	10	1245.530	2434.105	34.000	57.000	12.831	0.377	4.837	106.000	0.347	Poor	Pending
chr1-16972417-16972418-C-G	5			CROCC	S2009C	1	QLQQELRRSSAPFCP	ENST00000375541.10	5	DRB1*04:05	14	None	5	2445.435	678.045	59.000	24.000	11.754	1.000	11.754	56.000	0.988	Poor	Pending
chr4-48420360-48420361-A-G				SLAIN2	R533G	0	TTAMGSGLPRPSAPS	ENST00000264313.11	1	DRB1*04:05	5	None	0	6773.235	3940.110	86.000	67.000	58.280	0.312	18.183	365.000	0.290	Poor	Pending
chr19-12580947-12580948-G-A	11		2	ZNF490	S376F	2	CGEAFKSSSFCEVHE	ENST00000311437.11	1	DRB1*04:05	10	None	13	1407.650	698.550	48.000	26.000	15.981	0.257	4.107	167.000	0.351	Poor	Pending
chr19-422192-422193-G-C	11			SHC2	H525D	1	PGQYVLTGMDAGQPK	ENST00000264554.11	1	DRB1*04:05	10	None	11	808.575	988.595	27.000	35.000	8.139	0.070	0.570	115.000	0.110	Poor	Pending
chr8-143805313-143805314-A-C	10		1	SCRIB	V823G	6	ENAGTITPLRPEDDY	ENST00000320476.7	1	DRB1*04:05	4	None	11	1418.095	966.460	42.000	26.000	61.627	0.055	3.389	402.000	0.164	Poor	Pending
chr6-1930220-1930221-A-T	12			GMDS	F218Y	2	ANYVTRKISRSVAKI	ENST00000380815.5	1	DRB1*04:05	3	None	12	1090.500	728.660	39.000	30.000	52.423	0.020	1.048	498.000	0.212	Poor	Pending
chr19-13765994-13765995-G-C	2		1	MRI1	R138T	1	RVICCTEDMLEKDLT	ENST00000040663.8	1	DRB1*04:05	15	None	3	2186.300	2222.450	54.460	49.640	24.532	0.201	4.931	389.000	0.224	Poor	Pending
chr11-46728135-46728136-T-C	10		3	F2	V424A	2	TENDLLARI	ENST00000311907.10	1	HLA-B*45:01	7	None	13	699.770	616.890	1.120	0.995	0.048	1.000	0.048	1.000	0.357	Poor	Pending
chr19-14049194-14049196-CC-TT	9		1	IL27RA	A428V	1	LVGPTLWRLQDVPPG	ENST00000263379.4	1	DRB1*04:05	12	None	10	669.990	715.385	20.030	16.380	13.617	NA	NA	NA	0.268	Poor	Pending
chr15-40622779-40622780-C-T	7			KNL1	P865L	2	QKPKFLKEKQNVKIW	ENST00000346991.9	1	DRB1*04:05	6	None	7	2983.000	13258.140	63.000	96.000	13.527	0.492	6.655	128.000	0.444	Poor	Pending
chr7-82908982-82908983-C-G	6		2	PCLO	W4444S	2	EAYHLRREETDSFDK	ENST00000333891.14	2	DRB1*04:05	12	None	8	1445.650	1516.200	35.000	36.000	4.482	0.567	2.541	30.000	0.409	Poor	Pending
chr6-1930219-1930220-G-T	12			GMDS	F218L	2	LVTRKISRSVAKIYL	ENST00000380815.5	1	DRB1*04:05	1	None	12	1223.695	938.695	48.000	38.000	52.423	0.020	1.048	505.000	0.211	Poor	Pending
chr19-6755017-6755018-T-C	4		3	SH2D3A	E265G	2	AEEDEGEEN	ENST00000245908.11	1	HLA-B*45:01	6	None	7	2187.524	1879.948	4.253	5.173	3.820	1.000	3.820	5.000	0.985	Poor	Pending
chr2-219514658-219514659-C-A	7			ASIC4	P106T	1	PPLPLGRATGLLARE	ENST00000693692.1	NA	DRB1*04:05	9	None	7	1004.765	1302.290	35.000	40.000	0.692	0.667	0.462	6.000	0.238	Poor	Pending
chr11-6410863-6410864-C-T			1	APBB1	E162K	4	GEAEEEEKD	ENST00000311051.7	1	HLA-B*45:01	8	None	1	3743.880	2485.220	8.300	5.850	6.678	1.000	6.678	65.000	1.000	Poor	Pending
chr9-4286160-4286161-G-T	12	1		GLIS3	Q89K	4	AESRIHLPALSPRRK	ENST00000477901.5	1	DRB1*04:05	15	None	13	833.650	1088.480	35.000	35.000	2.761	0.043	0.119	23.000	0.153	Poor	Pending
chr14-32773880-32773881-G-T	19			AKAP6	M1192I	3	VMQAVQWQTRLQKKI	ENST00000280979.9	1	DRB1*04:05	15	None	19	2055.985	2087.975	58.000	59.000	2.905	1.000	2.905	6.000	0.607	Poor	Pending
chr13-25541936-25541938-GA-CT	15	1		ATP8A2	D224L	6	LSHTALMQTREVLMK	ENST00000381655.7	1	DRB1*04:05	6	None	16	785.420	3555.080	33.000	75.000	0.145	NA	NA	NA	0.319	Poor	Pending
chr15-40622778-40622779-C-T				KNL1	P865S	0	MDVLEDESVQKPKFS	ENST00000346991.9	1	DRB1*04:05	15	None	0	5009.045	6869.240	70.000	73.480	13.527	0.492	6.655	128.000	0.444	Poor	Pending
chr10-104021651-104021652-G-T	10			SLK	E1160D	2	QLQNEKCHLLVEHDT	ENST00000369755.4	1	DRB1*04:05	14	None	10	1775.345	1915.105	62.000	66.000	21.369	0.057	1.218	418.000	0.068	Poor	Pending
chrX-149930830-149930831-G-A	9			HSFX4	R243H	1	TQSFRHSGMWSKKSA	ENST00000457775.3	3	DRB1*04:05	6	None	9	993.555	870.825	46.000	45.000	0.012	0.286	0.003	7.000	0.422	Poor	Pending
chr7-128815875-128815876-C-G	2		5	CCDC136	S1103C	2	SEEEEDDADC	ENST00000297788.9	1	HLA-B*45:01	10	None	7	2356.280	2591.061	4.350	5.425	4.998	0.250	1.250	32.000	0.200	Poor	Pending
chr12-116009024-116009025-G-C				MED13L	A463G	0	FSAGPSSSSSLPPPG	ENST00000281928.9	1	DRB1*04:05	15	None	0	6508.235	6703.745	89.000	88.000	77.827	0.038	2.957	586.000	0.050	Poor	Pending
chr22-37374977-37374978-G-A	15	3	3	ELFN2	P186L	1	SLMVCELAGNLFNCE	ENST00000402918.7	4	DRB1*04:05	11	None	21	1438.450	1998.055	46.000	55.000	0.890	0.368	0.328	19.000	0.168	Poor	Pending
chr15-30089755-30089756-C-G	10		3	GOLGA8J	L311V	1	SEVELQHV	ENST00000567927.2	5	HLA-B*45:01	8	None	13	1580.310	4878.700	0.955	2.200	0.354	1.000	0.354	10.000	0.119	Poor	Pending
chrX-43656385-43656386-C-A	8	1	2	MAOA	D15E	2	SIAGHMFEVVVIGGG	ENST00000338702.4	1	DRB1*04:05	8	None	11	2394.765	2643.590	45.000	48.000	0.784	1.000	0.784	2.000	1.000	Poor	Pending
chr4-40808808-40808809-A-G	12		2	NSUN7	Y676C	1	SPQGIRSRMPTQHLC	ENST00000381782.7	1	DRB1*04:05	15	None	14	1381.750	1314.200	43.000	42.000	0.405	0.333	0.135	6.000	0.471	Poor	Pending
chr1-232805681-232805682-C-T	2			MAP10	P78L	1	FPTLLVYPPDGPGAL	ENST00000418460.4	NA	DRB1*04:05	15	None	2	2565.660	2793.625	56.000	56.000	1.996	0.469	0.936	32.000	0.233	Poor	Pending
chr2-106425181-106425182-C-T	7			RGPD3	E929K	2	ADGFKFGISKPGNQE	ENST00000409886.4	1	DRB1*04:05	10	None	7	1230.900	718.340	37.000	21.000	0.014	0.364	0.005	22.000	0.139	Poor	Pending
chr22-37570267-37570268-C-G	1			LGALS2	E132Q	1	SVRGGFNMSSFKLKQ	ENST00000215886.6	1	DRB1*04:05	15	None	1	1299.075	737.795	38.000	33.000	0.067	0.222	0.015	9.000	0.484	Poor	Pending
chr7-157005551-157005552-G-A			1	MNX1	P392S	2	SEDDSPPSRP	ENST00000252971.11	1	HLA-B*45:01	8	None	1	2653.235	2299.625	4.670	3.855	18.982	0.040	0.759	101.000	0.054	Poor	Pending
chr17-7588499-7588500-G-C	2			SOX15	Q194E	2	ESDPRLQGELLPTYT	ENST00000250055.3	1	DRB1*04:05	1	None	2	3658.650	3642.200	74.000	75.000	0.580	0.692	0.401	13.000	0.722	Poor	Pending
chr7-27130623-27130624-C-T				HOXA4	G37D	0	GGPDGGPGY	ENST00000360046.10	1	HLA-A*29:02	4	None	0	5038.820	5061.965	3.800	3.800	1.689	0.375	0.633	16.000	0.375	Poor	Pending
chr1-36179726-36179728-GG-AA	3		3	MAP7D1	EE764-765EK	4	KEKPIPQEP	ENST00000373151.6	1	HLA-B*45:01	3	None	6	1880.870	1720.405	3.850	3.210	93.193	NA	NA	NA	0.361	Poor	Pending
chr3-184239802-184239803-C-T	4			VWA5B2	A836V	3	PQVPRCHVVIRGLCG	ENST00000426955.6	1	DRB1*04:05	3	None	4	3031.620	3623.450	66.000	66.000	0.083	1.000	0.083	2.000	0.429	Poor	Pending
chr15-40622778-40622780-CC-TT	7			KNL1	P865L	2	QKPKFLKEKQNVKIW	ENST00000346991.9	1	DRB1*04:05	6	None	7	2983.000	13258.140	63.000	96.000	13.527	NA	NA	NA	0.450	Poor	Pending
chr9-81992222-81992223-C-G	15	1		SPATA31D1	Q585E	1	QPESPFRALLPSPLF	ENST00000344803.3	2	DRB1*04:05	3	None	16	11.275	16.660	0.150	0.610	0.000	1.000	0.000	2.000	0.693	NoExpr	Pending
chr11-20638483-20638484-T-A	15	6	4	SLC6A5	V632E	1	YMFQLEDTY	ENST00000525748.6	1	HLA-A*29:02	6	None	25	11.735	9.050	0.107	0.065	0.006	0.000	0.000	1.000	0.452	NoExpr	Pending
chr15-69049033-69049034-G-C	9	2	2	NOX5	D659H	5	EWFVSLLTKLEMHQA	ENST00000388866.8	1	DRB1*04:05	13	None	13	25.105	25.115	0.590	0.470	0.160	0.000	0.000	0.000	0.396	NoExpr	Pending
chr11-5968293-5968294-G-C	15	5		OR56A5	S67R	1	QPLYYLLRLLSLLDI	ENST00000532411.2	NA	DRB1*04:05	8	None	20	25.700	30.065	1.200	1.700	0.000	1.000	0.000	2.000	1.000	NoExpr	Pending
chr2-160107761-160107762-T-A	12	4		ITGB6	I729F	5	LCFWKLLVSFHDRKE	ENST00000283249.7	1	DRB1*04:05	3	None	16	29.750	49.300	0.420	1.100	0.093	0.000	0.000	0.000	0.225	NoExpr	Pending
chr5-150120064-150120065-G-A	15	3		PDGFRB	T882I	1	PESIFNSLYTILSDV	ENST00000261799.9	1	DRB1*04:05	11	None	18	29.885	24.880	1.600	0.590	0.280	0.000	0.000	6.000	0.291	NoExpr	Pending
chr6-122781239-122781240-C-G	15	7		FABP7	P132A	1	PFFLVFFSSAHTSHL	ENST00000356535.4	1	DRB1*04:05	10	None	22	33.080	25.815	1.200	0.280	0.317	0.000	0.000	0.000	0.362	NoExpr	Pending
chr17-3433668-3433669-G-T	15	4		OR1E2	P58H	1	HTHVYLFLSNLSFSD	ENST00000248384.1	NA	DRB1*04:05	3	None	19	34.695	33.580	0.600	0.560	0.000	0.000	0.000	2.000	0.312	NoExpr	Pending
chr1-22576425-22576426-C-A	12	4	2	EPHA8	N123K	2	KETFKLYYLESDRDL	ENST00000374644.8	1	DRB1*04:05	5	None	18	35.175	48.030	0.770	1.220	0.001	0.000	0.000	0.000	0.272	NoExpr	Pending
chr11-64593669-64593670-G-C	18	2		SLC22A12	V233L	3	ARPLLMTLNSLGFSF	ENST00000377574.6	1	DRB1*04:05	5	None	20	41.495	58.720	1.200	2.700	0.000	0.000	0.000	0.000	0.155	NoExpr	Pending
chr20-59301546-59301547-G-T	7		3	EDN3	G64W	7	GEWTVAPTA	ENST00000337938.7	1	HLA-B*45:01	3	None	10	42.900	80.960	0.050	0.095	0.019	0.000	0.000	0.000	0.220	NoExpr	Pending
chr7-117548739-117548740-G-T	15	3		CFTR	G437C	2	FSNFSLLCTPVLKDI	ENST00000003084.11	1	DRB1*04:05	8	None	18	43.275	30.830	1.300	0.860	1.844	0.000	0.000	0.000	0.116	NoExpr	Pending
chr11-59364558-59364559-T-A	15	6	2	OR5AN1	V34E	3	VLFTIFLEIY	ENST00000313940.2	NA	HLA-A*29:02	8	None	23	53.390	63.505	0.290	0.240	0.154	0.000	0.000	0.000	0.116	NoExpr	Pending
chr2-195816717-195816718-T-G	15	6		DNAH7	E3224A	1	ANIAPMYQY	ENST00000312428.11	1	HLA-A*29:02	4	None	21	53.745	70.855	0.335	0.313	0.478	0.000	0.000	0.000	0.167	NoExpr	Pending
chr19-8955983-8955984-G-A	12	1		MUC16	S6929F	1	TTVFTSMSVSSETTK	ENST00000397910.8	5	DRB1*04:05	4	None	13	53.990	1138.490	1.320	36.000	0.003	0.000	0.000	0.000	0.471	NoExpr	Pending
chr18-60371739-60371740-T-G	15	11		MC4R	M204L	1	MFFTLLALM	ENST00000299766.5	NA	HLA-A*29:02	5	None	26	60.515	56.745	0.410	0.410	0.000	0.000	0.000	0.000	1.000	NoExpr	Pending
chr14-91235009-91235029-GGTACAGCTCATCGAGGAGTT-G	58	6	4	GPR68	FS8-14	4	RPLLHLLAALLAAVR	ENST00000531499.2	1	DRB1*04:05	1-15	None	68	61.535	NA	3.960	NA	0.177	0.000	0.000	34.000	0.093	NoExpr	Pending
chr11-63290369-63290370-G-A	11	1	1	SLC22A10	E69K	4	LSKDALLRISIPLDS	ENST00000332793.11	1	DRB1*04:05	3	None	13	62.745	71.310	2.100	2.100	0.070	0.000	0.000	0.000	0.553	NoExpr	Pending
chr16-25221522-25221523-G-C	15	4		AQP8	M109I	2	LNLVILLPY	ENST00000219660.6	1	HLA-A*29:02	5	None	19	67.053	74.412	0.400	0.485	0.000	0.000	0.000	0.000	0.247	NoExpr	Pending
chr19-50625545-50625546-G-A	15	1		SYT3	S474F	3	DPYVKAFLISEGRRL	ENST00000338916.8	1	DRB1*04:05	7	None	16	72.205	224.465	3.200	8.900	0.000	0.000	0.000	0.000	0.540	NoExpr	Pending
chr11-124319973-124319974-G-A	15	6		OR8D2	S75F	1	SFIDLCYSF	ENST00000624618.2	NA	HLA-A*29:02	9	None	21	72.410	2258.115	0.205	3.500	0.000	0.000	0.000	0.000	1.000	NoExpr	Pending
chr5-134703847-134703848-G-T	12			SEC24A	A786S	1	DAGYSVQMSVEESLT	ENST00000398844.7	2	DRB1*04:05	5	None	12	74.510	67.280	1.900	2.220	10.713	0.000	0.000	133.000	0.053	NoExpr	Pending
chr12-10159995-10159996-G-C	8	2	2	OLR1	Q236E	2	SETYPSGTCA	ENST00000309539.8	1	HLA-B*45:01	2	None	12	75.430	3711.735	0.144	4.000	0.273	0.000	0.000	0.000	0.195	NoExpr	Pending
chr8-132948805-132948806-C-G	19			TG	P1755R	2	GAIICGLLSSRSVLL	ENST00000220616.9	1	DRB1*04:05	11	None	19	76.505	68.120	2.900	2.700	0.721	0.000	0.000	0.000	0.992	NoExpr	Pending
chr2-26458127-26458128-A-G	15	1		OTOF	I1202T	2	ICTRYKWLIIKTVLA	ENST00000339598.8	1	DRB1*04:05	12	None	16	77.390	216.960	3.730	10.120	0.281	0.000	0.000	0.000	0.995	NoExpr	Pending
chr10-115241629-115241630-G-A	15	2	2	ATRNL1	G531E	2	FARYLHSAVLINEAM	ENST00000355044.8	1	DRB1*04:05	13	None	19	78.565	107.785	4.530	5.400	0.262	0.000	0.000	0.000	0.443	NoExpr	Pending
chr3-38698510-38698511-G-A	15	10		SCN10A	T1570M	3	AILKSLQSYFSPMLF	ENST00000449082.3	1	DRB1*04:05	13	None	25	89.345	92.835	3.400	3.500	0.004	0.000	0.000	0.000	0.273	NoExpr	Pending
chr11-123943666-123943667-G-C	15	7	2	OR6T1	Q58E	1	HIEMYFFLRNFSFLE	ENST00000321252.3	NA	DRB1*04:05	3	None	23	91.815	91.095	2.600	2.600	0.000	0.000	0.000	0.000	0.448	NoExpr	Pending
chr6-47000271-47000272-C-T	14			ADGRF1	G895R	2	KGHYAFSHTRDSSDN	ENST00000371253.7	1	DRB1*04:05	10	None	14	100.570	314.535	3.400	10.000	0.655	0.000	0.000	0.000	0.491	NoExpr	Pending
chr3-154284954-154284982-GAGGTGTCAATTCTTCTTGTTTATCCAAA-G	26	4	5	DHX36	FS679-688	6	SIRHLMELNALESTW	ENST00000496811.6	1	DRB1*04:05	12-15	None	35	104.655	103.250	5.200	5.900	66.432	0.000	0.000	445.000	0.086	NoExpr	Pending
chr1-686482-686483-G-C	15	6		OR4F16	P58A	1	HSAMYFLLASLSFID	ENST00000332831.5	NA	DRB1*04:05	3	None	21	109.405	84.650	5.370	4.230	0.000	0.000	0.000	1.000	0.128	NoExpr	Pending
chr2-94874875-94874876-T-A	15			TEKT4	C272S	1	ANLRVLVDSILRDTS	ENST00000295201.5	1	DRB1*04:05	9	None	15	110.735	193.590	6.300	12.000	0.614	0.000	0.000	0.000	0.446	NoExpr	Pending
chr14-23425383-23425384-T-G	15	1	2	MYH7	E774A	1	FKAGLLGLLAEMRDE	ENST00000355349.4	1	DRB1*04:05	10	None	18	128.530	219.250	4.800	13.000	0.005	0.000	0.000	0.000	0.192	NoExpr	Pending
chr3-58210851-58210852-G-C	15			DNASE1L3	L19V	5	LLLLLSIHSAVAMRI	ENST00000394549.7	1	DRB1*04:05	11	None	15	131.765	100.070	5.500	4.900	0.181	0.000	0.000	0.000	1.000	NoExpr	Pending
chr10-60186848-60186849-G-T	15	4	3	ANK3	L651M	3	MDIATTLMEY	ENST00000280772.7	1	HLA-A*29:02	8	None	22	132.065	99.645	0.710	0.500	0.163	0.000	0.000	0.000	0.134	NoExpr	Pending
chr17-11784434-11784435-G-C	15	1		DNAH9	D2653H	2	IPPLIHLALAFHQKI	ENST00000262442.9	1	DRB1*04:05	6	None	16	132.435	598.255	5.600	28.000	0.061	0.000	0.000	0.000	0.349	NoExpr	Pending
chr11-56542446-56542447-T-C	8	4	9	OR5M11	K271E	1	SEIIAVFYT	ENST00000528616.5	NA	HLA-B*45:01	2	None	19	132.820	14332.975	0.445	13.000	0.000	0.000	0.000	0.000	0.291	NoExpr	Pending
chr11-70087776-70087777-C-T	17	3		ANO1	P86L	4	EGTLLNSLSVDLDAE	ENST00000531349.6	1	DRB1*04:05	12	None	20	135.800	118.100	4.600	4.300	0.764	0.000	0.000	0.000	0.187	NoExpr	Pending
chr2-222689427-222689428-G-T	15	8		MOGAT1	W146L	1	PGFTSYLHVLPLLFW	ENST00000446656.4	5	DRB1*04:05	13	None	23	136.445	184.500	11.000	14.000	0.091	0.000	0.000	2.000	0.349	NoExpr	Pending
chr19-13931970-13931971-A-G	24			PODNL1	F523L	2	PRLRALLLRANRLHM	ENST00000588872.3	3	DRB1*04:05	7	None	24	138.445	132.285	6.400	5.530	7.123	0.000	0.000	12.000	0.142	NoExpr	Pending
chr11-1078020-1078022-CTA-C	5			MUC2	FS178	1	LCGDYNGLQSFRIPL	ENST00000675028.1	NA	DRB1*04:05	11-15	None	5	138.750	154.445	6.100	7.300	0.001	0.000	0.000	0.000	0.918	NoExpr	Pending
chr11-58190707-58190708-A-T	15	2		OR9Q2	Y73F	1	FFLSHLSLVDICFSS	ENST00000641291.1	NA	DRB1*04:05	13	None	17	138.850	99.845	6.800	5.300	0.008	0.000	0.000	0.000	0.514	NoExpr	Pending
chr11-193734-193735-G-A	11		3	SCGB1C1	D27N	1	DNNEFFMDFLQTLLV	ENST00000342878.3	1	DRB1*04:05	3	None	14	145.200	149.950	9.700	11.000	0.000	0.000	0.000	4.000	0.213	NoExpr	Pending
chr6-29174125-29174126-C-T	15	5		OR2J2	T164I	2	SSFIFWVPLCGHRLV	ENST00000377167.3	NA	DRB1*04:05	4	None	20	147.735	158.030	8.900	8.800	0.037	0.000	0.000	0.000	0.277	NoExpr	Pending
chr1-22660990-22660991-G-A	14			C1QB	A121T	3	QKITFSATRTINVPL	ENST00000509305.6	1	DRB1*04:05	4	None	14	158.970	154.200	6.600	6.500	0.000	0.000	0.000	0.000	0.984	NoExpr	Pending
chr4-176120051-176120052-G-A	10			WDR17	V189I	4	KGKIVFGHIDGSLSI	ENST00000280190.8	1	DRB1*04:05	4	None	10	172.930	183.970	6.900	7.000	0.514	0.000	0.000	2.000	0.489	NoExpr	Pending
chr3-39188114-39188115-A-T	14			XIRP1	L444H	2	KTFKNHFETLPLDSI	ENST00000340369.4	1	DRB1*04:05	6	None	14	174.505	120.250	8.600	5.800	0.042	0.000	0.000	0.000	0.661	NoExpr	Pending
chr4-110559663-110559664-G-C	15			ENPEP	R887T	1	VNRYTLNNTNLGRIV	ENST00000265162.10	1	DRB1*04:05	9	None	15	178.640	1122.790	6.700	36.000	0.032	0.000	0.000	0.000	0.239	NoExpr	Pending
chr2-110933496-110933497-G-A	26		3	ACOXL	G143E	5	AEALLDEDV	ENST00000417074.5	1	HLA-B*45:01	2	None	29	185.905	15206.065	0.600	20.500	0.188	0.000	0.000	2.000	1.000	NoExpr	Pending
chr14-94382907-94382908-C-G	11			SERPINA1	E110D	15	EGLNFNLTDIPEAQI	ENST00000355814.8	1	DRB1*04:05	9	None	11	189.535	232.300	6.520	8.110	4.892	0.000	0.000	0.000	0.180	NoExpr	Pending
chr5-23521053-23521054-C-G	14		1	PRDM9	S128C	2	KASFSNECSLKELSR	ENST00000296682.4	1	DRB1*04:05	8	None	15	193.585	145.205	5.200	5.820	0.024	0.000	0.000	0.000	0.417	NoExpr	Pending
chr13-37746421-37746422-C-T	15	1		TRPC4	E138K	7	KQFSKFTPDITPIIL	ENST00000625583.2	1	DRB1*04:05	5	None	16	205.075	452.715	11.000	13.240	0.053	0.000	0.000	0.000	0.507	NoExpr	Pending
chr6-131710718-131710719-T-C	15	5		CTAGE9	Q100R	1	CKLLEKFSLIRKEYE	ENST00000314099.10	NA	DRB1*04:05	11	None	20	212.585	195.930	8.620	9.500	0.000	0.000	0.000	0.000	0.103	NoExpr	Pending
chr7-87424004-87424005-A-C	15	2		ABCB4	N704K	4	PPVSFLKVLKLKKTE	ENST00000265723.8	1	DRB1*04:05	12	None	17	216.075	150.000	11.000	7.300	0.044	0.000	0.000	0.000	0.181	NoExpr	Pending
chr3-183179682-183179683-G-A	15	2		MCF2L2	L1039F	2	ALSLAGFFQSDDSHE	ENST00000328913.8	5	DRB1*04:05	7	None	17	225.770	295.200	11.000	18.000	0.407	0.000	0.000	0.000	0.377	NoExpr	Pending
chr1-203347717-203347718-G-C	15		1	FMOD	H185D	2	LDDNQISRVPNNALE	ENST00000354955.5	1	DRB1*04:05	3	None	16	231.605	292.415	6.670	11.000	0.000	0.000	0.000	0.000	0.284	NoExpr	Pending
chr3-122927970-122927971-G-C	10	2	2	SEMA5B	I223M	8	KMNGVARCPY	ENST00000357599.8	1	HLA-A*29:02	2	None	14	233.670	869.910	0.968	2.050	0.169	0.000	0.000	0.000	1.000	NoExpr	Pending
chr22-46257698-46257699-G-A	14	12		PKDREJ	T1875I	1	LLHIYGSGGY	ENST00000253255.7	NA	HLA-A*29:02	4	None	26	237.219	234.675	0.950	0.900	0.020	0.000	0.000	1.000	0.270	NoExpr	Pending
chr7-132508196-132508197-C-A	15	1	2	PLXNA4	S166I	4	NEIGSVFGVIVSYSN	ENST00000378539.5	1	DRB1*04:05	3	None	18	244.235	269.165	18.000	14.430	0.575	0.000	0.000	2.000	0.281	NoExpr	Pending
chr1-45058674-45058675-G-A	15	2	1	ZSWIM5	L396F	1	PRFTLWRQQGTNMTD	ENST00000359600.6	1	DRB1*04:05	3	None	18	244.995	352.920	17.000	21.000	0.606	0.000	0.000	0.000	0.354	NoExpr	Pending
chr4-114833618-114833619-A-G	13	2		NDST4	S795P	1	YNYPEALTF	ENST00000264363.7	1	HLA-A*29:02	4	None	15	254.405	278.395	0.476	0.691	0.003	0.000	0.000	0.000	0.187	NoExpr	Pending
chr21-30755335-30755336-C-T	2	2		KRTAP21-1	G15S	1	YGSSCGCGY	ENST00000335093.5	NA	HLA-A*29:02	4	None	4	256.025	300.110	1.250	1.200	0.000	0.000	0.000	0.000	0.470	NoExpr	Pending
chr14-70060889-70060890-C-G	11		7	SLC8A3	E612Q	3	YERQQNFFIA	ENST00000381269.6	1	HLA-B*45:01	5	None	18	257.402	172.575	0.505	0.375	0.023	0.000	0.000	0.000	1.000	NoExpr	Pending
chr1-37721680-37721681-G-T	15		2	EPHA10	L709M	3	FDHSHIVRMEGVVTR	ENST00000427468.6	5	DRB1*04:05	9	None	17	257.585	306.695	19.000	22.000	0.059	0.000	0.000	0.000	0.382	NoExpr	Pending
chr1-119895935-119895936-C-T	13	1		ADAM30	R134Q	1	MGGLQGVFNIDAKHY	ENST00000369400.2	NA	DRB1*04:05	5	None	14	267.600	236.150	12.000	11.000	0.019	0.000	0.000	0.000	0.203	NoExpr	Pending
chr19-8969814-8969831-ACGTGGAATTTCCTTGTG-A	52	5	7	MUC16	FS3175-3180	1	NRKYVGYRKGLPLPI	ENST00000397910.8	5	DRB1*04:05	1-15	None	64	273.515	NA	18.000	NA	0.003	0.000	0.000	0.000	0.750	NoExpr	Pending
chr11-92982014-92982015-G-T	13	1		MTNR1B	W264C	1	FVVFVIFAICCAPLN	ENST00000257068.3	1	DRB1*04:05	11	None	14	285.550	256.270	11.580	15.170	0.000	0.000	0.000	0.000	0.414	NoExpr	Pending
chr6-73363141-73363172-CTTGATTCACGTGAATCGATTGGACCCTAACG-C	19	4		KHDC3L	FS73-83	1	GMSQIARLRSWYLGG	ENST00000370367.4	1	DRB1*04:05	6-15	None	23	289.505	NA	11.590	NA	0.000	0.000	0.000	0.000	0.113	NoExpr	Pending
chr6-73363176-73363177-AG-A	13	2	3	KHDC3L	FS84	1	RSWYLGGLLTRRTQS	ENST00000370367.4	1	DRB1*04:05	1-15	None	18	299.500	NA	15.000	NA	0.000	0.000	0.000	0.000	0.085	NoExpr	Pending
chr5-136274698-136274699-C-T	19	3		TRPC7	A368T	3	LPFLAITYWIAPCSK	ENST00000513104.6	5	DRB1*04:05	7	None	22	320.090	479.430	17.000	22.000	0.005	0.000	0.000	0.000	0.366	NoExpr	Pending
chr14-39247882-39247883-G-C	8		2	MIA2	D437H	3	IETIKIIETEHQIDK	ENST00000640607.2	1	DRB1*04:05	11	None	10	329.570	357.675	8.600	13.000	41.150	0.000	0.000	0.000	0.984	NoExpr	Pending
chr10-13481023-13481024-C-G	15	4		BEND7	R274T	7	LSNYTRSGSLLFTKL	ENST00000378605.3	1	DRB1*04:05	13	None	19	333.285	327.710	21.000	21.000	0.053	0.000	0.000	0.000	1.000	NoExpr	Pending
chr1-59858482-59858483-C-T	10		3	HOOK1	S433L	3	ELRCLQVQQDHLNQT	ENST00000371208.5	1	DRB1*04:05	5	None	13	339.805	1906.435	19.000	57.000	0.230	0.000	0.000	0.000	0.394	NoExpr	Pending
chr2-106830076-106830077-G-C	14			ST6GAL2	S436C	3	PSCGFIGSFVKIGHI	ENST00000409087.3	1	DRB1*04:05	3	None	14	344.545	303.580	23.000	19.000	0.080	0.000	0.000	1.000	0.694	NoExpr	Pending
chr4-121932625-121932626-C-A	13			TRPC3	C211F	4	FAASKRLTLSPFEQE	ENST00000379645.8	1	DRB1*04:05	12	None	13	352.645	625.510	13.000	30.000	0.068	0.000	0.000	0.000	0.300	NoExpr	Pending
chrX-102463004-102463005-G-A	15	3	1	TCP11X2	R318W	4	PETLLMDRIWLQELA	ENST00000642911.1	NA	DRB1*04:05	10	None	19	358.150	404.205	17.000	20.000	0.000	0.000	0.000	0.000	0.481	NoExpr	Pending
chr11-46876561-46876562-C-T	8			LRP4	R1147Q	1	RKVYWTDTGTNQIEV	ENST00000378623.6	1	DRB1*04:05	12	None	8	373.770	438.845	17.000	17.000	0.268	0.000	0.000	2.000	0.421	NoExpr	Pending
chr9-113369791-113369792-G-A	15	1		BSPRY	A287T	1	GLHTWMVNVQNSCAY	ENST00000374183.5	1	DRB1*04:05	4	None	16	375.960	359.125	21.000	19.000	0.090	0.000	0.000	0.000	0.537	NoExpr	Pending
chr14-26448937-26448938-G-C	12			NOVA1	T182R	6	ANQVKIIVPNSRAGL	ENST00000539517.7	1	DRB1*04:05	12	None	12	381.850	410.440	17.000	17.000	0.694	0.000	0.000	2.000	0.462	NoExpr	Pending
chr5-141123692-141123693-G-C	9			PCDHB4	Q565H	1	NSPFVLYPLHNGSAP	ENST00000194152.4	NA	DRB1*04:05	10	None	9	399.070	174.465	12.000	6.700	1.436	0.000	0.000	20.000	0.307	NoExpr	Pending
chr3-130409352-130409353-G-T		2		COL6A5	G1503W	1	GSRGAPWQY	ENST00000312481.11	1	HLA-A*29:02	7	None	2	443.995	1107.305	1.315	2.550	0.001	0.000	0.000	0.000	0.306	NoExpr	Pending
chr6-30986467-30986468-T-C	15		3	MUC21	V98A	1	TNSEFSTASSGISIA	ENST00000376296.3	1	DRB1*04:05	8	None	18	457.360	517.015	15.000	16.000	0.123	0.000	0.000	0.000	0.662	NoExpr	Pending
chr1-160876800-160876801-C-T	5			ITLN1	G269R	1	GGRGYFPEASPQQCG	ENST00000326245.4	1	DRB1*04:05	3	None	5	465.070	634.185	16.000	18.000	0.000	0.000	0.000	0.000	0.250	NoExpr	Pending
chr20-2312957-2312958-C-T	13			TGM3	R201C	2	CLSILDRSLNFRCDA	ENST00000381458.6	1	DRB1*04:05	13	None	13	465.250	342.950	21.000	20.000	0.000	0.000	0.000	0.000	0.650	NoExpr	Pending
chr6-29374537-29374538-G-C	15	9		OR12D3	F250L	1	SHFMVVCLLYGPVGF	ENST00000396806.3	NA	DRB1*04:05	9	None	24	565.080	1013.685	30.000	34.000	0.006	0.000	0.000	0.000	0.398	NoExpr	Pending
chr1-13318693-13318694-G-A	12			PRAMEF15	R96H	1	AVLDGLDALLTQGVH	ENST00000376152.2	1	DRB1*04:05	15	None	12	568.745	511.540	28.760	21.000	0.000	0.000	0.000	0.000	0.098	NoExpr	Pending
chrX-32389609-32389610-C-T	13			DMD	R1470H	3	FRLFQKPANFEQHLQ	ENST00000357033.9	1	DRB1*04:05	13	None	13	584.150	559.130	26.000	24.000	3.178	0.000	0.000	0.000	1.000	NoExpr	Pending
chr16-72128664-72128665-T-G	15			PMFBP1	N694H	4	LNKYNTSQQVIQDLH	ENST00000237353.15	1	DRB1*04:05	15	None	15	600.825	671.620	13.000	12.000	0.380	0.000	0.000	0.000	0.065	NoExpr	Pending
chr13-25541937-25541938-A-T	15	1		ATP8A2	D224V	6	RQGLSHTAVMQTREV	ENST00000381655.7	1	DRB1*04:05	9	None	16	607.945	944.350	27.000	27.000	0.145	0.000	0.000	0.000	0.306	NoExpr	Pending
chr2-113482183-113482183-G-GA	14			CBWD2	FS257-258	2	AFDSLSGISLQKKTS	ENST00000259199.9	1	DRB1*04:05	14-15	None	14	630.550	601.650	28.000	27.000	3.384	0.000	0.000	62.000	0.113	NoExpr	Pending
chr5-115130597-115130604-ACTAACTG-A	22		2	TRIM36	FS607-609	3	VEVRMPVLILHNHLP	ENST00000282369.7	1	DRB1*04:05	1-15	None	24	638.570	NA	28.000	NA	1.136	0.000	0.000	0.000	0.920	NoExpr	Pending
chr15-44767453-44767453-T-TC	12		1	TRIM69	FS395	6	KTKWTVGVVQRIHHS	ENST00000329464.9	1	DRB1*04:05	10-15	None	13	638.915	1410.250	28.000	26.390	21.208	0.000	0.000	4.000	0.324	NoExpr	Pending
chr16-16387708-16387709-G-A	11			NPIPA7	E114K	1	EDIFTLWRQVKTKVR	ENST00000530217.2	5	DRB1*04:05	11	None	11	724.645	575.955	35.000	28.000	8.705	0.000	0.000	238.000	0.254	NoExpr	Pending
chr16-18324187-18324188-C-T	11			NPIPA8	E114K	3	EDIFTLWRQVKTKVR	ENST00000525596.5	1	DRB1*04:05	11	None	11	724.645	575.955	35.000	28.000	2.994	0.000	0.000	177.000	0.216	NoExpr	Pending
chr16-28652309-28652310-C-T	10			NPIPB8	T26M	3	RKRKVTMKINRHDKI	ENST00000526428.1	3	DRB1*04:05	7	None	10	746.325	1930.335	26.000	48.000	0.703	0.000	0.000	5.000	0.107	NoExpr	Pending
chr16-28766434-28766435-C-T	10			NPIPB9	T179M	2	RKRKVTMKINRHDKI	ENST00000550983.1	1	DRB1*04:05	7	None	10	746.325	1930.335	26.000	48.000	1.874	0.000	0.000	10.000	0.117	NoExpr	Pending
chr1-66834005-66834006-C-G	15	2		DNAI4	G626R	2	RLDCYDLMRLKRTTA	ENST00000371026.8	1	DRB1*04:05	1	None	17	751.720	954.885	38.000	40.000	7.011	0.000	0.000	0.000	0.605	NoExpr	Pending
chrX-141003559-141003560-C-G	4		4	SPANXB1	L74V	1	EELVNDHA	ENST00000449283.2	1	HLA-B*45:01	4	None	8	780.890	796.975	0.753	0.736	0.000	0.000	0.000	0.000	0.830	NoExpr	Pending
chr1-204986102-204986103-C-G	1		5	NFASC	T923S	4	KEFTSPEGV	ENST00000513543.6	1	HLA-B*45:01	5	None	6	795.955	826.175	1.440	1.520	0.974	0.000	0.000	0.000	0.596	NoExpr	Pending
chr2-227893862-227893863-C-T	10	1	3	DAW1	T129M	2	MLEGHRNVVY	ENST00000309931.3	1	HLA-A*29:02	1	None	14	860.650	1433.285	1.900	2.195	0.488	0.000	0.000	0.000	0.336	NoExpr	Pending
chr6-10801907-10801908-C-G	3			MAK	R272P	7	IQLMTEMLNWDPKKP	ENST00000474039.5	1	DRB1*04:05	15	None	3	872.900	535.515	38.000	22.000	0.038	0.000	0.000	1.000	0.323	NoExpr	Pending
chr14-94463231-94463232-G-T	9	1	1	SERPINA9	T390N	7	TTNKFIVRSKDGPSY	ENST00000337425.10	1	DRB1*04:05	3	None	11	927.940	874.015	33.000	30.000	0.035	0.000	0.000	0.000	0.461	NoExpr	Pending
chr7-151181249-151181250-C-T	12		1	ASB10	D265N	3	CDVRCQSITNAEATT	ENST00000420175.3	1	DRB1*04:05	10	None	13	947.820	2386.295	33.000	51.000	0.000	0.000	0.000	0.000	0.153	NoExpr	Pending
chr1-207623001-207623002-C-G	15	3		CR1	S1979C	6	GTLCGTIFF	ENST00000400960.7	1	HLA-A*29:02	4	None	18	966.865	587.025	1.358	0.678	0.135	0.000	0.000	0.000	0.285	NoExpr	Pending
chr15-94399982-94399983-G-T	15			MCTP2	K651N	3	REKRFVEDSRNLSKK	ENST00000357742.10	1	DRB1*04:05	11	None	15	975.300	2483.105	27.000	51.000	0.138	0.000	0.000	0.000	0.203	NoExpr	Pending
chrX-149548665-149548666-C-T	9			HSFX3	R243H	1	TQSFRHSGMWSKKSA	ENST00000431993.4	3	DRB1*04:05	6	None	9	993.555	870.825	46.000	45.000	0.012	0.000	0.000	0.000	0.610	NoExpr	Pending
chr15-44767434-44767452-AAATGGACAGTTGGAGTTG-A	15		1	TRIM69	KWTVGVV389-395I	6	SGKWYWEVEVAKKTI	ENST00000329464.9	1	DRB1*04:05	14-15	None	16	1030.115	894.135	32.000	35.000	21.208	0.000	0.000	3.000	0.299	NoExpr	Pending
chr15-84036950-84036951-A-T	8			ADAMTSL3	I1645F	2	FSWRHCLGPSCDSTY	ENST00000567476.1	1	DRB1*04:05	1	None	8	1067.500	1063.800	48.000	48.000	2.043	0.000	0.000	0.000	0.366	NoExpr	Pending
chr1-16006133-16006134-G-T	13			SRARP	G100W	1	MGWGCLAQARATLPL	ENST00000329454.2	1	DRB1*04:05	3	None	13	1106.665	1681.250	47.000	50.000	0.082	0.000	0.000	0.000	1.000	NoExpr	Pending
chr3-156291991-156291992-G-T	13			KCNAB1	A29S	3	DRLLSKQSSTSPNVV	ENST00000302490.12	1	DRB1*04:05	11	None	13	1114.450	1412.850	43.000	41.000	0.000	0.000	0.000	0.000	0.064	NoExpr	Pending
chr9-39359764-39359765-C-T	12		2	SPATA31A1	P667L	1	AQKVKFQLERDLCPH	ENST00000377647.6	1	DRB1*04:05	12	None	14	1131.700	1262.340	27.000	27.000	0.000	0.000	0.000	0.000	0.128	NoExpr	Pending
chr17-10499040-10499041-G-A	15		1	MYH1	S1306L	1	LRGKQAFTQQIEELK	ENST00000226207.6	5	DRB1*04:05	1	None	16	1136.800	1094.300	39.000	37.000	0.009	0.000	0.000	0.000	0.988	NoExpr	Pending
chr2-201835739-201835740-A-C	14	2		CDK15	E276D	5	PPDALLGATDYSSEL	ENST00000450471.6	1	DRB1*04:05	10	None	16	1139.225	1926.635	32.000	44.000	0.204	0.000	0.000	0.000	0.574	NoExpr	Pending
chr8-123220221-123220221-A-AGGGCTAC	9			C8orf76	FS342	1	PEVKCVGSVARSPDC	ENST00000276704.6	1	DRB1*04:05	11-15	None	9	1156.305	689.960	36.000	29.000	45.915	0.000	0.000	344.000	0.724	NoExpr	Pending
chr13-25541936-25541937-G-C	15	1		ATP8A2	D224H	6	LKIRQGLSHTAHMQT	ENST00000381655.7	1	DRB1*04:05	12	None	16	1216.160	794.900	40.000	32.000	0.145	0.000	0.000	0.000	0.304	NoExpr	Pending
chrX-7843975-7843976-C-T			4	VCX	P194L	4	VEEPLSQES	ENST00000381059.7	1	HLA-B*45:01	5	None	4	1326.575	2515.045	2.000	3.650	0.000	0.000	0.000	0.000	1.000	NoExpr	Pending
chr8-23368189-23368210-TGGCCACGTTGGCGGGGGCCTG-T	21			LOXL2	QAPANVA48-54-	7	PEYFQQPAPEYHQPK	ENST00000389131.8	1	DRB1*04:05	14-15	None	21	1337.440	1348.825	30.000	30.000	102.877	0.000	0.000	110.000	0.706	NoExpr	Pending
chr6-43283594-43283595-A-T	12		2	TTBK1	E952V	1	HLNVMSSGGQALRSV	ENST00000259750.9	1	DRB1*04:05	15	None	14	1434.690	1572.050	47.000	53.000	0.015	0.000	0.000	0.000	0.267	NoExpr	Pending
chrX-8466116-8466117-G-C			5	VCX3B	E159Q	1	QESQVEEPLS	ENST00000381032.6	5	HLA-B*45:01	4	None	5	1440.825	1785.990	2.100	2.330	0.048	0.000	0.000	3.000	0.110	NoExpr	Pending
chr22-37723212-37723213-GA-G			2	TRIOBP	FS219	1	GEKAGCPWS	ENST00000644935.1	NA	HLA-B*45:01	1-9	None	2	1589.625	NA	2.310	NA	35.473	0.000	0.000	5.000	0.289	NoExpr	Pending
chr19-38802098-38802099-G-A	11			LGALS4	R240C	2	SSGDIALHINPCMGN	ENST00000307751.9	1	DRB1*04:05	12	None	11	1702.980	879.885	40.000	23.000	0.232	0.000	0.000	0.000	1.000	NoExpr	Pending
chr17-41771694-41771736-GTGTACTGGCGCCCGCAGGCCTCATCCTCCTCCATGATGCCCT-G	11	2		JUP	KGIMEEDEACGRQYT40-54T	9	STLKKTTTYTQGVPP	ENST00000310706.9	1	DRB1*04:05	1-2	None	13	1818.895	1228.275	33.280	29.000	7.210	0.000	0.000	5.000	0.224	NoExpr	Pending
chr15-43612872-43612873-C-T	3	1	1	STRC	G901S	4	PHQIQALEDSWPAAS	ENST00000450892.7	5	DRB1*04:05	15	None	5	1832.300	1977.450	41.000	48.000	0.276	0.000	0.000	2.000	0.203	NoExpr	Pending
chr16-67239382-67239411-GCTGCTCTTCCAGGGACAGCTCGGTGTCCA-G	3	1		FHOD1	FS82-91	2	LEDCALQVSPSGYYP	ENST00000258201.9	1	DRB1*04:05	15	None	4	1847.500	1209.140	52.000	45.000	20.928	0.000	0.000	131.000	0.133	NoExpr	Pending
chr6-55351464-55351465-G-C	5	1		GFRAL	D195H	1	QMLAFCDCAQSHIPC	ENST00000340465.2	1	DRB1*04:05	12	None	6	1938.435	1409.885	40.000	45.000	0.013	0.000	0.000	0.000	0.511	NoExpr	Pending
chr7-122013415-122013416-A-G	12		3	PTPRZ1	N1457S	8	RESQEKVMS	ENST00000393386.7	1	HLA-B*45:01	9	None	15	2005.170	5467.290	3.450	7.700	0.909	0.000	0.000	0.000	0.241	NoExpr	Pending
chr21-43172070-43172071-G-C	6		1	CRYAA	D105H	3	HDHGYISREFHRRYR	ENST00000291554.6	1	DRB1*04:05	1	None	7	2274.835	2415.020	61.000	62.000	0.000	0.000	0.000	0.000	0.540	NoExpr	Pending
chr4-5988666-5988667-T-A	10			C4orf50	M1127L	2	GKAKLHALDKEVQVT	ENST00000531445.3	5	DRB1*04:05	5	None	10	2652.460	3855.750	59.000	64.000	0.025	0.000	0.000	0.000	0.946	NoExpr	Pending
chr2-108681035-108681036-AT-A	11		4	LIMS1	FS147	1	GREKQRIRTSRKRKS	ENST00000542845.3	5	DRB1*04:05	1-15	None	15	2919.295	NA	57.000	NA	29.439	0.000	0.000	5.000	0.141	NoExpr	Pending
chr17-78484882-78484883-A-T	4	2		DNAH17	M2545K	1	KYGTVAPHTLIRQHK	ENST00000389840.7	5	DRB1*04:05	15	None	6	3240.745	2999.220	54.000	54.000	0.134	0.000	0.000	2.000	0.232	NoExpr	Pending
chr1-243164805-243164806-G-C	4		1	CEP170	H1052D	4	KPDGRTPLTSADEHV	ENST00000366542.6	5	DRB1*04:05	3	None	5	3249.275	2742.400	59.000	56.000	93.147	0.000	0.000	504.000	0.194	NoExpr	Pending
chr10-122601958-122601959-T-C	1	2	1	DMBT1	M1169T	12	TSAPGNARF	ENST00000338354.10	1	HLA-A*29:02	1	None	4	3270.890	906.470	2.950	1.595	0.052	0.000	0.000	0.000	0.923	NoExpr	Pending
chr1-196995755-196995756-A-G	1			CFHR5	N216S	1	KGQVRSCGPPPQLSS	ENST00000256785.5	1	DRB1*04:05	15	None	1	3584.365	3916.955	57.000	56.000	0.000	0.000	0.000	0.000	0.287	NoExpr	Pending
chr14-24068642-24068643-G-A			1	CARMIL3	E1248K	1	KEEKEGTLFP	ENST00000342740.6	5	HLA-B*45:01	1	None	1	3676.090	2462.670	4.450	2.353	1.601	0.000	0.000	25.000	0.185	NoExpr	Pending
chr6-32223881-32223881-T-TAGCAGC	1	1		NOTCH4	L16LLL	1	LLLLLLLLL	ENST00000375023.3	1	HLA-A*29:02	9	None	2	3852.574	7483.745	5.400	13.975	1.260	0.000	0.000	0.000	0.187	NoExpr	Pending
chr7-47833094-47833095-G-A	1			PKD1L1	T2111I	3	CPPHIQAPSSGLEGL	ENST00000289672.7	1	DRB1*04:05	5	None	1	4493.790	13006.655	66.000	89.000	0.696	0.000	0.000	0.000	0.322	NoExpr	Pending
chrX-135721216-135721217-G-A				CT45A1	R120Q	0	QEINADIKRKLVKEL	ENST00000594117.4	1	DRB1*04:05	1	None	0	5009.080	4775.770	77.000	78.000	0.000	0.000	0.000	0.000	0.582	NoExpr	Pending
chrX-135779451-135779452-C-T				CT45A5	R120Q	0	QEINADIKRKLVKEL	ENST00000617203.1	1	DRB1*04:05	1	None	0	5009.080	4775.770	77.000	78.000	0.000	0.000	0.000	0.000	0.577	NoExpr	Pending
chrX-135796713-135796714-C-T				CT45A6	R120Q	0	QEINADIKRKLVKEL	ENST00000612878.4	1	DRB1*04:05	1	None	0	5009.080	4775.770	77.000	78.000	0.102	0.000	0.000	0.000	0.554	NoExpr	Pending
chr1-111727105-111727106-G-T				INKA2	S252R	0	RLSKGSGHF	ENST00000357260.6	1	HLA-A*29:02	1	None	0	6086.820	3915.305	4.800	3.055	2.143	0.000	0.000	29.000	0.063	NoExpr	Pending
chr9-138120681-138120682-G-A				CACNA1B	G2097D	0	GEGPTDCRR	ENST00000371372.6	5	HLA-B*45:01	6	None	0	7694.035	7362.530	11.815	9.460	0.154	0.000	0.000	0.000	0.276	NoExpr	Pending
chr8-138737576-138737577-C-A				COL22A1	G696W	0	PPGLQGLRWKKGDMG	ENST00000303045.11	1	DRB1*04:05	9	None	0	8119.750	9664.005	86.000	86.000	0.308	0.000	0.000	2.000	0.200	NoExpr	Pending
chr21-44330789-44330813-AGGCAGCCGCGGCCCCTAGCGGCCC-A				CFAP410	GPLGAAAA217-224-	0	SSHRGRVSGSAHCTH	ENST00000397956.7	1	DRB1*04:05	9-10	None	0	9193.345	17908.380	87.000	96.000	6.570	0.000	0.000	18.000	0.376	NoExpr	Pending
chr3-52517959-52517960-A-C				STAB1	H1573P	0	GQRTCTCDTAPTVGD	ENST00000321725.10	1	DRB1*04:05	11	None	0	10740.270	13563.610	80.000	88.000	0.090	0.000	0.000	0.000	1.000	NoExpr	Pending
chr7-39339738-39339739-G-C				POU6F2	Q232H	0	PSTNHHPQPAPQAPS	ENST00000518318.7	1	DRB1*04:05	5	None	0	13358.615	15114.250	93.000	94.000	0.273	0.000	0.000	0.000	0.299	NoExpr	Pending
chr3-44242057-44242058-G-A				TOPAZ1	R2Q	0	MQRPPPLGPT	ENST00000309765.4	5	HLA-B*45:01	2	None	0	18453.588	24155.789	18.500	30.500	0.005	0.000	0.000	0.000	0.307	NoExpr	Pending
