ID	DRB1*04:05	A*29:02	B*45:01	Gene	Transcript	Junction Name	AA Change	Best Peptide	TSL	Allele	Pos	Prob Pos	Num Passing Peptides	IC50 MT	%ile MT	RNA Expr	RNA VAF	Allele Expr	RNA Depth	DNA VAF	Tier	Evaluation
LDHB.ENST00000350669.JUNC00000053.chr12:21654541-21654542.D	14	6		LDHB	ENST00000350669.5	JUNC00000053	NA	HMMFNLSHY	1	HLA-A*29:02	48	None	20	31.540	0.190	203.702	0.881	179.461	118.000	0.780	Pass	Pending
DBN1.ENST00000292385.JUNC00000178.chr5:177460555-177460556.D	11		11	DBN1	ENST00000292385.9	JUNC00000178	NA	SESEVEAAA	1	HLA-B*45:01	274	None	22	29.935	0.040	109.087	0.070	7.636	129.000	0.290	Pass	Pending
DBN1.ENST00000309007.JUNC00000178.chr5:177460555-177460556.D	11		11	DBN1	ENST00000309007.9	JUNC00000178	NA	SESEVEAAA	1	HLA-B*45:01	272	None	22	29.935	0.040	109.087	0.070	7.636	129.000	0.290	Pass	Pending
LDHB.ENST00000350669.JUNC00000046.chr12:21654541-21654542.A	12		8	LDHB	ENST00000350669.5	JUNC00000046	NA	EEESLADELA	1	HLA-B*45:01	14	None	20	136.611	0.320	203.702	0.881	179.461	118.000	0.780	Pass	Pending
SEC24D.ENST00000280551.JUNC00000153.chr4:118740662-118740663.NDA	14	2		SEC24D	ENST00000280551.11	JUNC00000153	Q	TSTAFKAVLHQPLKV	1	DRB1*04:05	695	None	16	71.040	3.720	67.286	0.120	8.074	575.000	0.205	Pass	Pending
SEC24D.ENST00000511481.JUNC00000153.chr4:118740662-118740663.NDA	14	2		SEC24D	ENST00000511481.5	JUNC00000153	Q	TSTAFKAVLHQPLKV	1	DRB1*04:05	326	None	16	71.040	3.720	67.286	0.120	8.074	575.000	0.205	Pass	Pending
SEC24D.ENST00000280551.JUNC00000155.chr4:118740662-118740663.A	18	3	3	SEC24D	ENST00000280551.11	JUNC00000155	Q	VIESCAVLY	1	HLA-A*29:02	747	None	24	92.091	0.310	67.286	0.120	8.074	575.000	0.205	Pass	Pending
SEC24D.ENST00000511481.JUNC00000155.chr4:118740662-118740663.A	18	3	3	SEC24D	ENST00000511481.5	JUNC00000155	Q	VIESCAVLY	1	HLA-A*29:02	378	None	24	92.091	0.310	67.286	0.120	8.074	575.000	0.205	Pass	Pending
UBE2I.ENST00000397514.JUNC00000100.chr16:1320436-1320437.D	5	2		UBE2I	ENST00000397514.8	JUNC00000100	NA	DKDWRPAITIKQEYR	1	DRB1*04:05	100	None	7	332.835	8.200	58.799	0.385	22.638	26.000	0.602	Pass	Pending
UBE2I.ENST00000402301.JUNC00000100.chr16:1320436-1320437.D	5	2		UBE2I	ENST00000402301.5	JUNC00000100	NA	DKDWRPAITIKQEYR	1	DRB1*04:05	100	None	7	332.835	8.200	58.799	0.385	22.638	26.000	0.602	Pass	Pending
UBE2I.ENST00000567074.JUNC00000100.chr16:1320436-1320437.D	5	2		UBE2I	ENST00000567074.6	JUNC00000100	NA	DKDWRPAITIKQEYR	1	DRB1*04:05	100	None	7	332.835	8.200	58.799	0.385	22.638	26.000	0.602	Pass	Pending
TIPRL.ENST00000367830.JUNC00000028.chr1:168179177-168179178.D	12			TIPRL	ENST00000367830.3	JUNC00000028	E/V	SKTHIMKSADVVKQR	1	DRB1*04:05	23	None	12	442.135	20.000	55.746	0.332	18.508	927.000	0.273	Pass	Pending
TIPRL.ENST00000367833.JUNC00000028.chr1:168179177-168179178.D	12			TIPRL	ENST00000367833.7	JUNC00000028	E/V	SKTHIMKSADVVKQR	1	DRB1*04:05	23	None	12	442.135	20.000	55.746	0.332	18.508	927.000	0.273	Pass	Pending
DBN1.ENST00000292385.JUNC00000177.chr5:177460555-177460556.D	52	2	12	DBN1	ENST00000292385.9	JUNC00000177	NA	KESHRPLRAA	1	HLA-B*45:01	298	None	66	311.785	0.570	109.087	0.070	7.636	129.000	0.290	Pass	Pending
DBN1.ENST00000309007.JUNC00000177.chr5:177460555-177460556.D	52	2	12	DBN1	ENST00000309007.9	JUNC00000177	NA	KESHRPLRAA	1	HLA-B*45:01	296	None	66	311.785	0.570	109.087	0.070	7.636	129.000	0.290	Pass	Pending
TIPRL.ENST00000367830.JUNC00000027.chr1:168179177-168179178.D	2			TIPRL	ENST00000367830.3	JUNC00000027	E/V	ASKTHIMKSADVVNR	1	DRB1*04:05	22	None	2	485.250	21.000	55.746	0.332	18.508	927.000	0.273	Pass	Pending
TIPRL.ENST00000367833.JUNC00000027.chr1:168179177-168179178.D	2			TIPRL	ENST00000367833.7	JUNC00000027	E/V	ASKTHIMKSADVVNR	1	DRB1*04:05	22	None	2	485.250	21.000	55.746	0.332	18.508	927.000	0.273	Pass	Pending
DBN1.ENST00000292385.JUNC00000178.chr5:177460554-177460555.D	11		11	DBN1	ENST00000292385.9	JUNC00000178	E/K	SESEVEAAA	1	HLA-B*45:01	274	None	22	29.935	0.040	109.087	0.009	0.982	1076.000	0.285	LowExpr	Pending
DBN1.ENST00000309007.JUNC00000178.chr5:177460554-177460555.D	11		11	DBN1	ENST00000309007.9	JUNC00000178	E/K	SESEVEAAA	1	HLA-B*45:01	272	None	22	29.935	0.040	109.087	0.009	0.982	1076.000	0.285	LowExpr	Pending
DBN1.ENST00000292385.JUNC00000177.chr5:177460554-177460555.D	52	2	12	DBN1	ENST00000292385.9	JUNC00000177	E/K	KESHRPLRAA	1	HLA-B*45:01	298	None	66	311.785	0.570	109.087	0.009	0.982	1076.000	0.285	LowExpr	Pending
DBN1.ENST00000309007.JUNC00000177.chr5:177460554-177460555.D	52	2	12	DBN1	ENST00000309007.9	JUNC00000177	E/K	KESHRPLRAA	1	HLA-B*45:01	296	None	66	311.785	0.570	109.087	0.009	0.982	1076.000	0.285	LowExpr	Pending
LDHB.ENST00000396075.JUNC00000053.chr12:21654541-21654542.D	14	6		LDHB	ENST00000396075.5	JUNC00000053	NA	HMMFNLSHY	3	HLA-A*29:02	48	None	20	31.540	0.190	203.702	0.881	179.461	118.000	0.780	Poor	Pending
LDHB.ENST00000396076.JUNC00000053.chr12:21654541-21654542.D	14	6		LDHB	ENST00000396076.5	JUNC00000053	NA	HMMFNLSHY	5	HLA-A*29:02	48	None	20	31.540	0.190	203.702	0.881	179.461	118.000	0.780	Poor	Pending
LDHB.ENST00000450584.JUNC00000053.chr12:21654541-21654542.D	14	6		LDHB	ENST00000450584.5	JUNC00000053	NA	HMMFNLSHY	3	HLA-A*29:02	48	None	20	31.540	0.190	203.702	0.881	179.461	118.000	0.780	Poor	Pending
LDHB.ENST00000539782.JUNC00000053.chr12:21654541-21654542.D	14	6		LDHB	ENST00000539782.1	JUNC00000053	NA	HMMFNLSHY	3	HLA-A*29:02	48	None	20	31.540	0.190	203.702	0.881	179.461	118.000	0.780	Poor	Pending
LDHB.ENST00000673047.JUNC00000053.chr12:21654541-21654542.D	14	6		LDHB	ENST00000673047.2	JUNC00000053	NA	HMMFNLSHY	NA	HLA-A*29:02	48	None	20	31.540	0.190	203.702	0.881	179.461	118.000	0.780	Poor	Pending
DBN1.ENST00000393565.JUNC00000178.chr5:177460555-177460556.D	11		11	DBN1	ENST00000393565.6	JUNC00000178	NA	SESEVEAAA	5	HLA-B*45:01	272	None	22	29.935	0.040	109.087	0.070	7.636	129.000	0.290	Poor	Pending
DBN1.ENST00000477391.JUNC00000178.chr5:177460555-177460556.D	11		11	DBN1	ENST00000477391.6	JUNC00000178	NA	SESEVEAAA	3	HLA-B*45:01	271	None	22	29.935	0.040	109.087	0.070	7.636	129.000	0.290	Poor	Pending
DBN1.ENST00000512501.JUNC00000178.chr5:177460555-177460556.D	7		11	DBN1	ENST00000512501.1	JUNC00000178	NA	SESEVEAAA	3	HLA-B*45:01	4	None	18	29.935	0.040	109.087	0.070	7.636	129.000	0.290	Poor	Pending
LDHB.ENST00000396075.JUNC00000046.chr12:21654541-21654542.A	12		8	LDHB	ENST00000396075.5	JUNC00000046	NA	EEESLADELA	3	HLA-B*45:01	14	None	20	136.611	0.320	203.702	0.881	179.461	118.000	0.780	Poor	Pending
LDHB.ENST00000396076.JUNC00000046.chr12:21654541-21654542.A	12		8	LDHB	ENST00000396076.5	JUNC00000046	NA	EEESLADELA	5	HLA-B*45:01	14	None	20	136.611	0.320	203.702	0.881	179.461	118.000	0.780	Poor	Pending
LDHB.ENST00000450584.JUNC00000046.chr12:21654541-21654542.A	12		8	LDHB	ENST00000450584.5	JUNC00000046	NA	EEESLADELA	3	HLA-B*45:01	14	None	20	136.611	0.320	203.702	0.881	179.461	118.000	0.780	Poor	Pending
LDHB.ENST00000539782.JUNC00000046.chr12:21654541-21654542.A	12		8	LDHB	ENST00000539782.1	JUNC00000046	NA	EEESLADELA	3	HLA-B*45:01	14	None	20	136.611	0.320	203.702	0.881	179.461	118.000	0.780	Poor	Pending
LDHB.ENST00000673047.JUNC00000046.chr12:21654541-21654542.A	12		8	LDHB	ENST00000673047.2	JUNC00000046	NA	EEESLADELA	NA	HLA-B*45:01	14	None	20	136.611	0.320	203.702	0.881	179.461	118.000	0.780	Poor	Pending
DBN1.ENST00000393565.JUNC00000178.chr5:177460554-177460555.D	11		11	DBN1	ENST00000393565.6	JUNC00000178	E/K	SESEVEAAA	5	HLA-B*45:01	272	None	22	29.935	0.040	109.087	0.009	0.982	1076.000	0.285	Poor	Pending
DBN1.ENST00000477391.JUNC00000178.chr5:177460554-177460555.D	11		11	DBN1	ENST00000477391.6	JUNC00000178	E/K	SESEVEAAA	3	HLA-B*45:01	271	None	22	29.935	0.040	109.087	0.009	0.982	1076.000	0.285	Poor	Pending
DBN1.ENST00000512501.JUNC00000178.chr5:177460554-177460555.D	7		11	DBN1	ENST00000512501.1	JUNC00000178	E/K	SESEVEAAA	3	HLA-B*45:01	4	None	18	29.935	0.040	109.087	0.009	0.982	1076.000	0.285	Poor	Pending
SEC24D.ENST00000419654.JUNC00000153.chr4:118740662-118740663.NDA	14	2		SEC24D	ENST00000419654.6	JUNC00000153	Q	TSTAFKAVLHQPLKV	5	DRB1*04:05	251	None	16	71.040	3.720	67.286	0.120	8.074	575.000	0.205	Poor	Pending
SEC24D.ENST00000419654.JUNC00000155.chr4:118740662-118740663.A	18	3	3	SEC24D	ENST00000419654.6	JUNC00000155	Q	VIESCAVLY	5	HLA-A*29:02	303	None	24	92.091	0.310	67.286	0.120	8.074	575.000	0.205	Poor	Pending
PRDM4.ENST00000228437.JUNC00000069.chr12:107746273-107746274.A	19	3	5	PRDM4	ENST00000228437.10	JUNC00000069	NA	KQLVLRQSIVGAEVD	2	DRB1*04:05	412	None	27	298.575	15.000	13.577	1.000	13.577	71.000	0.980	Poor	Pending
UBE2I.ENST00000325437.JUNC00000100.chr16:1320436-1320437.D	5	2		UBE2I	ENST00000325437.9	JUNC00000100	NA	DKDWRPAITIKQEYR	3	DRB1*04:05	100	None	7	332.835	8.200	58.799	0.385	22.638	26.000	0.602	Poor	Pending
UBE2I.ENST00000355803.JUNC00000100.chr16:1320436-1320437.D	5	2		UBE2I	ENST00000355803.8	JUNC00000100	NA	DKDWRPAITIKQEYR	2	DRB1*04:05	100	None	7	332.835	8.200	58.799	0.385	22.638	26.000	0.602	Poor	Pending
UBE2I.ENST00000397515.JUNC00000100.chr16:1320436-1320437.D	5	2		UBE2I	ENST00000397515.6	JUNC00000100	NA	DKDWRPAITIKQEYR	3	DRB1*04:05	100	None	7	332.835	8.200	58.799	0.385	22.638	26.000	0.602	Poor	Pending
UBE2I.ENST00000403747.JUNC00000100.chr16:1320436-1320437.D	5	2		UBE2I	ENST00000403747.6	JUNC00000100	NA	DKDWRPAITIKQEYR	5	DRB1*04:05	100	None	7	332.835	8.200	58.799	0.385	22.638	26.000	0.602	Poor	Pending
UBE2I.ENST00000406620.JUNC00000100.chr16:1320436-1320437.D	5	2		UBE2I	ENST00000406620.6	JUNC00000100	NA	DKDWRPAITIKQEYR	2	DRB1*04:05	100	None	7	332.835	8.200	58.799	0.385	22.638	26.000	0.602	Poor	Pending
UBE2I.ENST00000562470.JUNC00000100.chr16:1320436-1320437.D	5	2		UBE2I	ENST00000562470.3	JUNC00000100	NA	DKDWRPAITIKQEYR	2	DRB1*04:05	100	None	7	332.835	8.200	58.799	0.385	22.638	26.000	0.602	Poor	Pending
UBE2I.ENST00000566587.JUNC00000100.chr16:1320436-1320437.D	5	2		UBE2I	ENST00000566587.5	JUNC00000100	NA	DKDWRPAITIKQEYR	2	DRB1*04:05	100	None	7	332.835	8.200	58.799	0.385	22.638	26.000	0.602	Poor	Pending
UBE2I.ENST00000567383.JUNC00000100.chr16:1320436-1320437.D	5	2		UBE2I	ENST00000567383.6	JUNC00000100	NA	DKDWRPAITIKQEYR	4	DRB1*04:05	100	None	7	332.835	8.200	58.799	0.385	22.638	26.000	0.602	Poor	Pending
DBN1.ENST00000393565.JUNC00000177.chr5:177460555-177460556.D	38	2	11	DBN1	ENST00000393565.6	JUNC00000177	NA	KESHRPLRAA	5	HLA-B*45:01	296	None	51	311.785	0.570	109.087	0.070	7.636	129.000	0.290	Poor	Pending
DBN1.ENST00000477391.JUNC00000177.chr5:177460555-177460556.D	31	2	11	DBN1	ENST00000477391.6	JUNC00000177	NA	KESHRPLRAA	3	HLA-B*45:01	295	None	44	311.785	0.570	109.087	0.070	7.636	129.000	0.290	Poor	Pending
DBN1.ENST00000512501.JUNC00000177.chr5:177460555-177460556.D	47	2	12	DBN1	ENST00000512501.1	JUNC00000177	NA	KESHRPLRAA	3	HLA-B*45:01	28	None	61	311.785	0.570	109.087	0.070	7.636	129.000	0.290	Poor	Pending
TIPRL.ENST00000367830.JUNC00000025.chr1:168179177-168179178.D	7			TIPRL	ENST00000367830.3	JUNC00000025	E/V	SKTHIMKSADVVKVK	1	DRB1*04:05	23	None	7	512.505	23.000	55.746	0.332	18.508	927.000	0.273	Poor	Pending
TIPRL.ENST00000367833.JUNC00000025.chr1:168179177-168179178.D	7			TIPRL	ENST00000367833.7	JUNC00000025	E/V	SKTHIMKSADVVKVK	1	DRB1*04:05	23	None	7	512.505	23.000	55.746	0.332	18.508	927.000	0.273	Poor	Pending
LDHB.ENST00000350669.JUNC00000045.chr12:21654541-21654542.A	12			LDHB	ENST00000350669.5	JUNC00000045	NA	VSLADELALVDVLED	1	DRB1*04:05	26	None	12	670.720	23.000	203.702	0.881	179.461	118.000	0.780	Poor	Pending
LDHB.ENST00000396075.JUNC00000045.chr12:21654541-21654542.A	12			LDHB	ENST00000396075.5	JUNC00000045	NA	VSLADELALVDVLED	3	DRB1*04:05	26	None	12	670.720	23.000	203.702	0.881	179.461	118.000	0.780	Poor	Pending
LDHB.ENST00000396076.JUNC00000045.chr12:21654541-21654542.A	12			LDHB	ENST00000396076.5	JUNC00000045	NA	VSLADELALVDVLED	5	DRB1*04:05	26	None	12	670.720	23.000	203.702	0.881	179.461	118.000	0.780	Poor	Pending
LDHB.ENST00000450584.JUNC00000045.chr12:21654541-21654542.A	12			LDHB	ENST00000450584.5	JUNC00000045	NA	VSLADELALVDVLED	3	DRB1*04:05	26	None	12	670.720	23.000	203.702	0.881	179.461	118.000	0.780	Poor	Pending
LDHB.ENST00000539782.JUNC00000045.chr12:21654541-21654542.A	12			LDHB	ENST00000539782.1	JUNC00000045	NA	VSLADELALVDVLED	3	DRB1*04:05	26	None	12	670.720	23.000	203.702	0.881	179.461	118.000	0.780	Poor	Pending
LDHB.ENST00000673047.JUNC00000045.chr12:21654541-21654542.A	12			LDHB	ENST00000673047.2	JUNC00000045	NA	VSLADELALVDVLED	NA	DRB1*04:05	26	None	12	670.720	23.000	203.702	0.881	179.461	118.000	0.780	Poor	Pending
PODXL.ENST00000322985.JUNC00000200.chr7:131504507-131504508.D	40	1	15	PODXL	ENST00000322985.9	JUNC00000200	Q/*	SEMQEKKVV	1	HLA-B*45:01	487	None	56	256.275	0.410	0.630	0.455	0.287	11.000	0.124	Poor	Pending
PODXL.ENST00000378555.JUNC00000200.chr7:131504507-131504508.D	40	1	15	PODXL	ENST00000378555.8	JUNC00000200	Q/*	SEMQEKKVV	1	HLA-B*45:01	519	None	56	256.275	0.410	0.630	0.455	0.287	11.000	0.124	Poor	Pending
UBE2I.ENST00000325437.JUNC00000102.chr16:1320436-1320437.NDA	6		1	UBE2I	ENST00000325437.9	JUNC00000102	NA	KDWRPAITIKQPKQS	3	DRB1*04:05	101	None	7	544.490	13.000	58.799	0.385	22.638	26.000	0.602	Poor	Pending
UBE2I.ENST00000355803.JUNC00000102.chr16:1320436-1320437.NDA	6		1	UBE2I	ENST00000355803.8	JUNC00000102	NA	KDWRPAITIKQPKQS	2	DRB1*04:05	101	None	7	544.490	13.000	58.799	0.385	22.638	26.000	0.602	Poor	Pending
UBE2I.ENST00000397514.JUNC00000102.chr16:1320436-1320437.NDA	6		1	UBE2I	ENST00000397514.8	JUNC00000102	NA	KDWRPAITIKQPKQS	1	DRB1*04:05	101	None	7	544.490	13.000	58.799	0.385	22.638	26.000	0.602	Poor	Pending
UBE2I.ENST00000397515.JUNC00000102.chr16:1320436-1320437.NDA	6		1	UBE2I	ENST00000397515.6	JUNC00000102	NA	KDWRPAITIKQPKQS	3	DRB1*04:05	101	None	7	544.490	13.000	58.799	0.385	22.638	26.000	0.602	Poor	Pending
UBE2I.ENST00000403747.JUNC00000102.chr16:1320436-1320437.NDA	6		1	UBE2I	ENST00000403747.6	JUNC00000102	NA	KDWRPAITIKQPKQS	5	DRB1*04:05	101	None	7	544.490	13.000	58.799	0.385	22.638	26.000	0.602	Poor	Pending
UBE2I.ENST00000406620.JUNC00000102.chr16:1320436-1320437.NDA	6		1	UBE2I	ENST00000406620.6	JUNC00000102	NA	KDWRPAITIKQPKQS	2	DRB1*04:05	101	None	7	544.490	13.000	58.799	0.385	22.638	26.000	0.602	Poor	Pending
UBE2I.ENST00000562470.JUNC00000102.chr16:1320436-1320437.NDA	6		1	UBE2I	ENST00000562470.3	JUNC00000102	NA	KDWRPAITIKQPKQS	2	DRB1*04:05	101	None	7	544.490	13.000	58.799	0.385	22.638	26.000	0.602	Poor	Pending
UBE2I.ENST00000566587.JUNC00000102.chr16:1320436-1320437.NDA	6		1	UBE2I	ENST00000566587.5	JUNC00000102	NA	KDWRPAITIKQPKQS	2	DRB1*04:05	101	None	7	544.490	13.000	58.799	0.385	22.638	26.000	0.602	Poor	Pending
UBE2I.ENST00000567074.JUNC00000102.chr16:1320436-1320437.NDA	6		1	UBE2I	ENST00000567074.6	JUNC00000102	NA	KDWRPAITIKQPKQS	1	DRB1*04:05	101	None	7	544.490	13.000	58.799	0.385	22.638	26.000	0.602	Poor	Pending
UBE2I.ENST00000567383.JUNC00000102.chr16:1320436-1320437.NDA	6		1	UBE2I	ENST00000567383.6	JUNC00000102	NA	KDWRPAITIKQPKQS	4	DRB1*04:05	101	None	7	544.490	13.000	58.799	0.385	22.638	26.000	0.602	Poor	Pending
DBN1.ENST00000393565.JUNC00000177.chr5:177460554-177460555.D	38	2	11	DBN1	ENST00000393565.6	JUNC00000177	E/K	KESHRPLRAA	5	HLA-B*45:01	296	None	51	311.785	0.570	109.087	0.009	0.982	1076.000	0.285	Poor	Pending
DBN1.ENST00000477391.JUNC00000177.chr5:177460554-177460555.D	31	2	11	DBN1	ENST00000477391.6	JUNC00000177	E/K	KESHRPLRAA	3	HLA-B*45:01	295	None	44	311.785	0.570	109.087	0.009	0.982	1076.000	0.285	Poor	Pending
DBN1.ENST00000512501.JUNC00000177.chr5:177460554-177460555.D	47	2	12	DBN1	ENST00000512501.1	JUNC00000177	E/K	KESHRPLRAA	3	HLA-B*45:01	28	None	61	311.785	0.570	109.087	0.009	0.982	1076.000	0.285	Poor	Pending
LDHB.ENST00000350669.JUNC00000044.chr12:21654541-21654542.A	14			LDHB	ENST00000350669.5	JUNC00000044	NA	QSLADELALVDVLED	1	DRB1*04:05	31	None	14	678.730	23.020	203.702	0.881	179.461	118.000	0.780	Poor	Pending
LDHB.ENST00000396075.JUNC00000044.chr12:21654541-21654542.A	14			LDHB	ENST00000396075.5	JUNC00000044	NA	QSLADELALVDVLED	3	DRB1*04:05	31	None	14	678.730	23.020	203.702	0.881	179.461	118.000	0.780	Poor	Pending
LDHB.ENST00000396076.JUNC00000044.chr12:21654541-21654542.A	14			LDHB	ENST00000396076.5	JUNC00000044	NA	QSLADELALVDVLED	5	DRB1*04:05	31	None	14	678.730	23.020	203.702	0.881	179.461	118.000	0.780	Poor	Pending
LDHB.ENST00000450584.JUNC00000044.chr12:21654541-21654542.A	14			LDHB	ENST00000450584.5	JUNC00000044	NA	QSLADELALVDVLED	3	DRB1*04:05	31	None	14	678.730	23.020	203.702	0.881	179.461	118.000	0.780	Poor	Pending
LDHB.ENST00000539782.JUNC00000044.chr12:21654541-21654542.A	14			LDHB	ENST00000539782.1	JUNC00000044	NA	QSLADELALVDVLED	3	DRB1*04:05	31	None	14	678.730	23.020	203.702	0.881	179.461	118.000	0.780	Poor	Pending
LDHB.ENST00000673047.JUNC00000044.chr12:21654541-21654542.A	14			LDHB	ENST00000673047.2	JUNC00000044	NA	QSLADELALVDVLED	NA	DRB1*04:05	31	None	14	678.730	23.020	203.702	0.881	179.461	118.000	0.780	Poor	Pending
CCDC18.ENST00000343253.JUNC00000006.chr1:93226448-93226449.NDA	12	1	3	CCDC18	ENST00000343253.11	JUNC00000006	E	EETIKVYCL	5	HLA-B*45:01	720	None	16	520.055	1.400	18.750	0.300	5.625	20.000	0.628	Poor	Pending
CCDC18.ENST00000370276.JUNC00000006.chr1:93226448-93226449.NDA	12	1	3	CCDC18	ENST00000370276.6	JUNC00000006	E	EETIKVYCL	5	HLA-B*45:01	720	None	16	520.055	1.400	18.750	0.300	5.625	20.000	0.628	Poor	Pending
CCDC18.ENST00000401026.JUNC00000006.chr1:93226448-93226449.NDA	12	1	3	CCDC18	ENST00000401026.7	JUNC00000006	E	EETIKVYCL	1	HLA-B*45:01	721	None	16	520.055	1.400	18.750	0.300	5.625	20.000	0.628	Poor	Pending
CCDC18.ENST00000690025.JUNC00000006.chr1:93226448-93226449.NDA	12	1	3	CCDC18	ENST00000690025.1	JUNC00000006	E	EETIKVYCL	NA	HLA-B*45:01	721	None	16	520.055	1.400	18.750	0.300	5.625	20.000	0.628	Poor	Pending
PRDM4.ENST00000228437.JUNC00000071.chr12:107746273-107746274.NDA	15			PRDM4	ENST00000228437.10	JUNC00000071	NA	LFTICVWTGETIPVR	2	DRB1*04:05	372	None	15	715.145	32.000	13.577	1.000	13.577	71.000	0.980	Poor	Pending
LDHB.ENST00000350669.JUNC00000043.chr12:21654541-21654542.A	3			LDHB	ENST00000350669.5	JUNC00000043	NA	NNKITVVGVGQVVSG	1	DRB1*04:05	21	None	3	2464.130	45.000	203.702	0.881	179.461	118.000	0.780	Poor	Pending
LDHB.ENST00000396075.JUNC00000043.chr12:21654541-21654542.A	3			LDHB	ENST00000396075.5	JUNC00000043	NA	NNKITVVGVGQVVSG	3	DRB1*04:05	21	None	3	2464.130	45.000	203.702	0.881	179.461	118.000	0.780	Poor	Pending
LDHB.ENST00000396076.JUNC00000043.chr12:21654541-21654542.A	3			LDHB	ENST00000396076.5	JUNC00000043	NA	NNKITVVGVGQVVSG	5	DRB1*04:05	21	None	3	2464.130	45.000	203.702	0.881	179.461	118.000	0.780	Poor	Pending
LDHB.ENST00000450584.JUNC00000043.chr12:21654541-21654542.A	3			LDHB	ENST00000450584.5	JUNC00000043	NA	NNKITVVGVGQVVSG	3	DRB1*04:05	21	None	3	2464.130	45.000	203.702	0.881	179.461	118.000	0.780	Poor	Pending
LDHB.ENST00000539782.JUNC00000043.chr12:21654541-21654542.A	3			LDHB	ENST00000539782.1	JUNC00000043	NA	NNKITVVGVGQVVSG	3	DRB1*04:05	21	None	3	2464.130	45.000	203.702	0.881	179.461	118.000	0.780	Poor	Pending
LDHB.ENST00000673047.JUNC00000043.chr12:21654541-21654542.A	3			LDHB	ENST00000673047.2	JUNC00000043	NA	NNKITVVGVGQVVSG	NA	DRB1*04:05	21	None	3	2464.130	45.000	203.702	0.881	179.461	118.000	0.780	Poor	Pending
EPS15L1.ENST00000455140.JUNC00000110.chr19:16361781-16361782.NDA	12	1		EPS15L1	ENST00000455140.7	JUNC00000110	T	DFSQMSKFGNEEQQL	2	DRB1*04:05	743	None	13	1108.365	37.000	21.206	0.311	6.595	90.000	0.199	Poor	Pending
CCDC18.ENST00000343253.JUNC00000011.chr1:93226448-93226449.D	4		1	CCDC18	ENST00000343253.11	JUNC00000011	E	EKELKIKNHSLQETS	5	DRB1*04:05	763	None	5	1786.600	36.000	18.750	0.300	5.625	20.000	0.628	Poor	Pending
CCDC18.ENST00000370276.JUNC00000011.chr1:93226448-93226449.D	4		1	CCDC18	ENST00000370276.6	JUNC00000011	E	EKELKIKNHSLQETS	5	DRB1*04:05	763	None	5	1786.600	36.000	18.750	0.300	5.625	20.000	0.628	Poor	Pending
CCDC18.ENST00000401026.JUNC00000011.chr1:93226448-93226449.D	4		1	CCDC18	ENST00000401026.7	JUNC00000011	E	EKELKIKNHSLQETS	1	DRB1*04:05	764	None	5	1786.600	36.000	18.750	0.300	5.625	20.000	0.628	Poor	Pending
CCDC18.ENST00000690025.JUNC00000011.chr1:93226448-93226449.D	4		1	CCDC18	ENST00000690025.1	JUNC00000011	E	EKELKIKNHSLQETS	NA	DRB1*04:05	764	None	5	1786.600	36.000	18.750	0.300	5.625	20.000	0.628	Poor	Pending
EPS15L1.ENST00000455140.JUNC00000108.chr19:16361781-16361782.A				EPS15L1	ENST00000455140.7	JUNC00000108	T	KSTPFGNEEQQLAWA	2	DRB1*04:05	795	None	0	5252.645	75.000	21.206	0.311	6.595	90.000	0.199	Poor	Pending
EPS15L1.ENST00000455140.JUNC00000109.chr19:16361781-16361782.NDA				EPS15L1	ENST00000455140.7	JUNC00000109	T	PKKPAPPRPKPPSVW	2	DRB1*04:05	781	None	0	27220.365	100.000	21.206	0.311	6.595	90.000	0.199	Poor	Pending
WASHC5.ENST00000318410.JUNC00000207.chr8:125067719-125067720.A	32	6	2	WASHC5	ENST00000318410.12	JUNC00000207	NA	TLRIRTYFTMQSGLA	1	DRB1*04:05	399	None	40	42.905	2.100	65.088	0.000	0.000	25.000	0.062	NoExpr	Pending
WASHC5.ENST00000517845.JUNC00000207.chr8:125067719-125067720.A	32	6	2	WASHC5	ENST00000517845.5	JUNC00000207	NA	TLRIRTYFTMQSGLA	2	DRB1*04:05	251	None	40	42.905	2.100	65.088	0.000	0.000	25.000	0.062	NoExpr	Pending
WASHC5.ENST00000318410.JUNC00000205.chr8:125067719-125067720.NDA	19		2	WASHC5	ENST00000318410.12	JUNC00000205	NA	AIRWLMLHTADSDVQ	1	DRB1*04:05	372	None	21	47.320	1.800	65.088	0.000	0.000	25.000	0.062	NoExpr	Pending
WASHC5.ENST00000517845.JUNC00000205.chr8:125067719-125067720.NDA	19		2	WASHC5	ENST00000517845.5	JUNC00000205	NA	AIRWLMLHTADSDVQ	2	DRB1*04:05	224	None	21	47.320	1.800	65.088	0.000	0.000	25.000	0.062	NoExpr	Pending
WASHC5.ENST00000318410.JUNC00000210.chr8:125067719-125067720.D	28	10	1	WASHC5	ENST00000318410.12	JUNC00000210	NA	AIRWLMLHTADSDIF	1	DRB1*04:05	372	None	39	47.575	1.900	65.088	0.000	0.000	25.000	0.062	NoExpr	Pending
WASHC5.ENST00000517845.JUNC00000210.chr8:125067719-125067720.D	28	10	1	WASHC5	ENST00000517845.5	JUNC00000210	NA	AIRWLMLHTADSDIF	2	DRB1*04:05	224	None	39	47.575	1.900	65.088	0.000	0.000	25.000	0.062	NoExpr	Pending
CUL9.ENST00000252050.JUNC00000183.chr6:43187095-43187096.NDA	16	1		CUL9	ENST00000252050.9	JUNC00000183	NA	GCTLCRTSSPNLRRM	5	DRB1*04:05	429	None	17	928.575	37.000	16.683	0.000	0.000	6.000	0.252	NoExpr	Pending
CUL9.ENST00000372647.JUNC00000183.chr6:43187095-43187096.NDA	16	1		CUL9	ENST00000372647.6	JUNC00000183	NA	GCTLCRTSSPNLRRM	1	DRB1*04:05	429	None	17	928.575	37.000	16.683	0.000	0.000	6.000	0.252	NoExpr	Pending
AGPS.ENST00000264167.JUNC00000129.chr2:177513816-177513817.D	2			AGPS	ENST00000264167.11	JUNC00000129	NA	LGESFETSAPWDRSL	1	DRB1*04:05	524	None	2	2217.885	46.000	38.437	0.000	0.000	9.000	0.237	NoExpr	Pending
AGPS.ENST00000637633.JUNC00000129.chr2:177513816-177513817.D	2			AGPS	ENST00000637633.2	JUNC00000129	NA	LGESFETSAPWDRSL	5	DRB1*04:05	524	None	2	2217.885	46.000	38.437	0.000	0.000	9.000	0.237	NoExpr	Pending
AGPS.ENST00000642466.JUNC00000129.chr2:177513816-177513817.D	2			AGPS	ENST00000642466.2	JUNC00000129	NA	LGESFETSAPWDRSL	NA	DRB1*04:05	524	None	2	2217.885	46.000	38.437	0.000	0.000	9.000	0.237	NoExpr	Pending
AGPS.ENST00000679459.JUNC00000129.chr2:177513816-177513817.D	2			AGPS	ENST00000679459.1	JUNC00000129	NA	LGESFETSAPWDRSL	NA	DRB1*04:05	524	None	2	2217.885	46.000	38.437	0.000	0.000	9.000	0.237	NoExpr	Pending
AGPS.ENST00000679478.JUNC00000129.chr2:177513816-177513817.D	2			AGPS	ENST00000679478.1	JUNC00000129	NA	LGESFETSAPWDRSL	NA	DRB1*04:05	434	None	2	2217.885	46.000	38.437	0.000	0.000	9.000	0.237	NoExpr	Pending
AGPS.ENST00000679994.JUNC00000129.chr2:177513816-177513817.D	2			AGPS	ENST00000679994.1	JUNC00000129	NA	LGESFETSAPWDRSL	NA	DRB1*04:05	434	None	2	2217.885	46.000	38.437	0.000	0.000	9.000	0.237	NoExpr	Pending
AGPS.ENST00000680155.JUNC00000129.chr2:177513816-177513817.D	2			AGPS	ENST00000680155.1	JUNC00000129	NA	LGESFETSAPWDRSL	NA	DRB1*04:05	434	None	2	2217.885	46.000	38.437	0.000	0.000	9.000	0.237	NoExpr	Pending
AGPS.ENST00000680770.JUNC00000129.chr2:177513816-177513817.D	2			AGPS	ENST00000680770.1	JUNC00000129	NA	LGESFETSAPWDRSL	NA	DRB1*04:05	524	None	2	2217.885	46.000	38.437	0.000	0.000	9.000	0.237	NoExpr	Pending
AGPS.ENST00000681449.JUNC00000129.chr2:177513816-177513817.D	2			AGPS	ENST00000681449.1	JUNC00000129	NA	LGESFETSAPWDRSL	NA	DRB1*04:05	434	None	2	2217.885	46.000	38.437	0.000	0.000	9.000	0.237	NoExpr	Pending
