ID	A*29:02	B*45:01	B*82:02	C*06:02	Gene	AA Change	Num Passing Transcripts	Best Peptide	Best Transcript	TSL	Allele	Pos	Prob Pos	Num Passing Peptides	IC50 MT	IC50 WT	%ile MT	%ile WT	RNA Expr	RNA VAF	Allele Expr	RNA Depth	DNA VAF	Tier	Ref Match	Evaluation
chr1-154590262-154590263-T-A		5			ADAR	E806V	15	AERMGFTVV	ENST00000368474.9	1	HLA-B*45:01	8	None	5	76.110	61.796	0.100	0.125	131.835	0.348	45.879	1233.000	0.302	Pass	False	Pending
chr17-5007046-5007047-C-T		1			KIF1C	S433F	1	TEFQIGPEEA	ENST00000320785.10	1	HLA-B*45:01	3	None	1	152.100	166.310	0.350	0.473	121.453	0.297	36.072	1679.000	0.316	Pass	False	Pending
chr4-108650681-108650682-C-G				1	OSTC	F9L	3	YRVPLLVL	ENST00000361564.9	1	HLA-C*06:02	5	None	1	282.169	272.915	0.232	0.202	173.877	0.486	84.504	1028.000	0.462	Pass	False	Pending
chr9-133354714-133354715-G-C				2	SURF1	N89K	1	RRKWKLKLI	ENST00000371974.8	1	HLA-C*06:02	7	None	2	212.835	161.921	0.451	0.332	46.709	0.762	35.592	563.000	0.700	Pass	False	Pending
chr6-157133135-157133136-G-C			1		ARID1B	G910A	9	SPGGQMHAA	ENST00000346085.10	1	HLA-B*82:02	9	None	1	345.587	2240.610	0.610	2.500	39.757	1.000	39.757	163.000	1.000	Pass	False	Pending
chr5-133103958-133103959-T-C			1		HSPA4	L751P	1	NPQNKQSL	ENST00000304858.7	1	HLA-B*82:02	2	None	1	454.220	19898.660	0.490	14.000	114.662	0.996	114.203	1368.000	1.000	Pass	False	Pending
chr2-47806319-47806320-G-A	3	1			MSH6	D1255N	6	VENYSQNVA	ENST00000234420.11	1	HLA-B*45:01	3	None	4	66.515	332.805	0.254	0.665	48.832	0.338	16.505	352.000	0.318	Pass	False	Pending
chr18-36067341-36067342-C-G		1			RPRD1A	Q21H	4	SELSNSQHSV	ENST00000399022.9	1	HLA-B*45:01	8	None	1	368.845	354.640	0.430	0.415	57.249	0.500	28.625	602.000	0.417	Pass	False	Pending
chr19-19336157-19336158-A-C	1			1	MAU2	S111R	1	VKFEAARLL	ENST00000262815.13	1	HLA-C*06:02	7	None	2	212.075	484.278	0.424	1.251	34.844	0.437	15.227	238.000	0.345	Pass	False	Pending
chrX-1419025-1419026-G-A	1				ASMTL	T445M	3	AMAFNLSRF	ENST00000381317.9	1	HLA-A*29:02	2	None	1	618.761	2037.415	1.579	2.250	74.609	0.460	34.320	804.000	0.467	Pass	False	Pending
chr14-60724007-60724008-C-G		2			SIX4	E23Q	2	QENGMQSA	ENST00000216513.5	1	HLA-B*45:01	6	None	2	222.020	324.685	0.230	0.405	15.017	0.987	14.822	76.000	1.000	Pass	False	Pending
chr19-57397065-57397066-G-T	5				ZNF548	D12Y	9	VVFEYVAIY	ENST00000366197.9	1	HLA-A*29:02	5	None	5	41.063	75.490	0.115	0.260	13.433	0.378	5.078	127.000	0.468	Pass	False	Pending
chr17-4545724-4545725-T-C		1			MYBBP1A	E653G	3	VEVLVGILLA	ENST00000254718.9	1	HLA-B*45:01	6	None	1	331.250	403.175	0.730	1.030	47.493	0.319	15.150	420.000	0.352	Pass	False	Pending
chr20-35384131-35384132-C-G				1	UQCC1	W44S	7	SRTSQSPQM	ENST00000374385.10	1	HLA-C*06:02	6	None	1	365.305	752.965	0.594	1.064	47.722	0.327	15.605	581.000	0.434	Pass	False	Pending
chr8-22566400-22566401-G-C			2		SORBS3	R336P	1	APSLSPHKM	ENST00000240123.12	1	HLA-B*82:02	2	None	2	250.848	23477.210	0.370	22.000	23.107	0.374	8.642	195.000	0.464	Pass	True	Pending
chr13-113425167-113425168-G-T	3	1			ADPRHL1	H220N	4	QENWFYFEA	ENST00000375418.8	1	HLA-B*45:01	3	None	4	11.080	11.610	0.027	0.033	2.743	0.917	2.515	24.000	0.517	Pass	False	Pending
chr16-58516554-58516555-G-A	1				SETD6	R185H	4	DLANIHSEY	ENST00000219315.9	1	HLA-A*29:02	6	None	1	103.730	277.900	0.483	0.940	11.622	0.340	3.951	100.000	0.335	Pass	False	Pending
chrX-78015862-78015863-G-C		1			ATP7A	D870H	13	HESLITGEA	ENST00000341514.11	1	HLA-B*45:01	1	None	1	164.310	360.225	0.400	0.750	5.153	0.951	4.901	41.000	0.982	Pass	False	Pending
chr11-62752450-62752451-G-A	1				ZBTB3	S405F	2	EPLYLSFEY	ENST00000394807.5	1	HLA-A*29:02	7	None	1	382.420	2333.530	1.167	2.800	13.703	0.601	8.236	148.000	0.670	Pass	False	Pending
chr10-37957500-37957501-C-T		1			ZNF25	E21K	1	KEKWKLLTPA	ENST00000302609.8	1	HLA-B*45:01	3	None	1	377.255	137.860	0.640	0.470	13.090	0.471	6.165	187.000	0.485	Pass	False	Pending
chr6-70190343-70190344-G-C	1				COL19A1	K1019N	1	VSFEEINKY	ENST00000620364.5	1	HLA-A*29:02	7	None	1	536.890	1078.040	1.015	1.410	10.708	0.269	2.880	52.000	0.255	Pass	False	Pending
chr5-177460554-177460555-C-T		6			DBN1	E280K	5	SESEVEKAA	ENST00000292385.9	1	HLA-B*45:01	7	None	6	58.840	48.155	0.200	0.145	109.087	0.009	0.982	1076.000	0.285	LowExpr	False	Pending
chr1-204125889-204125890-C-T	3				SOX13	S542L	2	QMSSLDVLY	ENST00000367204.6	1	HLA-A*29:02	5	None	3	10.785	19.095	0.155	0.200	2.664	0.105	0.280	19.000	0.339	LowExpr	False	Pending
chr6-32181195-32181196-G-T		2			AGER	L404M	3	AEMNQSEEPEA	ENST00000375069.7	1	HLA-B*45:01	3	None	2	128.870	342.105	0.165	0.335	2.211	0.462	1.021	26.000	0.510	LowExpr	False	Pending
chr14-32600790-32600791-A-T	2	1	1		AKAP6	K910M	3	EEGTGSPMA	ENST00000280979.9	1	HLA-B*45:01	8	None	4	114.805	154.050	0.265	0.355	2.905	0.250	0.726	8.000	0.708	LowExpr	False	Pending
chr4-373601-373602-C-T	1				ZNF141	H389Y	1	KIYTGEKPY	ENST00000240499.8	1	HLA-A*29:02	3	None	1	489.770	2460.050	1.205	2.750	2.222	0.821	1.824	39.000	0.917	LowExpr	True	Pending
chr3-171138369-171138370-G-T		1			TNIK	R448S	4	AEHEQEYKS	ENST00000357327.9	1	HLA-B*45:01	9	None	1	413.990	1410.590	0.690	2.750	3.976	0.167	0.664	12.000	0.270	LowExpr	False	Pending
chr7-155462475-155462476-A-G		1			EN2	Q264R	1	AEFRTNRYLT	ENST00000297375.4	1	HLA-B*45:01	4	None	1	371.485	242.275	0.900	0.607	0.408	0.375	0.153	16.000	0.263	LowExpr	False	Pending
chrX-1419095-1419096-G-A		1			ASMTL	P422S	3	SETRLRFMRA	ENST00000381317.9	1	HLA-B*45:01	1	None	1	104.095	2967.105	0.400	4.550	74.609	0.223	16.638	847.000	0.226	Subclonal	False	Pending
chr8-125436370-125436371-C-T	3				TRIB1	S340F	3	WFEFVLEPGY	ENST00000311922.4	1	HLA-A*29:02	4	None	3	107.970	111.211	0.500	0.432	78.491	0.102	8.006	795.000	0.133	Subclonal	False	Pending
chr11-63544840-63544860-GTGAGCACTTTGTCACCCAGC-G				1	PLAAT4	FS113-120	3	SRNCEIWQV	ENST00000255688.8	1	HLA-C*06:02	6-9	4	1	153.975	5546.497	0.360	5.750	43.703	0.115	5.026	426.000	0.071	Subclonal	False	Pending
chr7-140024672-140024681-TCAAAGATCA-T	1				PARP12	VIFE662-665E	1	SIFEKHQVY	ENST00000263549.8	1	HLA-A*29:02	3-4	None	1	126.800	144.030	0.265	0.295	29.767	0.153	4.554	307.000	0.108	Subclonal	False	Pending
chr14-55180753-55180754-G-A			1		DLGAP5	S202L	3	MPTLLRMTRSA	ENST00000247191.7	1	HLA-B*82:02	4	None	1	466.680	434.980	0.730	0.670	53.642	0.224	12.016	825.000	0.240	Subclonal	False	Pending
chr10-125729432-125729433-C-G	2				EDRF1	P324A	6	NMAIFGGGRY	ENST00000356792.9	1	HLA-A*29:02	3	None	2	195.695	278.385	0.689	1.015	17.377	0.185	3.215	205.000	0.155	Subclonal	False	Pending
chr8-125436370-125436372-CC-TT	3				TRIB1	S340F	3	WFEFVLEPGY	ENST00000311922.4	1	HLA-A*29:02	4	None	3	107.970	111.211	0.500	0.432	78.491	NA	NA	NA	0.136	Subclonal	False	Pending
chr5-1814504-1814505-G-A			1		NDUFS6	R118H	1	QPAHPHTPL	ENST00000469176.1	2	HLA-B*82:02	4	None	1	90.330	100.630	0.020	0.050	181.433	0.500	90.716	6.000	0.410	Poor	False	Pending
chr19-16093698-16093699-G-C		2			TPM4	E201Q	10	KEAETRAQFA	ENST00000586833.7	5	HLA-B*45:01	8	None	2	190.315	166.200	0.294	0.359	370.472	0.654	242.289	4066.000	0.480	Poor	False	Pending
chr7-75881385-75881386-G-A		1			RHBDD2	R67K	1	MEGGVKITA	ENST00000454791.1	2	HLA-B*45:01	6	None	1	61.465	53.445	0.150	0.150	84.058	0.283	23.788	329.000	0.189	Poor	False	Pending
chrX-41344254-41344255-G-C	1			3	DDX3X	R293T	25	RKFSYRSTV	ENST00000399959.7	1	HLA-C*06:02	8	None	4	513.090	906.662	0.635	1.600	158.794	0.999	158.635	1381.000	0.966	Poor	False	Pending
chr10-125859825-125859826-G-C					DHX32	P209R	0	ARRELKLII	ENST00000284690.4	1	HLA-C*06:02	3	None	0	507.740	530.850	0.462	0.925	53.951	0.998	53.843	518.000	1.000	Poor	False	Pending
chr8-38428419-38428420-G-A					FGFR1	S36L	0	LPEQDALPSL	ENST00000356207.9	1	HLA-B*82:02	10	None	0	635.240	5294.450	0.300	6.680	143.964	0.999	143.820	1501.000	1.000	Poor	True	Pending
chr12-889169-889170-C-G					WNK1	Q2212E	0	AELRRTLSP	ENST00000530271.6	1	HLA-B*45:01	2	None	0	630.500	9432.691	1.250	9.478	97.460	0.700	68.222	593.000	0.604	Poor	True	Pending
chr22-41524890-41524891-G-C					ACO2	E510Q	0	TLKFNPQTDY	ENST00000216254.9	1	HLA-A*29:02	7	None	0	710.204	789.700	1.778	1.939	119.616	0.238	28.469	1640.000	0.216	Poor	False	Pending
chr3-172353066-172353067-C-T					FNDC3B	P927S	0	SETTYRIRI	ENST00000336824.8	1	HLA-B*45:01	1	None	0	757.790	10883.952	1.175	10.800	92.076	0.317	29.188	928.000	0.356	Poor	False	Pending
chr18-80136551-80136552-C-T					ADNP2	P380L	0	LPLSQPVGL	ENST00000262198.9	1	HLA-B*82:02	9	None	0	618.280	4625.900	0.350	5.300	19.521	1.000	19.521	143.000	0.932	Poor	False	Pending
chr3-121697676-121697677-G-C					GOLGB1	A949G	0	AEEGKKEQV	ENST00000393667.7	1	HLA-B*45:01	4	None	0	865.085	588.880	1.300	0.990	45.429	0.967	43.930	307.000	1.000	Poor	False	Pending
chr1-43432295-43432296-G-C				1	SZT2	G1767R	2	RRLHLPRHV	ENST00000634258.3	5	HLA-C*06:02	7	None	1	479.930	2414.980	0.525	3.150	34.708	0.344	11.940	96.000	0.338	Poor	False	Pending
chr5-134893641-134893642-T-C					TXNDC15	S248P	0	APQHSSLSTRF	ENST00000358387.9	1	HLA-B*82:02	2	None	0	1145.590	24218.040	1.000	23.590	42.950	0.996	42.778	447.000	0.993	Poor	False	Pending
chr1-36179727-36179728-G-A					MAP7D1	E765K	0	KPIPQEPQWSL	ENST00000373151.6	1	HLA-B*82:02	1	None	0	1091.150	733.791	0.670	0.300	93.193	0.326	30.381	1643.000	0.309	Poor	False	Pending
chr7-77600798-77600799-C-T					PTPN12	H230Y	0	VPICIYCSA	ENST00000248594.11	1	HLA-B*82:02	6	4,7	0	878.830	711.660	1.300	0.960	128.676	0.161	20.717	732.000	0.203	Poor	False	Pending
chrX-77681732-77681733-T-C					ATRX	K1175E	0	SEKKAVIV	ENST00000373344.11	1	HLA-B*45:01	2	None	0	1330.390	29762.686	0.835	26.634	57.053	0.990	56.482	293.000	1.000	Poor	False	Pending
chr8-133256733-133256734-C-G					NDRG1	E44Q	0	QEQGQISGWT	ENST00000674925.1	NA	HLA-B*45:01	3	None	0	1438.699	2225.090	2.000	2.800	678.195	0.274	185.825	223.000	0.402	Poor	False	Pending
chr15-50643416-50643417-T-G					TRPM7	K153T	0	HPRITQLL	ENST00000560955.5	1	HLA-B*82:02	5	None	0	663.330	922.680	0.540	0.700	28.628	0.450	12.883	416.000	0.500	Poor	True	Pending
chr2-53901384-53901385-G-C					PSME4	H1084D	0	AEKIDRQYET	ENST00000404125.6	1	HLA-B*45:01	5	None	0	751.770	797.505	0.935	0.870	57.847	0.276	15.966	601.000	0.350	Poor	False	Pending
chr9-35609475-35609476-C-T					TESK1	H539Y	0	AQYSLPRAA	ENST00000336395.6	1	HLA-B*45:01	3	None	0	580.639	539.030	0.838	0.812	9.206	1.000	9.206	97.000	1.000	Poor	False	Pending
chrX-40655057-40655058-G-T					MED14	F1325L	0	LELLPDQA	ENST00000324817.6	1	HLA-B*45:01	4	None	0	838.855	1054.040	1.281	1.250	18.572	1.000	18.572	146.000	1.000	Poor	False	Pending
chr20-23354058-23354059-C-G					NXT1	F6L	0	MASVDLKTY	ENST00000254998.3	1	HLA-A*29:02	6	None	0	824.715	411.115	1.435	1.205	38.946	0.422	16.435	519.000	0.375	Poor	False	Pending
chr10-132163376-132163377-C-G		1			JAKMIP3	R795G	20	GERMELLQLA	ENST00000298622.9	5	HLA-B*45:01	1	None	1	266.515	218.819	0.485	0.521	3.848	0.625	2.405	24.000	0.462	Poor	False	Pending
chr1-179109009-179109010-T-C			1		ABL2	T753A	3	TGFFAPRLI	ENST00000502732.6	1	HLA-C*06:02	5	None	1	1136.265	1199.550	1.505	1.395	50.587	0.429	21.702	28.000	0.373	Poor	False	Pending
chr9-137255473-137255474-G-C					NELFB	G37R	0	GERAGDRAP	ENST00000343053.6	1	HLA-B*45:01	7	None	0	1287.920	1556.750	2.100	2.200	32.319	0.812	26.243	80.000	0.600	Poor	False	Pending
chr6-46662451-46662452-C-G					SLC25A27	Q154E	0	NPTDLVKVEM	ENST00000371347.10	1	HLA-B*82:02	9	None	0	678.107	935.325	0.270	0.250	14.615	0.521	7.614	71.000	0.484	Poor	False	Pending
chr17-80086142-80086143-G-C		1			CCDC40	E792D	2	DEQLASLDA	ENST00000397545.9	5	HLA-B*45:01	1	None	1	293.525	47.203	0.745	0.165	5.546	0.300	1.664	10.000	0.181	Poor	False	Pending
chr22-50177151-50177152-C-T					PANX2	S147F	0	VPALGWEFLAF	ENST00000159647.9	1	HLA-B*82:02	11	None	0	767.660	3665.800	0.980	7.344	10.842	1.000	10.842	124.000	0.996	Poor	False	Pending
chr3-33053544-33053545-G-T					GLB1	S115R	0	SYNSAGRNI	ENST00000307377.12	1	HLA-C*06:02	7	None	0	1193.490	2347.020	1.350	3.600	77.589	0.253	19.630	782.000	0.314	Poor	False	Pending
chr7-102317255-102317256-A-G			1		SH2B2	H462R	2	YPWFRGTL	ENST00000536178.3	1	HLA-B*82:02	5	None	1	333.690	316.120	0.210	0.200	6.055	0.223	1.350	94.000	0.181	Poor	False	Pending
chr15-49282070-49282071-G-T					GALK2	A197S	0	SEEGTAKLI	ENST00000560031.6	1	HLA-B*45:01	1	None	0	1350.480	625.225	1.850	1.000	24.473	1.000	24.473	184.000	1.000	Poor	False	Pending
chr16-2295600-2295601-C-G					ABCA3	E801D	0	LPRDSTHRF	ENST00000301732.10	1	HLA-B*82:02	4	None	0	572.913	614.950	0.325	0.372	6.120	0.628	3.843	86.000	0.578	Poor	False	Pending
chr2-219471924-219471925-A-G					SPEG	Y1258C	0	GPQHAGVCKSV	ENST00000312358.12	5	HLA-B*82:02	8	8	0	1430.070	1391.910	1.400	1.425	66.211	0.397	26.286	126.000	0.333	Poor	False	Pending
chr7-82908982-82908983-C-G					PCLO	W4444S	0	LRREETDSF	ENST00000333891.14	2	HLA-C*06:02	8	None	0	541.270	628.940	1.025	2.070	4.482	0.567	2.541	30.000	0.409	Poor	False	Pending
chr4-103145955-103145956-C-G					CENPE	R1404T	0	IEMLGLSKT	ENST00000380026.8	1	HLA-B*45:01	9	None	0	834.380	8114.150	1.392	7.850	29.958	0.242	7.250	380.000	0.239	Poor	False	Pending
chr16-3745299-3745300-G-C	2				CREBBP	H1297Q	4	QYDIIWPSGF	ENST00000262367.10	1	HLA-A*29:02	1	None	2	1286.840	1130.355	2.400	1.500	54.323	0.303	16.460	251.000	0.239	Poor	False	Pending
chr19-16572288-16572289-C-G					SLC35E1	E26Q	0	ARQGARVAA	ENST00000595753.6	1	HLA-C*06:02	3	None	0	1988.565	1915.514	5.320	6.100	38.810	0.816	31.669	38.000	0.698	Poor	False	Pending
chr22-37631020-37631021-C-G					GGA1	P501A	0	EPARPPQQPV	ENST00000381756.9	1	HLA-B*82:02	3	None	0	1567.075	2850.731	0.340	0.660	51.482	0.435	22.395	386.000	0.436	Poor	False	Pending
chr17-45119014-45119029-TAGACGGTCGTTGTTG-T		1			PLCD3	SNNDRL233-238S	1	SEGAEIEEF	ENST00000619929.5	1	HLA-B*45:01	1-2	None	1	1921.145	7531.760	2.100	5.850	26.946	1.000	26.946	64.000	0.941	Poor	False	Pending
chr5-145817966-145817967-A-G					PRELID2	C70R	0	RSHRLTWTQY	ENST00000394450.6	1	HLA-A*29:02	4	None	0	655.485	580.445	1.790	1.500	7.144	0.386	2.758	88.000	0.324	Poor	False	Pending
chr7-112342710-112342711-G-C					ZNF277	L445F	0	SSIFNQLLL	ENST00000361822.8	1	HLA-C*06:02	4	None	0	1525.100	2320.805	3.100	3.350	58.592	0.347	20.331	505.000	0.434	Poor	False	Pending
chr2-216428741-216428742-C-G					SMARCAL1	L432V	0	SEVDPKVVS	ENST00000358207.9	1	HLA-B*45:01	7	None	0	939.435	1105.330	1.550	1.950	14.405	0.520	7.491	179.000	0.457	Poor	False	Pending
chr15-62819536-62819537-G-A					TLN2	E2265K	0	TPKFKQQLAAF	ENST00000561311.5	5	HLA-B*82:02	3	None	0	920.870	1146.680	1.129	1.163	20.006	0.351	7.022	154.000	0.452	Poor	False	Pending
chr2-236392010-236392011-C-T					IQCA1	E460K	0	RERKRPVKA	ENST00000409907.8	1	HLA-B*45:01	4	None	0	569.810	406.695	0.855	0.596	14.414	0.087	1.254	149.000	0.233	Poor	False	Pending
chr12-48693119-48693120-G-C					CCNT1	I698M	0	YLNPRSGGM	ENST00000261900.8	1	HLA-C*06:02	9	None	0	1868.185	2889.240	2.155	2.795	23.125	1.000	23.125	230.000	1.000	Poor	False	Pending
chr20-4182496-4182497-C-A					SMOX	Q340K	0	SLGVLKRKY	ENST00000621355.4	1	HLA-A*29:02	8	None	0	1564.540	1069.915	1.750	1.500	34.520	0.539	18.606	456.000	0.600	Poor	False	Pending
chr22-50243800-50243801-T-C					TUBGCP6	H220R	0	FGALVRSRTY	ENST00000248846.10	1	HLA-A*29:02	6	None	0	1625.740	610.934	2.387	1.750	24.241	0.775	18.787	334.000	0.750	Poor	False	Pending
chr2-31366060-31366061-G-C					XDH	R791G	0	VPANRIVVGV	ENST00000379416.4	1	HLA-B*82:02	9	None	0	1177.000	1255.950	0.640	0.750	9.677	1.000	9.677	83.000	1.000	Poor	False	Pending
chr11-6401000-6401001-C-T					APBB1	A552T	0	VPVTKPVGV	ENST00000311051.7	1	HLA-B*82:02	4	None	0	986.930	1031.840	0.623	0.391	6.678	1.000	6.678	85.000	0.990	Poor	False	Pending
chr11-862686-862687-C-G					TSPAN4	I67M	0	GAFVMAMGF	ENST00000397397.7	1	HLA-A*29:02	7	None	0	2810.010	4008.940	3.495	4.400	72.214	0.996	71.925	550.000	1.000	Poor	False	Pending
chr17-29286059-29286060-C-G					NUFIP2	R645T	0	KEQRYQTGL	ENST00000225388.9	1	HLA-B*45:01	7	None	0	2344.060	3043.830	2.400	3.250	31.008	0.998	30.946	661.000	1.000	Poor	False	Pending
chr7-82916602-82916603-C-A					PCLO	D515Y	0	YAKLRYLEM	ENST00000437081.1	1	HLA-C*06:02	1	None	0	571.615	4426.085	1.165	10.005	4.482	0.171	0.766	35.000	0.222	Poor	False	Pending
chr2-63942505-63942506-C-G					VPS54	D441H	0	QWFDLLKHIF	ENST00000409558.8	1	HLA-A*29:02	8	None	0	1288.480	2008.260	1.995	3.700	12.384	1.000	12.384	86.000	1.000	Poor	False	Pending
chr15-100900576-100900577-G-T	2				ALDH1A3	D296Y	2	ADADLYLAV	ENST00000329841.10	1	HLA-B*45:01	6	None	2	1183.225	2722.000	1.700	3.650	15.852	0.542	8.592	153.000	0.359	Poor	False	Pending
chr1-27793606-27793607-C-G					STX12	P88R	0	KELGSLRLP	ENST00000373943.9	1	HLA-B*45:01	7	None	0	2160.065	1360.255	3.500	2.750	26.914	1.000	26.914	432.000	1.000	Poor	False	Pending
chr5-14507134-14507135-C-T					TRIO	R2876C	0	LEMADQGCL	ENST00000344204.9	1	HLA-B*45:01	8	8	0	1840.205	3975.300	2.630	3.385	74.348	0.250	18.587	376.000	0.259	Poor	False	Pending
chr6-109451607-109451608-G-T					MICAL1	L309M	0	MRQDWPDTNRL	ENST00000358807.8	1	HLA-C*06:02	1	None	0	1355.490	2631.930	0.785	1.700	12.825	1.000	12.825	96.000	0.981	Poor	False	Pending
chr5-1331835-1331836-C-A					CLPTM1L	K313N	0	SFWNKKKSM	ENST00000320895.10	1	HLA-C*06:02	4	None	0	3130.995	5890.775	1.562	2.038	169.373	0.325	55.046	1031.000	0.378	Poor	False	Pending
chr3-52395054-52395055-C-T					DNAH1	P3655L	0	IELQTANLSV	ENST00000420323.7	1	HLA-B*45:01	3	None	0	729.245	2660.150	1.453	3.250	3.000	0.550	1.650	20.000	0.263	Poor	False	Pending
chr2-175093191-175093192-C-G					ATF2	D352H	0	DPHEKRRKFL	ENST00000264110.7	1	HLA-B*82:02	3	None	0	3133.530	4237.880	2.200	1.800	100.906	0.445	44.903	878.000	0.461	Poor	False	Pending
chr19-5928080-5928081-C-G					RANBP3	E229Q	0	SEAADEEKQP	ENST00000439268.6	1	HLA-B*45:01	9	None	0	3043.580	2190.005	2.750	2.060	36.036	1.000	36.036	320.000	0.987	Poor	False	Pending
chr1-39429921-39429922-G-C					MACF1	E5699Q	0	RTLQQARQL	ENST00000567887.5	5	HLA-C*06:02	4	None	0	3298.865	2025.240	2.250	1.310	126.838	0.372	47.184	819.000	0.333	Poor	False	Pending
chr11-64320894-64320895-T-C					PRDX5	F157L	0	LLADPTGAL	ENST00000265462.9	1	HLA-B*82:02	9	None	0	4209.230	5459.630	1.040	2.517	580.692	0.439	254.924	6089.000	0.427	Poor	False	Pending
chr17-82961144-82961145-G-C					B3GNTL1	L198V	0	FFYEHVRKG	ENST00000320865.4	1	HLA-C*06:02	6	None	0	859.305	1141.685	1.300	1.840	10.001	0.235	2.350	81.000	0.221	Poor	False	Pending
chr1-227091907-227091908-T-G					CDC42BPA	K778T	0	EENKTLTSEL	ENST00000366769.7	1	HLA-B*45:01	5	None	0	967.655	1574.450	1.450	2.200	40.050	0.063	2.523	317.000	0.231	Poor	False	Pending
chr15-74280668-74280669-G-T					CCDC33	M178I	0	LEYYSSTSI	ENST00000558659.5	1	HLA-B*45:01	9	None	0	636.165	2295.485	1.002	2.350	0.158	1.000	0.158	1.000	0.585	Poor	False	Pending
chr1-16972417-16972418-C-G					CROCC	S2009C	0	QELRRSSAPFC	ENST00000375541.10	5	HLA-B*45:01	11	11	0	1828.555	2645.310	3.198	3.748	11.754	1.000	11.754	56.000	0.988	Poor	False	Pending
chr19-35841840-35841841-C-A					NPHS1	G897C	0	TEHTYHQCG	ENST00000378910.10	1	HLA-B*45:01	8	8	0	685.930	1092.140	1.800	1.739	0.377	1.000	0.377	2.000	0.081	Poor	False	Pending
chr19-6044262-6044263-G-C					RFX2	A37G	0	SPQRVLVQAG	ENST00000303657.10	1	HLA-B*82:02	10	None	0	2099.770	652.650	2.560	0.670	15.809	1.000	15.809	45.000	0.989	Poor	False	Pending
chr8-143795429-143795430-C-T					SCRIB	G1235D	0	SPEDPGKEKEL	ENST00000320476.7	1	HLA-B*82:02	4	None	0	1584.890	1445.630	0.863	0.908	61.627	0.141	8.689	687.000	0.162	Poor	False	Pending
chr6-3723707-3723708-C-G					PXDC1	E203Q	0	SEFPSQLEDG	ENST00000380283.5	1	HLA-B*45:01	6	None	0	1952.725	2692.965	2.800	3.050	22.483	0.539	12.118	406.000	0.418	Poor	False	Pending
chr8-143805313-143805314-A-C					SCRIB	V823G	0	EPENAGTITPL	ENST00000320476.7	1	HLA-B*82:02	6	None	0	1186.806	2777.580	0.279	0.550	61.627	0.055	3.389	402.000	0.164	Poor	False	Pending
chr8-125028638-125028639-T-C					WASHC5	Y1135C	0	FLEDYVRCT	ENST00000318410.12	1	HLA-C*06:02	8	8	0	2021.110	852.215	7.450	3.100	65.088	0.212	13.799	448.000	0.139	Poor	False	Pending
chr16-74391670-74391671-C-T					NPIPB15	P308L	0	VPLPLSPL	ENST00000429990.1	5	HLA-B*82:02	5	None	0	685.220	546.914	0.400	0.330	10.432	0.015	0.156	68.000	0.409	Poor	True	Pending
chr6-118491773-118491774-G-A					CEP85L	S450F	0	GEFEQKLAFT	ENST00000368491.8	1	HLA-B*45:01	9	None	0	1514.345	919.750	1.730	1.200	16.147	0.421	6.798	95.000	0.581	Poor	False	Pending
chr9-129102403-129102404-T-C					CRAT	Y209C	0	CQFFELDVY	ENST00000318080.7	1	HLA-A*29:02	1	1	0	735.495	152.020	2.350	0.830	11.624	0.018	0.209	169.000	0.275	Poor	False	Pending
chr12-49526214-49526215-G-A					SPATS2	R533H	0	LPQHKPRTSQT	ENST00000321898.10	1	HLA-B*82:02	4	None	0	3325.660	3472.750	6.800	6.900	23.424	1.000	23.424	334.000	0.968	Poor	False	Pending
chr2-190982493-190982494-G-C			1		STAT1	P491A	16	RNLSFFLTPA	ENST00000361099.8	1	HLA-B*45:01	10	None	1	5226.500	21147.735	5.750	26.525	172.622	0.520	89.763	1475.000	0.583	Poor	False	Pending
chr11-46728135-46728136-T-C					F2	V424A	0	TENDLLARI	ENST00000311907.10	1	HLA-B*45:01	7	None	0	699.770	616.890	1.120	0.995	0.048	1.000	0.048	1.000	0.357	Poor	False	Pending
chr2-102015965-102015966-C-T					IL1R2	T143I	0	ISYPQILIL	ENST00000332549.8	1	HLA-C*06:02	8	None	0	777.695	456.355	0.960	0.530	0.517	0.300	0.155	10.000	0.200	Poor	False	Pending
chr20-41165771-41165772-C-G					PLCG1	S582C	0	APDGCFLV	ENST00000373271.5	1	HLA-B*82:02	5	5	0	4407.770	2534.740	2.800	2.464	67.838	0.444	30.120	392.000	0.429	Poor	False	Pending
chr1-52961569-52961570-C-A					SCP2	A155D	0	DHPVAPQMFGY	ENST00000371514.8	1	HLA-A*29:02	1	None	0	4268.160	3309.817	3.085	3.190	51.669	0.534	27.591	219.000	0.482	Poor	False	Pending
chrX-9937278-9937279-G-C					SHROOM2	D1245H	0	LPHGLEKHQI	ENST00000380913.8	1	HLA-B*82:02	8	None	0	922.680	3078.659	1.300	2.103	0.608	1.000	0.608	4.000	1.000	Poor	False	Pending
chr4-154491218-154491219-G-C					DCHS2	S46C	0	ARTQRCLLW	ENST00000357232.10	1	HLA-C*06:02	6	6	0	1237.637	748.136	1.584	0.923	2.425	1.000	2.425	17.000	0.963	Poor	False	Pending
chr18-14106118-14106119-G-C			1		ZNF519	P141A	1	AMNKYQHKF	ENST00000590202.3	1	HLA-A*29:02	1	None	1	1342.785	3172.260	1.650	4.277	8.050	0.350	2.817	20.000	0.453	Poor	False	Pending
chr4-48420360-48420361-A-G					SLAIN2	R533G	0	RPAGTTAMG	ENST00000264313.11	1	HLA-B*82:02	9	None	0	3083.080	4526.880	3.500	3.300	58.280	0.312	18.183	365.000	0.290	Poor	False	Pending
chr6-29726902-29726904-AA-CT					HLA-F	N353L	0	YSVVSGLLM	ENST00000259951.12	NA	HLA-A*29:02	7	None	0	688.260	3512.527	2.325	4.996	74.251	NA	NA	NA	0.648	Poor	True	Pending
chr10-32567832-32567833-C-T					CCDC7	S454L	0	IPLEKETRKL	ENST00000277657.12	1	HLA-B*82:02	10	None	0	1612.378	12612.410	1.749	12.000	20.750	0.208	4.316	226.000	0.359	Poor	False	Pending
chr8-132141242-132141243-C-G					KCNQ3	D451H	0	TPLNVHAI	ENST00000388996.10	1	HLA-B*82:02	6	None	0	778.660	4336.460	0.611	2.377	0.019	1.000	0.019	2.000	0.291	Poor	False	Pending
chr8-66813873-66813874-C-T					SGK3	A92V	0	FIKQRRVGL	ENST00000345714.8	1	HLA-C*06:02	7	None	0	1208.969	2282.620	1.875	3.181	2.109	0.571	1.204	7.000	0.230	Poor	False	Pending
chr13-45399008-45399009-C-T				1	SLC25A30	M228I	3	TRIMNQRV	ENST00000519676.6	1	HLA-C*06:02	3	None	1	2370.226	2171.549	1.350	1.100	20.311	0.520	10.562	223.000	0.451	Poor	False	Pending
chrX-154349376-154349377-C-G					FLNA	D2581H	0	YVGQKSSFTVH	ENST00000369850.10	1	HLA-A*29:02	11	None	0	11846.765	30563.774	11.323	50.382	706.463	0.998	705.050	5609.000	0.992	Poor	False	Pending
chrX-15355261-15355262-C-T					VEGFD	E177K	0	VPLTSVPKL	ENST00000297904.4	1	HLA-B*82:02	8	None	0	1151.800	735.140	0.310	0.235	0.674	1.000	0.674	5.000	0.987	Poor	False	Pending
chr19-14049194-14049195-C-T					IL27RA	A428V	0	VPPGTPAI	ENST00000263379.4	1	HLA-B*82:02	1	None	0	1844.100	1610.820	1.400	1.400	13.617	0.305	4.153	197.000	0.262	Poor	False	Pending
chr15-45133932-45133933-G-A					DUOX1	R43K	0	MEHKWGSKG	ENST00000321429.8	1	HLA-B*45:01	4	None	0	1211.600	1253.160	1.550	1.906	0.947	1.000	0.947	2.000	1.000	Poor	False	Pending
chr6-43340177-43340178-C-G					ZNF318	G1274R	0	SPTSSSFRKF	ENST00000361428.3	1	HLA-B*82:02	8	None	0	1971.230	1267.950	0.800	0.770	12.831	0.377	4.837	106.000	0.347	Poor	False	Pending
chrX-71378281-71378287-GAGATAT-G					TAF1	GDI306-308G	0	FSQSTGDKV	ENST00000373790.9	1	HLA-C*06:02	7-8	None	0	3070.838	14438.772	6.393	28.057	18.137	0.745	13.512	153.000	0.894	Poor	True	Pending
chr9-35750917-35750918-C-T					RGP1	T139I	0	VKYVYKLII	ENST00000378078.5	1	HLA-C*06:02	8	None	0	2947.106	1809.150	5.343	2.485	12.548	0.995	12.485	194.000	0.979	Poor	False	Pending
chr12-112043094-112043095-A-C					NAA25	S789R	0	YELDTRGLEDT	ENST00000261745.9	1	HLA-B*45:01	6	None	0	4801.515	2773.945	5.150	3.750	23.927	1.000	23.927	192.000	1.000	Poor	False	Pending
chr16-25246937-25246938-C-T					ZKSCAN2	E420K	0	FFKDMDALL	ENST00000328086.12	1	HLA-C*06:02	3	None	0	1469.265	2971.535	1.145	3.245	4.925	0.441	2.172	68.000	0.454	Poor	False	Pending
chr20-59944225-59944226-A-G					FAM217B	S95G	0	KENADEDSAG	ENST00000360816.8	1	HLA-B*45:01	10	None	0	2469.290	2335.780	3.780	2.750	16.580	0.446	7.395	130.000	0.578	Poor	True	Pending
chr17-7675087-7675088-C-T					TP53	R175H	0	QHMTEVVRH	ENST00000269305.9	1	HLA-A*29:02	9	None	0	18290.766	27172.470	22.885	22.500	165.032	1.000	165.032	1415.000	0.989	Poor	False	Pending
chr5-141332647-141332648-C-T					PCDHGA1	S655F	0	QPPLFATVTL	ENST00000517417.3	1	HLA-B*82:02	5	None	0	1145.590	1340.180	0.400	0.500	0.326	0.571	0.186	7.000	0.681	Poor	False	Pending
chr20-17659330-17659331-C-T					RRBP1	E393K	0	NQGKKVKGA	ENST00000246043.8	1	HLA-B*45:01	7	None	0	15310.574	12423.337	8.700	7.800	153.904	0.493	75.875	676.000	0.574	Poor	False	Pending
chr19-12580947-12580948-G-A					ZNF490	S376F	0	GEAFKSSSF	ENST00000311437.11	1	HLA-B*45:01	9	None	0	2089.880	849.755	2.200	2.050	15.981	0.257	4.107	167.000	0.351	Poor	False	Pending
chr9-4286160-4286161-G-T					GLIS3	Q89K	0	LPALSPRRKML	ENST00000477901.5	1	HLA-B*82:02	9	None	0	1067.790	719.410	1.085	0.485	2.761	0.043	0.119	23.000	0.153	Poor	False	Pending
chrX-43656385-43656386-C-A					MAOA	D15E	0	SIAGHMFEV	ENST00000338702.4	1	HLA-C*06:02	8	None	0	1422.400	4946.655	4.200	6.950	0.784	1.000	0.784	2.000	1.000	Poor	False	Pending
chr6-33723018-33723020-CA-TG	1				IP6K3	SV311-312SI	2	LSIIRSQSSY	ENST00000293756.5	1	HLA-A*29:02	3	None	1	978.755	1520.150	1.950	2.450	0.009	NA	NA	NA	0.718	Poor	False	Pending
chr13-98431277-98431278-G-T					FARP1	R714L	0	LAALAEITEM	ENST00000595437.5	1	HLA-B*82:02	1	None	0	8075.950	8950.220	5.700	4.500	26.190	0.994	26.033	169.000	1.000	Poor	False	Pending
chr1-27359862-27359863-T-G					MAP3K6	I772L	0	HRDLKGDNV	ENST00000357582.3	1	HLA-C*06:02	4	None	0	3392.751	1148.258	2.465	3.000	32.590	0.315	10.266	295.000	0.260	Poor	True	Pending
chr19-6755017-6755018-T-C					SH2D3A	E265G	0	AEEDEGEEN	ENST00000245908.11	1	HLA-B*45:01	6	None	0	2187.524	1879.948	4.253	5.173	3.820	1.000	3.820	5.000	0.985	Poor	False	Pending
chr1-36179726-36179728-GG-AA					MAP7D1	EE764-765EK	0	KPIPQEPQWSL	ENST00000373151.6	1	HLA-B*82:02	1	None	0	1091.150	733.791	0.670	0.300	93.193	NA	NA	NA	0.361	Poor	False	Pending
chr8-125102410-125102411-G-C					NSMCE2	L27F	0	VESALSSFK	ENST00000287437.8	1	HLA-B*45:01	8	None	0	5585.211	5058.075	6.500	5.950	78.578	0.242	19.016	996.000	0.262	Poor	False	Pending
chr1-168179177-168179178-A-T					TIPRL	E34V	0	MKSADVVKL	ENST00000367833.7	1	HLA-C*06:02	7	None	0	5157.295	4532.155	2.495	2.950	55.746	0.332	18.508	927.000	0.273	Poor	False	Pending
chr2-61348284-61348285-C-G					USP34	D624H	0	EEHEDDDHG	ENST00000398571.7	5	HLA-B*45:01	3	None	0	5162.410	11829.610	7.196	14.999	47.363	0.355	16.814	591.000	0.284	Poor	False	Pending
chr2-669669-669670-C-T					TMEM18	M111I	0	MIIVVIWVW	ENST00000281017.8	1	HLA-A*29:02	6	None	0	5621.880	5872.154	8.750	6.900	55.263	0.306	16.910	980.000	0.262	Poor	False	Pending
chr9-137199427-137199428-T-A					TPRN	E428D	0	LPAASDEAEPA	ENST00000409012.6	1	HLA-B*82:02	6	None	0	2642.762	3801.707	5.000	5.300	10.805	0.333	3.598	93.000	0.296	Poor	False	Pending
chr3-184239802-184239803-C-T					VWA5B2	A836V	0	APPAVPPQV	ENST00000426955.6	1	HLA-B*82:02	9	None	0	1362.180	2010.830	0.900	1.253	0.083	1.000	0.083	2.000	0.429	Poor	False	Pending
chr11-6410863-6410864-C-T					APBB1	E162K	0	GEAEEEEKD	ENST00000311051.7	1	HLA-B*45:01	8	None	0	3743.880	2485.220	8.300	5.850	6.678	1.000	6.678	65.000	1.000	Poor	True	Pending
chr7-112821984-112821985-G-T					BMT2	T326K	0	KTKSDLVSRNY	ENST00000297145.9	1	HLA-A*29:02	3	None	0	3684.145	2780.635	4.480	2.500	34.269	0.188	6.443	224.000	0.179	Poor	False	Pending
chr3-56617278-56617279-G-C					CCDC66	E671Q	0	TQDKGASLQ	ENST00000394672.8	1	HLA-C*06:02	9	None	0	19218.256	18459.346	24.000	25.500	24.974	1.000	24.974	133.000	1.000	Poor	False	Pending
chr6-43587456-43587457-G-A					POLH	G153D	0	IEGLPQDPT	ENST00000372236.9	1	HLA-B*45:01	7	None	0	2977.985	3031.475	2.900	2.898	12.570	0.291	3.658	237.000	0.230	Poor	False	Pending
chr9-37784015-37784016-T-A					EXOSC3	K124N	0	VTANSGDIF	ENST00000327304.10	1	HLA-A*29:02	4	None	0	6920.210	9886.520	9.825	15.230	28.784	0.533	15.342	255.000	0.480	Poor	False	Pending
chr9-120858190-120858191-G-A					PHF19	P518L	0	LSDSSAEGASV	ENST00000616568.5	1	HLA-C*06:02	1	None	0	16539.525	31723.815	25.031	52.000	47.989	0.447	21.451	103.000	0.517	Poor	False	Pending
chr7-128815875-128815876-C-G					CCDC136	S1103C	0	SEEEEDDADC	ENST00000297788.9	1	HLA-B*45:01	10	10	0	2356.280	2591.061	4.350	5.425	4.998	0.250	1.250	32.000	0.200	Poor	False	Pending
chr14-91783159-91783160-T-A					TC2N	K471N	0	IEAVNQWNET	ENST00000340892.9	1	HLA-B*45:01	8	None	0	1901.265	3255.500	2.750	3.450	1.985	0.125	0.248	16.000	0.151	Poor	False	Pending
chr16-87417563-87417564-G-C					ZCCHC14	L290V	0	SPAILMPSSVQ	ENST00000268616.9	1	HLA-B*82:02	10	None	0	3099.810	4196.680	3.700	3.390	12.705	0.248	3.151	153.000	0.277	Poor	False	Pending
chr18-80138228-80138229-G-T					ADNP2	R939I	0	ISAPKDSSSDL	ENST00000262198.9	1	HLA-B*82:02	1	None	0	17401.420	18929.995	18.340	4.950	19.521	0.959	18.721	122.000	1.000	Poor	False	Pending
chr20-10054508-10054509-G-C					ANKEF1	K694N	0	SEGNKVQKG	ENST00000378392.6	1	HLA-B*45:01	4	None	0	2509.040	2375.340	3.300	3.600	3.908	0.382	1.493	34.000	0.521	Poor	False	Pending
chr7-92077866-92077867-G-C					AKAP9	D2313H	0	KITTHNKVI	ENST00000356239.8	1	HLA-C*06:02	5	None	0	9351.740	21632.225	6.300	23.000	36.250	0.408	14.790	238.000	0.412	Poor	False	Pending
chr19-17052841-17052842-C-G					HAUS8	K304N	0	SELKDVTAKN	ENST00000253669.10	1	HLA-B*45:01	10	None	0	4520.046	7503.075	5.050	3.950	10.348	0.602	6.229	98.000	0.548	Poor	False	Pending
chr15-40622779-40622780-C-T					KNL1	P865L	0	KPKFLKEKQNV	ENST00000346991.9	1	HLA-B*82:02	5	None	0	4676.230	4830.500	5.600	3.200	13.527	0.492	6.655	128.000	0.444	Poor	False	Pending
chr15-40622778-40622779-C-T					KNL1	P865S	0	KPKFLKEKQNV	ENST00000346991.9	1	HLA-B*82:02	5	None	0	4676.230	4830.500	5.600	3.200	13.527	0.492	6.655	128.000	0.444	Poor	False	Pending
chr13-25541936-25541938-GA-CT					ATP8A2	D224L	0	IRQGLSHTAL	ENST00000381655.7	1	HLA-C*06:02	10	None	0	1743.110	25171.981	0.774	34.000	0.145	NA	NA	NA	0.319	Poor	False	Pending
chr19-14049194-14049196-CC-TT					IL27RA	A428V	0	VPPGTPAI	ENST00000263379.4	1	HLA-B*82:02	1	None	0	1844.100	1610.820	1.400	1.400	13.617	NA	NA	NA	0.268	Poor	False	Pending
chr5-7886679-7886680-G-C				1	MTRR	E402Q	2	QIRAIPKKAF	ENST00000264668.6	1	HLA-B*82:02	1	None	1	12930.010	14145.360	9.204	9.800	64.271	0.204	13.111	372.000	0.194	Poor	False	Pending
chr22-26540809-26540810-G-T					TPST2	P274H	0	IGKHGGVSL	ENST00000338754.9	1	HLA-B*82:02	4	None	0	5099.030	4989.870	5.920	3.900	28.333	0.210	5.950	371.000	0.203	Poor	False	Pending
chr1-86453473-86453474-G-A					CLCA2	G754E	0	LEVPAGPHP	ENST00000370565.5	1	HLA-B*45:01	2	None	0	2487.725	36247.860	5.200	52.612	0.509	1.000	0.509	2.000	0.575	Poor	False	Pending
chr19-13765994-13765995-G-C					MRI1	R138T	0	TEDMLEKDLT	ENST00000040663.8	1	HLA-B*45:01	10	None	0	4861.945	18342.410	4.750	9.100	24.532	0.201	4.931	389.000	0.224	Poor	False	Pending
chr1-150261628-150261629-G-A					CA14	G83S	0	NSHTVQLSL	ENST00000369111.9	1	HLA-C*06:02	2	None	0	2040.835	4849.410	4.170	9.990	0.137	0.500	0.069	4.000	0.321	Poor	False	Pending
chr8-123220246-123220247-C-A					C8orf76	E333D	0	IKDEVHPDV	ENST00000276704.6	1	HLA-C*06:02	8	None	0	9317.895	7302.100	6.937	3.845	45.915	0.173	7.943	352.000	0.129	Poor	False	Pending
chr1-183880710-183880711-A-C					RGL1	Y209S	0	LLDSLTRMM	ENST00000304685.8	1	HLA-C*06:02	4	None	0	2323.900	3763.694	3.350	6.549	0.461	0.286	0.132	7.000	0.300	Poor	False	Pending
chr17-7588499-7588500-G-C					SOX15	Q194E	0	LPESDPRL	ENST00000250055.3	1	HLA-B*82:02	3	None	0	2751.900	1269.610	1.796	1.400	0.580	0.692	0.401	13.000	0.722	Poor	False	Pending
chr15-43149136-43149137-G-C					TMEM62	W284C	0	LELEVGDCK	ENST00000260403.7	1	HLA-B*45:01	8	8	0	4702.850	5491.988	6.810	12.094	3.179	1.000	3.179	39.000	0.960	Poor	False	Pending
chrX-107601385-107601386-G-T					FRMPD3	S1116I	0	KRIKLEETSLV	ENST00000276185.9	5	HLA-C*06:02	3	None	0	2279.417	3902.688	3.939	4.660	0.100	0.500	0.050	4.000	0.391	Poor	False	Pending
chr4-40808808-40808809-A-G				1	NSUN7	Y676C	1	TQHLCCRWVA	ENST00000381782.7	1	HLA-B*45:01	5	5,6	1	2476.125	2010.980	5.650	4.800	0.405	0.333	0.135	6.000	0.471	Poor	False	Pending
chr9-137436071-137436072-C-T					ENTPD8	G331S	0	SQEDCAFDGVY	ENST00000344119.6	1	HLA-A*29:02	1	5	0	2406.120	4042.055	2.300	3.150	0.236	0.500	0.118	4.000	0.346	Poor	False	Pending
chr6-152325133-152325134-C-T					SYNE1	E5203K	0	VAQDQKKIL	ENST00000367255.10	1	HLA-C*06:02	6	None	0	4076.190	4698.510	4.800	7.200	5.739	0.286	1.641	7.000	0.323	Poor	False	Pending
chr12-31697921-31697922-G-T					AMN1	H118N	0	YLNEASLKR	ENST00000281471.11	1	HLA-A*29:02	3	None	0	4657.375	5058.461	4.365	4.640	15.000	0.178	2.670	73.000	0.453	Poor	False	Pending
chr1-223264671-223264672-G-C					SUSD4	L228V	0	VIWSSSPPR	ENST00000366878.9	1	HLA-A*29:02	1	None	0	9344.650	8282.775	5.539	6.352	24.362	0.203	4.945	236.000	0.374	Poor	False	Pending
chr7-97006043-97006044-G-C					DLX6	E23Q	0	SSKSAFMQF	ENST00000518156.3	1	HLA-C*06:02	8	None	0	4357.515	3597.800	15.000	12.000	2.584	0.424	1.096	33.000	0.411	Poor	False	Pending
chrX-9967396-9967397-G-A					CLDN34	V14I	0	FSIFALTTI	ENST00000445307.4	NA	HLA-C*06:02	3	None	0	2706.140	5120.060	2.700	4.500	0.013	1.000	0.013	1.000	0.989	Poor	False	Pending
chr4-176120050-176120052-AG-GA					WDR17	KV188-189KI	0	HTHQKGKIV	ENST00000280190.8	1	HLA-C*06:02	8	None	0	2657.255	2338.375	2.510	2.105	0.514	NA	NA	NA	0.508	Poor	False	Pending
chr3-186164997-186164998-C-T					DGKG	E706K	0	LSDQLLKVV	ENST00000265022.8	1	HLA-C*06:02	7	None	0	4161.525	2990.115	5.550	8.150	0.612	1.000	0.612	2.000	0.518	Poor	False	Pending
chr2-71611503-71611504-C-G				1	DYSF	L1367V	11	RNMKSYQVA	ENST00000410020.8	1	HLA-B*45:01	8	None	1	3710.915	5311.435	3.650	5.100	0.119	1.000	0.119	2.000	1.000	Poor	False	Pending
chr14-32773880-32773881-G-T					AKAP6	M1192I	0	IGKESETL	ENST00000280979.9	1	HLA-C*06:02	1	None	0	11339.865	8491.965	11.295	9.744	2.905	1.000	2.905	6.000	0.607	Poor	False	Pending
chr7-27130623-27130624-C-T					HOXA4	G37D	0	GGPDGGPGY	ENST00000360046.10	1	HLA-A*29:02	4	None	0	5038.820	5061.965	3.800	3.800	1.689	0.375	0.633	16.000	0.375	Poor	False	Pending
chr19-422192-422193-G-C					SHC2	H525D	0	GMDAGQPKH	ENST00000264554.11	1	HLA-A*29:02	3	None	0	6285.960	4157.485	5.800	5.158	8.139	0.070	0.570	115.000	0.110	Poor	False	Pending
chr1-227091906-227091907-GC-G					CDC42BPA	FS778	0	EKVLLTEENKN	ENST00000366769.7	1	HLA-B*45:01	11	None	0	35971.633	34029.983	54.500	43.000	40.050	0.061	2.443	312.000	0.236	Poor	False	Pending
chr15-40622778-40622780-CC-TT					KNL1	P865L	0	KPKFLKEKQNV	ENST00000346991.9	1	HLA-B*82:02	5	None	0	4676.230	4830.500	5.600	3.200	13.527	NA	NA	NA	0.450	Poor	False	Pending
chrX-68717715-68717716-G-A					STARD8	G268S	0	AATSASGSGA	ENST00000374599.8	1	HLA-B*82:02	6	None	0	13284.530	13797.250	12.000	13.000	0.753	1.000	0.753	3.000	1.000	Poor	False	Pending
chr17-4818361-4818376-TGGACAGAATCCTGAA-T	1				PLD2	VDRILK662-667V	3	DEIVAHKQG	ENST00000263088.11	1	HLA-B*45:01	4-5	None	1	12633.485	42366.415	8.650	69.000	35.110	0.012	0.421	328.000	0.225	Poor	False	Pending
chr22-37570267-37570268-C-G					LGALS2	E132Q	0	NMSSFKLKQ	ENST00000215886.6	1	HLA-A*29:02	9	None	0	8035.340	10549.745	8.000	13.000	0.067	0.222	0.015	9.000	0.484	Poor	False	Pending
chr16-49281350-49281351-C-T					CBLN1	D39N	0	NSNPTSDPT	ENST00000219197.11	1	HLA-C*06:02	1	None	0	17484.131	25848.948	33.692	47.500	0.713	0.400	0.285	5.000	0.215	Poor	False	Pending
chr22-37374977-37374978-G-A					ELFN2	P186L	0	ELAGNLFN	ENST00000402918.7	4	HLA-A*29:02	6	None	0	32952.840	34777.658	56.000	62.531	0.890	0.368	0.328	19.000	0.168	Poor	False	Pending
chr11-20638483-20638484-T-A	3				SLC6A5	V632E	1	YMFQLEDTY	ENST00000525748.6	1	HLA-A*29:02	6	None	3	11.735	9.050	0.107	0.065	0.006	0.000	0.000	1.000	0.452	NoExpr	False	Pending
chr18-60371739-60371740-T-G	4				MC4R	M204L	1	LLALMASLY	ENST00000299766.5	NA	HLA-A*29:02	1	None	4	28.455	10.520	0.135	0.100	0.000	0.000	0.000	0.000	1.000	NoExpr	False	Pending
chr22-46257698-46257699-G-A	7				PKDREJ	T1875I	1	YSYGLLHIY	ENST00000253255.7	NA	HLA-A*29:02	8	None	7	29.071	23.748	0.070	0.060	0.020	0.000	0.000	1.000	0.270	NoExpr	False	Pending
chr6-29374537-29374538-G-C	7				OR12D3	F250L	1	LYGPVGFTY	ENST00000396806.3	NA	HLA-A*29:02	1	None	7	34.570	19.881	0.115	0.050	0.006	0.000	0.000	0.000	0.398	NoExpr	False	Pending
chr20-59301546-59301547-G-T		1			EDN3	G64W	7	GEWTVAPTA	ENST00000337938.7	1	HLA-B*45:01	3	None	1	42.900	80.960	0.050	0.095	0.019	0.000	0.000	0.000	0.220	NoExpr	False	Pending
chr10-60186848-60186849-G-T	3	3			ANK3	L651M	3	MEYGADANA	ENST00000280772.7	1	HLA-B*45:01	1	None	6	51.332	157.135	0.180	0.420	0.163	0.000	0.000	0.000	0.134	NoExpr	False	Pending
chr11-59364558-59364559-T-A	3	1			OR5AN1	V34E	3	VLFTIFLEIY	ENST00000313940.2	NA	HLA-A*29:02	8	None	4	53.390	63.505	0.290	0.240	0.154	0.000	0.000	0.000	0.116	NoExpr	False	Pending
chr2-195816717-195816718-T-G	4		1		DNAH7	E3224A	1	ANIAPMYQY	ENST00000312428.11	1	HLA-A*29:02	4	None	5	53.745	70.855	0.335	0.313	0.478	0.000	0.000	0.000	0.167	NoExpr	False	Pending
chr2-222689427-222689428-G-T	4		1		MOGAT1	W146L	1	YLHVLPLLF	ENST00000446656.4	5	HLA-A*29:02	8	None	5	62.475	373.760	0.141	0.970	0.091	0.000	0.000	2.000	0.349	NoExpr	False	Pending
chr16-25221522-25221523-G-C	2				AQP8	M109I	2	LNLVILLPY	ENST00000219660.6	1	HLA-A*29:02	5	None	2	67.053	74.412	0.400	0.485	0.000	0.000	0.000	0.000	0.247	NoExpr	False	Pending
chr14-91235009-91235029-GGTACAGCTCATCGAGGAGTT-G	1		6	2	GPR68	FS8-14	4	VRAAARQLV	ENST00000531499.2	1	HLA-C*06:02	1-9	None	9	73.376	NA	0.206	NA	0.177	0.000	0.000	34.000	0.093	NoExpr	False	Pending
chr15-69049033-69049034-G-C		1			NOX5	D659H	5	LEMHQAEEA	ENST00000388866.8	1	HLA-B*45:01	4	None	1	116.010	142.260	0.300	0.300	0.160	0.000	0.000	0.000	0.396	NoExpr	False	Pending
chr11-56542446-56542447-T-C		2			OR5M11	K271E	1	SEIIAVFYT	ENST00000528616.5	NA	HLA-B*45:01	2	None	2	132.820	14332.975	0.445	13.000	0.000	0.000	0.000	0.000	0.291	NoExpr	False	Pending
chr2-110933496-110933497-G-A		1			ACOXL	G143E	5	AEALLDEDV	ENST00000417074.5	1	HLA-B*45:01	2	None	1	185.905	15206.065	0.600	20.500	0.188	0.000	0.000	2.000	1.000	NoExpr	False	Pending
chr9-81992222-81992223-C-G			1		SPATA31D1	Q585E	1	QPESPFRAL	ENST00000344803.3	2	HLA-B*82:02	3	None	1	187.910	99.603	0.070	0.050	0.000	1.000	0.000	2.000	0.693	NoExpr	False	Pending
chr17-11784434-11784435-G-C			1		DNAH9	D2653H	2	IPPLIHLAL	ENST00000262442.9	1	HLA-B*82:02	6	None	1	188.823	625.010	0.150	0.300	0.061	0.000	0.000	0.000	0.349	NoExpr	False	Pending
chr5-136274698-136274699-C-T	2				TRPC7	A368T	3	GLPFLAITY	ENST00000513104.6	5	HLA-A*29:02	8	None	2	192.235	144.450	0.556	0.514	0.005	0.000	0.000	0.000	0.366	NoExpr	False	Pending
chr19-8969814-8969831-ACGTGGAATTTCCTTGTG-A	2			2	MUC16	FS3175-3180	1	HRNHITNQV	ENST00000397910.8	5	HLA-C*06:02	1-9	None	4	212.280	NA	0.369	NA	0.003	0.000	0.000	0.000	0.750	NoExpr	False	Pending
chr4-114833618-114833619-A-G	1			1	NDST4	S795P	1	PRYNYPEAL	ENST00000264363.7	1	HLA-C*06:02	6	None	2	215.330	219.441	0.392	0.770	0.003	0.000	0.000	0.000	0.187	NoExpr	False	Pending
chr21-30755335-30755336-C-T	2				KRTAP21-1	G15S	1	YGSSCGCGY	ENST00000335093.5	NA	HLA-A*29:02	4	5,7	2	256.025	300.110	1.250	1.200	0.000	0.000	0.000	0.000	0.470	NoExpr	True	Pending
chr14-70060889-70060890-C-G		1			SLC8A3	E612Q	3	YERQQNFFIA	ENST00000381269.6	1	HLA-B*45:01	5	None	1	257.402	172.575	0.505	0.375	0.023	0.000	0.000	0.000	1.000	NoExpr	False	Pending
chr6-10801907-10801908-C-G			1		MAK	R272P	7	KPPTASQAL	ENST00000474039.5	1	HLA-B*82:02	2	None	1	281.920	13212.860	0.400	8.400	0.038	0.000	0.000	1.000	0.323	NoExpr	False	Pending
chr6-122781239-122781240-C-G				1	FABP7	P132A	1	FSSAHTSHL	ENST00000356535.4	1	HLA-C*06:02	4	None	1	282.405	115.650	0.400	0.175	0.317	0.000	0.000	0.000	0.362	NoExpr	False	Pending
chr7-132508196-132508197-C-A		1			PLXNA4	S166I	4	NEIGSVFGV	ENST00000378539.5	1	HLA-B*45:01	3	None	1	315.685	319.740	0.425	0.613	0.575	0.000	0.000	2.000	0.281	NoExpr	False	Pending
chr17-41771694-41771736-GTGTACTGGCGCCCGCAGGCCTCATCCTCCTCCATGATGCCCT-G	1				JUP	KGIMEEDEACGRQYT40-54T	9	STLKKTTTY	ENST00000310706.9	1	HLA-A*29:02	1-2	None	1	370.970	65.865	0.790	0.205	7.210	0.000	0.000	5.000	0.224	NoExpr	False	Pending
chr3-38698510-38698511-G-A	2		2		SCN10A	T1570M	3	SPMLFRVI	ENST00000449082.3	1	HLA-B*82:02	3	None	4	373.840	759.400	0.300	0.850	0.004	0.000	0.000	0.000	0.273	NoExpr	False	Pending
chr6-47000271-47000272-C-T				2	ADGRF1	G895R	2	TRDSSDNIM	ENST00000371253.7	1	HLA-C*06:02	2	None	2	402.965	11948.495	1.550	20.000	0.655	0.000	0.000	0.000	0.491	NoExpr	False	Pending
chr14-23425383-23425384-T-G		1			MYH7	E774A	1	AEMRDERLS	ENST00000355349.4	1	HLA-B*45:01	1	None	1	414.520	1287.735	1.150	2.000	0.005	0.000	0.000	0.000	0.192	NoExpr	True	Pending
chr6-73363141-73363172-CTTGATTCACGTGAATCGATTGGACCCTAACG-C	1				KHDC3L	FS73-83	1	QIARLRSWY	ENST00000370367.4	1	HLA-A*29:02	3-9	None	1	423.670	NA	1.550	NA	0.000	0.000	0.000	0.000	0.113	NoExpr	False	Pending
chr17-3433668-3433669-G-T	1				OR1E2	P58H	1	HLHTHVYLF	ENST00000248384.1	NA	HLA-A*29:02	5	None	1	428.970	544.770	0.740	0.770	0.000	0.000	0.000	2.000	0.312	NoExpr	False	Pending
chr5-115130597-115130604-ACTAACTG-A				1	TRIM36	FS607-609	3	VRMPVLIL	ENST00000282369.7	1	HLA-C*06:02	1-8	None	1	435.525	NA	0.455	NA	1.136	0.000	0.000	0.000	0.920	NoExpr	False	Pending
chr3-130409352-130409353-G-T	1				COL6A5	G1503W	1	GSRGAPWQY	ENST00000312481.11	1	HLA-A*29:02	7	None	1	443.995	1107.305	1.315	2.550	0.001	0.000	0.000	0.000	0.306	NoExpr	False	Pending
chr11-64593669-64593670-G-C	1				SLC22A12	V233L	3	LMTLNSLGF	ENST00000377574.6	1	HLA-A*29:02	1	None	1	463.646	438.973	1.650	1.550	0.000	0.000	0.000	0.000	0.155	NoExpr	False	Pending
chr6-30986467-30986468-T-C					MUC21	V98A	0	SEFSTASSGI	ENST00000376296.3	1	HLA-B*45:01	6	None	0	557.875	495.655	0.736	0.692	0.123	0.000	0.000	0.000	0.662	NoExpr	True	Pending
chr11-58190707-58190708-A-T					OR9Q2	Y73F	0	FSSAIIPQM	ENST00000641291.1	NA	HLA-C*06:02	1	None	0	593.040	532.145	1.700	1.350	0.008	0.000	0.000	0.000	0.514	NoExpr	True	Pending
chr11-63290369-63290370-G-A					SLC22A10	E69K	0	NETGILSKDA	ENST00000332793.11	1	HLA-B*45:01	8	None	0	611.375	386.505	0.931	0.670	0.070	0.000	0.000	0.000	0.553	NoExpr	False	Pending
chr12-10159995-10159996-G-C	1	1			OLR1	Q236E	2	VRGAVSETY	ENST00000309539.8	1	HLA-C*06:02	7	None	2	657.590	326.695	0.755	0.406	0.273	0.000	0.000	0.000	0.195	NoExpr	False	Pending
chr15-94399982-94399983-G-T					MCTP2	K651N	0	SRNLSKKIL	ENST00000357742.10	1	HLA-C*06:02	3	None	0	667.360	970.515	0.550	0.815	0.138	0.000	0.000	0.000	0.203	NoExpr	False	Pending
chr5-150120064-150120065-G-A					PDGFRB	T882I	0	YTILSDVWSF	ENST00000261799.9	1	HLA-A*29:02	3	None	0	685.144	1367.350	1.600	2.973	0.280	0.000	0.000	6.000	0.291	NoExpr	False	Pending
chr2-227893862-227893863-C-T					DAW1	T129M	0	NMLEGHRNVVY	ENST00000309931.3	1	HLA-A*29:02	2	None	0	685.740	1333.655	0.680	1.055	0.488	0.000	0.000	0.000	0.336	NoExpr	False	Pending
chr10-115241629-115241630-G-A					ATRNL1	G531E	0	NEAMLIFGG	ENST00000355044.8	1	HLA-B*45:01	2	None	0	764.315	27414.162	2.131	41.000	0.262	0.000	0.000	0.000	0.443	NoExpr	False	Pending
chr4-110559663-110559664-G-C					ENPEP	R887T	0	NRYTLNNTNL	ENST00000265162.10	1	HLA-C*06:02	8	None	0	766.820	622.093	0.491	0.592	0.032	0.000	0.000	0.000	0.239	NoExpr	False	Pending
chrX-141003559-141003560-C-G					SPANXB1	L74V	0	EELVNDHA	ENST00000449283.2	1	HLA-B*45:01	4	None	0	780.890	796.975	0.753	0.736	0.000	0.000	0.000	0.000	0.830	NoExpr	True	Pending
chr1-204986102-204986103-C-G					NFASC	T923S	0	KEFTSPEGV	ENST00000513543.6	1	HLA-B*45:01	5	None	0	795.955	826.175	1.440	1.520	0.974	0.000	0.000	0.000	0.596	NoExpr	False	Pending
chr6-73363176-73363177-AG-A					KHDC3L	FS84	0	NRLDPNGEL	ENST00000370367.4	1	HLA-C*06:02	9	None	0	805.295	4516.765	0.459	3.450	0.000	0.000	0.000	0.000	0.085	NoExpr	False	Pending
chr2-106830076-106830077-G-C					ST6GAL2	S436C	0	QPNPPSCGF	ENST00000361686.8	1	HLA-B*82:02	7	7	0	878.830	573.700	0.830	0.362	0.080	0.000	0.000	1.000	0.694	NoExpr	False	Pending
chr15-44767453-44767453-T-TC					TRIM69	FS395	0	SEGQLSSNS	ENST00000329464.9	1	HLA-B*45:01	1-9	None	0	880.755	NA	1.995	NA	21.208	0.000	0.000	4.000	0.324	NoExpr	False	Pending
chr14-26448937-26448938-G-C					NOVA1	T182R	0	VPNSRAGL	ENST00000539517.7	1	HLA-B*82:02	5	None	0	902.930	841.610	0.580	0.560	0.694	0.000	0.000	2.000	0.462	NoExpr	False	Pending
chr19-13931970-13931971-A-G			1		PODNL1	F523L	2	TPRLRALL	ENST00000588872.3	3	HLA-B*82:02	8	None	1	917.700	1354.760	0.540	1.200	7.123	0.000	0.000	12.000	0.142	NoExpr	False	Pending
chr11-124319973-124319974-G-A	1				OR8D2	S75F	1	YSFVITPKM	ENST00000624618.2	NA	HLA-C*06:02	3	None	1	937.560	1485.980	0.939	2.315	0.000	0.000	0.000	0.000	1.000	NoExpr	False	Pending
chr1-207623001-207623002-C-G					CR1	S1979C	0	GTLCGTIFF	ENST00000400960.7	1	HLA-A*29:02	4	4	0	966.865	587.025	1.358	0.678	0.135	0.000	0.000	0.000	0.285	NoExpr	False	Pending
chr19-8955983-8955984-G-A					MUC16	S6929F	0	STMGHTTVF	ENST00000397910.8	5	HLA-C*06:02	9	None	0	1002.415	10709.649	0.840	9.350	0.003	0.000	0.000	0.000	0.471	NoExpr	False	Pending
chr1-45058674-45058675-G-A					ZSWIM5	L396F	0	FVADPRFTL	ENST00000359600.6	1	HLA-C*06:02	7	None	0	1010.045	567.415	0.830	0.430	0.606	0.000	0.000	0.000	0.354	NoExpr	False	Pending
chr11-5968293-5968294-G-C					OR56A5	S67R	0	YYLLRLLSL	ENST00000532411.2	NA	HLA-C*06:02	5	None	0	1025.500	3356.740	0.570	1.500	0.000	1.000	0.000	2.000	1.000	NoExpr	False	Pending
chr1-37721680-37721681-G-T					EPHA10	L709M	0	FDHSHIVRM	ENST00000427468.6	5	HLA-C*06:02	9	None	0	1041.560	1378.990	1.545	1.230	0.059	0.000	0.000	0.000	0.382	NoExpr	False	Pending
chr7-87424004-87424005-A-C					ABCB4	N704K	0	KLKKTEWPY	ENST00000265723.8	1	HLA-A*29:02	3	None	0	1107.775	459.770	2.400	0.935	0.044	0.000	0.000	0.000	0.181	NoExpr	False	Pending
chrX-32389609-32389610-C-T					DMD	R1470H	0	KPANFEQHL	ENST00000357033.9	1	HLA-B*82:02	8	None	0	1156.462	1445.630	0.823	0.639	3.178	0.000	0.000	0.000	1.000	NoExpr	False	Pending
chr5-141123692-141123693-G-C					PCDHB4	Q565H	0	YPLHNGSA	ENST00000194152.4	NA	HLA-B*82:02	4	None	0	1158.050	1170.650	2.000	2.100	1.436	0.000	0.000	20.000	0.307	NoExpr	False	Pending
chr19-38802098-38802099-G-A					LGALS4	R240C	0	NPCMGNGTV	ENST00000307751.9	1	HLA-B*82:02	3	3	0	1228.340	793.399	1.100	0.390	0.232	0.000	0.000	0.000	1.000	NoExpr	False	Pending
chr14-39247882-39247883-G-C					MIA2	D437H	0	TEHQIDKKPV	ENST00000640607.2	1	HLA-B*45:01	3	None	0	1254.975	2861.790	1.600	3.600	41.150	0.000	0.000	0.000	0.984	NoExpr	False	Pending
chrX-7843975-7843976-C-T					VCX	P194L	0	VEEPLSQES	ENST00000381059.7	1	HLA-B*45:01	5	None	0	1326.575	2515.045	2.000	3.650	0.000	0.000	0.000	0.000	1.000	NoExpr	True	Pending
chr11-193734-193735-G-A					SCGB1C1	D27N	0	NEFFMDFLQT	ENST00000342878.3	1	HLA-B*45:01	1	None	0	1349.740	4064.367	1.950	3.850	0.000	0.000	0.000	4.000	0.213	NoExpr	False	Pending
chr11-123943666-123943667-G-C					OR6T1	Q58E	0	IEMYFFLRNF	ENST00000321252.3	NA	HLA-B*45:01	2	None	0	1383.315	11936.950	1.750	17.110	0.000	0.000	0.000	0.000	0.448	NoExpr	False	Pending
chr19-50625545-50625546-G-A					SYT3	S474F	0	FSDPYVKAF	ENST00000338916.8	1	HLA-C*06:02	9	None	0	1417.645	4654.358	1.400	8.231	0.000	0.000	0.000	0.000	0.540	NoExpr	False	Pending
chr21-43172070-43172071-G-C					CRYAA	D105H	0	NERQHDHGYIS	ENST00000291554.6	1	HLA-B*45:01	5	None	0	1431.665	1737.230	2.525	2.350	0.000	0.000	0.000	0.000	0.540	NoExpr	False	Pending
chr2-201835739-201835740-A-C					CDK15	E276D	0	DALLGATDY	ENST00000450471.6	1	HLA-A*29:02	8	None	0	1453.760	1102.930	2.478	1.900	0.204	0.000	0.000	0.000	0.574	NoExpr	False	Pending
chr8-23368189-23368210-TGGCCACGTTGGCGGGGGCCTG-T					LOXL2	QAPANVA48-54-	0	APEYHQPKI	ENST00000389131.8	1	HLA-B*82:02	7-8	None	0	1517.760	3012.960	1.000	1.400	102.877	0.000	0.000	110.000	0.706	NoExpr	False	Pending
chr7-117548739-117548740-G-T					CFTR	G437C	0	FFSNFSLLC	ENST00000003084.11	1	HLA-A*29:02	9	9	0	1740.440	1375.580	2.050	2.500	1.844	0.000	0.000	0.000	0.116	NoExpr	False	Pending
chr13-25541936-25541937-G-C					ATP8A2	D224H	0	IRQGLSHTAL	ENST00000381655.7	1	HLA-C*06:02	10	None	0	1743.110	25171.981	0.774	34.000	0.145	0.000	0.000	0.000	0.304	NoExpr	False	Pending
chr13-25541937-25541938-A-T					ATP8A2	D224V	0	IRQGLSHTAL	ENST00000381655.7	1	HLA-C*06:02	10	None	0	1743.110	25171.981	0.774	34.000	0.145	0.000	0.000	0.000	0.306	NoExpr	False	Pending
chr5-23521053-23521054-C-G					PRDM9	S128C	0	FSNECSLKEL	ENST00000296682.4	1	HLA-C*06:02	5	5	0	1842.065	1512.250	2.072	1.490	0.024	0.000	0.000	0.000	0.417	NoExpr	False	Pending
chr3-183179682-183179683-G-A					MCF2L2	L1039F	0	SALSLAGFF	ENST00000328913.8	5	HLA-A*29:02	8	None	0	1977.045	1251.915	2.010	1.732	0.407	0.000	0.000	0.000	0.377	NoExpr	False	Pending
chr3-52517959-52517960-A-C					STAB1	H1573P	0	APTVGDGL	ENST00000321725.10	1	HLA-B*82:02	2	None	0	2003.030	29297.881	1.800	34.000	0.090	0.000	0.000	0.000	1.000	NoExpr	False	Pending
chr7-122013415-122013416-A-G					PTPRZ1	N1457S	0	RESQEKVMS	ENST00000393386.7	1	HLA-B*45:01	9	None	0	2005.170	5467.290	3.450	7.700	0.909	0.000	0.000	0.000	0.241	NoExpr	False	Pending
chr2-26458127-26458128-A-G					OTOF	I1202T	0	YKWLIIKTV	ENST00000339598.8	1	HLA-C*06:02	8	None	0	2012.060	2523.911	1.680	5.548	0.281	0.000	0.000	0.000	0.995	NoExpr	False	Pending
chr1-22576425-22576426-C-A	1				EPHA8	N123K	2	KETFKLYYL	ENST00000374644.8	1	HLA-B*45:01	5	None	1	2092.990	1471.080	2.900	2.350	0.001	0.000	0.000	0.000	0.272	NoExpr	False	Pending
chr3-39188114-39188115-A-T					XIRP1	L444H	0	TFKNHFETL	ENST00000340369.4	1	HLA-C*06:02	5	None	0	2106.445	8032.065	1.900	6.765	0.042	0.000	0.000	0.000	0.661	NoExpr	False	Pending
chr1-203347717-203347718-G-C					FMOD	H185D	0	RELHLDDNQIS	ENST00000354955.5	1	HLA-B*45:01	7	None	0	2137.230	1615.850	2.550	1.976	0.000	0.000	0.000	0.000	0.284	NoExpr	True	Pending
chr3-122927970-122927971-G-C	2				SEMA5B	I223M	8	IEKMNGVA	ENST00000357599.8	1	HLA-B*45:01	4	None	2	2141.208	1359.283	1.715	1.580	0.169	0.000	0.000	0.000	1.000	NoExpr	False	Pending
chr9-113369791-113369792-G-A					BSPRY	A287T	0	FQNGLHTWM	ENST00000374183.5	1	HLA-C*06:02	7	None	0	2174.950	2553.325	3.300	4.700	0.090	0.000	0.000	0.000	0.537	NoExpr	False	Pending
chr14-94463231-94463232-G-T					SERPINA9	T390N	0	ATAATTNKF	ENST00000337425.10	1	HLA-A*29:02	7	None	0	2635.710	2182.040	2.800	2.150	0.035	0.000	0.000	0.000	0.461	NoExpr	False	Pending
chr4-176120051-176120052-G-A					WDR17	V189I	0	HTHQKGKIV	ENST00000280190.8	1	HLA-C*06:02	8	None	0	2657.255	2338.375	2.510	2.105	0.514	0.000	0.000	2.000	0.489	NoExpr	False	Pending
chr6-43283594-43283595-A-T					TTBK1	E952V	0	VEFSAGGEL	ENST00000259750.9	1	HLA-B*45:01	1	None	0	2740.000	1490.670	3.100	1.900	0.015	0.000	0.000	0.000	0.267	NoExpr	False	Pending
chr8-132948805-132948806-C-G				1	TG	P1755R	2	LLSSRSVLL	ENST00000220616.9	1	HLA-C*06:02	5	None	1	2772.010	6480.870	2.388	4.900	0.721	0.000	0.000	0.000	0.992	NoExpr	False	Pending
chr20-2312957-2312958-C-T				1	TGM3	R201C	2	FRCDAATDVA	ENST00000381458.6	1	HLA-C*06:02	3	3	1	2837.125	2274.535	3.200	1.650	0.000	0.000	0.000	0.000	0.650	NoExpr	False	Pending
chr6-29174125-29174126-C-T					OR2J2	T164I	0	ISALHSSFIF	ENST00000377167.3	NA	HLA-A*29:02	9	None	0	3172.770	2790.625	4.248	3.518	0.037	0.000	0.000	0.000	0.277	NoExpr	False	Pending
chr13-37746421-37746422-C-T					TRPC4	E138K	0	ILLDKQFSKF	ENST00000625583.2	1	HLA-A*29:02	9	None	0	3268.935	3184.415	2.750	2.050	0.053	0.000	0.000	0.000	0.507	NoExpr	False	Pending
chr14-24068642-24068643-G-A					CARMIL3	E1248K	0	SPASQDGKEEK	ENST00000342740.6	5	HLA-B*82:02	8	None	0	3421.229	3202.080	6.000	6.300	1.601	0.000	0.000	25.000	0.185	NoExpr	False	Pending
chr17-78484882-78484883-A-T					DNAH17	M2545K	0	QHKDHRHWY	ENST00000389840.7	5	HLA-C*06:02	3	None	0	3477.810	1938.914	4.700	2.576	0.134	0.000	0.000	2.000	0.232	NoExpr	False	Pending
chr4-121932625-121932626-C-A					TRPC3	C211F	0	TLSPFEQEL	ENST00000379645.8	1	HLA-C*06:02	5	None	0	3541.900	3408.950	4.350	4.150	0.068	0.000	0.000	0.000	0.300	NoExpr	False	Pending
chr6-32223881-32223881-T-TAGCAGC					NOTCH4	L16LLL	0	LLLLLLLLL	ENST00000375023.3	1	HLA-A*29:02	9	None	0	3852.574	7483.745	5.400	13.975	1.260	0.000	0.000	0.000	0.187	NoExpr	True	Pending
chr2-94874875-94874876-T-A					TEKT4	C272S	0	LRVLVDSIL	ENST00000295201.5	1	HLA-C*06:02	7	None	0	3929.405	5776.805	2.220	2.500	0.614	0.000	0.000	0.000	0.446	NoExpr	False	Pending
chr11-92982014-92982015-G-T					MTNR1B	W264C	0	IFAICCAPL	ENST00000257068.3	1	HLA-A*29:02	6	5,6	0	3950.367	3102.385	4.900	5.150	0.000	0.000	0.000	0.000	0.414	NoExpr	False	Pending
chr17-10499040-10499041-G-A					MYH1	S1306L	0	SQLLRGKQA	ENST00000226207.6	5	HLA-B*45:01	4	None	0	3960.975	3896.248	4.425	5.874	0.009	0.000	0.000	0.000	0.988	NoExpr	False	Pending
chr10-13481023-13481024-C-G					BEND7	R274T	0	TRSGSLLFTKL	ENST00000378605.3	1	HLA-C*06:02	9	None	0	4197.930	3094.925	1.871	1.633	0.053	0.000	0.000	0.000	1.000	NoExpr	False	Pending
chr8-138737576-138737577-C-A					COL22A1	G696W	0	LRWKKGDM	ENST00000303045.11	1	HLA-C*06:02	3	None	0	4296.800	8814.810	4.350	10.300	0.308	0.000	0.000	2.000	0.200	NoExpr	False	Pending
chr1-196995755-196995756-A-G					CFHR5	N216S	0	GPPPQLSSGEV	ENST00000256785.5	1	HLA-B*82:02	8	None	0	4335.140	4830.500	2.900	3.200	0.000	0.000	0.000	0.000	0.287	NoExpr	False	Pending
chr1-119895935-119895936-C-T					ADAM30	R134Q	0	QGVFNIDAKHY	ENST00000369400.2	NA	HLA-A*29:02	1	None	0	4487.895	3224.093	3.657	3.350	0.019	0.000	0.000	0.000	0.203	NoExpr	False	Pending
chr7-47833094-47833095-G-A					PKD1L1	T2111I	0	PPHIQAPSSGL	ENST00000289672.7	1	HLA-B*82:02	4	None	0	4488.703	3398.410	3.700	3.500	0.696	0.000	0.000	0.000	0.322	NoExpr	False	Pending
chr15-44767434-44767452-AAATGGACAGTTGGAGTTG-A					TRIM69	KWTVGVV389-395I	0	WEVEVAKKTI	ENST00000329464.9	1	HLA-B*45:01	9-10	None	0	4505.730	12791.895	3.400	9.481	21.208	0.000	0.000	3.000	0.299	NoExpr	False	Pending
chr6-55351464-55351465-G-C					GFRAL	D195H	0	AFCDCAQSH	ENST00000340465.2	1	HLA-A*29:02	9	3,5	0	4713.925	22449.225	6.300	32.000	0.013	0.000	0.000	0.000	0.511	NoExpr	False	Pending
chr11-1078020-1078022-CTA-C					MUC2	FS178	0	GLQSFRIPL	ENST00000675028.1	NA	HLA-B*82:02	5-9	None	0	4962.950	17837.990	5.100	21.000	0.001	0.000	0.000	0.000	0.918	NoExpr	False	Pending
chr4-5988666-5988667-T-A					C4orf50	M1127L	0	REHLQGKAKL	ENST00000531445.3	5	HLA-B*45:01	10	None	0	5147.705	7818.115	3.000	3.200	0.025	0.000	0.000	0.000	0.946	NoExpr	False	Pending
chr2-160107761-160107762-T-A					ITGB6	I729F	0	FWKLLVSFH	ENST00000283249.7	1	HLA-A*29:02	1	None	0	5265.275	8196.635	7.700	12.500	0.093	0.000	0.000	0.000	0.225	NoExpr	False	Pending
chr11-70087776-70087777-C-T					ANO1	P86L	0	LLNSLSVDL	ENST00000531349.6	1	HLA-C*06:02	9	None	0	5793.860	20782.765	9.350	50.859	0.764	0.000	0.000	0.000	0.187	NoExpr	False	Pending
chr3-58210851-58210852-G-C					DNASE1L3	L19V	0	LLLSIHSAVAM	ENST00000394549.7	1	HLA-B*82:02	9	None	0	5837.470	5743.490	6.900	6.400	0.181	0.000	0.000	0.000	1.000	NoExpr	True	Pending
chr1-22660990-22660991-G-A				1	C1QB	A121T	3	ATQKITFSA	ENST00000509305.6	1	HLA-B*45:01	6	None	1	6294.760	5577.395	4.772	5.010	0.000	0.000	0.000	0.000	0.984	NoExpr	False	Pending
chr7-39339738-39339739-G-C					POU6F2	Q232H	0	QPPPSTNHHPQ	ENST00000518318.7	1	HLA-B*82:02	8	None	0	6703.660	12741.918	7.890	9.100	0.273	0.000	0.000	0.000	0.299	NoExpr	False	Pending
chr9-138120681-138120682-G-A					CACNA1B	G2097D	0	LPPGEGPTD	ENST00000371372.6	5	HLA-B*82:02	9	None	0	7518.077	6128.720	16.240	6.479	0.154	0.000	0.000	0.000	0.276	NoExpr	False	Pending
chr11-46876561-46876562-C-T					LRP4	R1147Q	0	YWTDTGTNQI	ENST00000378623.6	1	HLA-A*29:02	9	None	0	8002.015	8532.020	7.700	7.800	0.268	0.000	0.000	2.000	0.421	NoExpr	False	Pending
chr14-94382907-94382908-C-G					SERPINA1	E110D	0	LEGLNFNLTD	ENST00000355814.8	1	HLA-B*45:01	10	None	0	8280.080	8248.135	10.800	10.250	4.892	0.000	0.000	0.000	0.180	NoExpr	False	Pending
chr1-66834005-66834006-C-G					DNAI4	G626R	0	SKWVIRKRL	ENST00000371026.8	1	HLA-C*06:02	8	None	0	8661.280	10706.560	3.755	16.000	7.011	0.000	0.000	0.000	0.605	NoExpr	False	Pending
chr21-44330789-44330813-AGGCAGCCGCGGCCCCTAGCGGCCC-A					CFAP410	GPLGAAAA217-224-	0	HRGRVSGSA	ENST00000397956.7	1	HLA-C*06:02	7-8	None	0	10429.297	24458.045	11.886	34.500	6.570	0.000	0.000	18.000	0.376	NoExpr	False	Pending
chr1-160876800-160876801-C-T					ITLN1	G269R	0	GGRGYFPEA	ENST00000326245.4	1	HLA-B*45:01	3	None	0	10442.055	11173.764	10.800	14.500	0.000	0.000	0.000	0.000	0.250	NoExpr	False	Pending
chr7-151181249-151181250-C-T					ASB10	D265N	0	ITNAEATTA	ENST00000420175.3	1	HLA-C*06:02	3	None	0	11080.185	16671.475	22.116	19.139	0.000	0.000	0.000	0.000	0.153	NoExpr	False	Pending
chr1-16006133-16006134-G-T					SRARP	G100W	0	HLTRVTPMGW	ENST00000329454.2	1	HLA-A*29:02	10	None	0	11111.069	25893.689	13.000	48.000	0.082	0.000	0.000	0.000	1.000	NoExpr	False	Pending
chr3-44242057-44242058-G-A					TOPAZ1	R2Q	0	QRPPPLGPT	ENST00000309765.4	5	HLA-C*06:02	1	None	0	11791.070	8737.595	10.600	6.400	0.005	0.000	0.000	0.000	0.307	NoExpr	False	Pending
chr22-37723212-37723213-GA-G					TRIOBP	FS219	0	STGQGSGEK	ENST00000644935.1	NA	HLA-A*29:02	1-9	None	0	15087.265	NA	24.000	NA	35.473	0.000	0.000	5.000	0.289	NoExpr	False	Pending
chr1-59858482-59858483-C-T					HOOK1	S433L	0	LQVQQDHLN	ENST00000371208.5	1	HLA-C*06:02	1	None	0	24266.846	23373.550	46.612	39.275	0.230	0.000	0.000	0.000	0.394	NoExpr	False	Pending
chr15-84036950-84036951-A-T			1		ADAMTSL3	I1645F	2	VQKKKPFSW	ENST00000286744.10	1	HLA-B*82:02	7	None	1	24437.932	30726.730	38.000	38.000	2.043	0.000	0.000	0.000	0.366	NoExpr	False	Pending
chr8-123220221-123220221-A-AGGGCTAC					C8orf76	FS342	0	VGSVARSPD	ENST00000276704.6	1	HLA-B*82:02	6-9	None	0	25152.750	9197.050	51.000	8.500	45.915	0.000	0.000	344.000	0.724	NoExpr	False	Pending
