ID	DQA1*03:03	DQA1*03:03-DQB1*03:02	DQB1*03:02	DRB1*04:05	Gene	AA Change	Num Passing Transcripts	Best Peptide	Best Transcript	TSL	Allele	Pos	Prob Pos	Num Passing Peptides	IC50 MT	IC50 WT	%ile MT	%ile WT	RNA Expr	RNA VAF	Allele Expr	RNA Depth	DNA VAF	Tier	Ref Match	Evaluation
chr5-134893641-134893642-T-C	14		12	47	TXNDC15	S248P	2	ALHFLALDAPQHSSL	ENST00000358387.9	1	DRB1*04:05	10	None	56	24.095	29.100	0.390	0.590	42.950	0.996	42.778	447.000	0.993	Pass	False	Pending
chr8-38428419-38428420-G-A	21	16	19	13	FGFR1	S125L	21	YFSVNVSDALPSLEDDDD	ENST00000425967.8	1	DQB1*03:02	13	None	53	34.180	100.860	1.420	5.540	143.964	0.999	143.820	1501.000	1.000	Pass	True	Pending
chr20-17659330-17659331-C-T			7		RRBP1	E393K	2	GKKAEGAQNQGKKVKGAQ	ENST00000246043.8	1	DQB1*03:02	15	None	7	40.130	58.450	1.850	3.120	153.904	0.493	75.875	676.000	0.574	Pass	False	Pending
chr5-1331835-1331836-C-A			6	30	CLPTM1L	K313N	3	LAFKNDISFWNKKKSMIG	ENST00000320895.10	1	DQB1*03:02	11	None	34	38.620	49.830	1.750	2.540	169.373	0.325	55.046	1031.000	0.378	Pass	False	Pending
chr3-172353066-172353067-C-T	4		17	13	FNDC3B	P927S	3	LLSETTYRIRIQAINEIG	ENST00000336824.8	1	DQB1*03:02	3	None	27	36.220	46.860	1.570	2.330	92.076	0.317	29.188	928.000	0.356	Pass	False	Pending
chr10-125859825-125859826-G-C	1		5	36	DHX32	P209R	1	ARRELKLIINSSPH	ENST00000284690.4	1	DRB1*04:05	3	None	40	42.550	65.490	0.870	2.500	53.951	0.998	53.843	518.000	1.000	Pass	False	Pending
chr2-47806319-47806320-G-A			8	27	MSH6	D1255N	6	YHSLVENYSQNVAVRLGH	ENST00000234420.11	1	DQB1*03:02	7	None	33	13.720	12.420	0.170	0.120	48.832	0.338	16.505	352.000	0.318	Pass	False	Pending
chr4-48420360-48420361-A-G			14		SLAIN2	R533G	3	TAMGSGLPRPSAPSAGGI	ENST00000264313.11	1	DQB1*03:02	4	None	14	29.130	41.030	1.060	1.920	58.280	0.312	18.183	365.000	0.290	Pass	False	Pending
chrX-77681732-77681733-T-C			6		ATRX	K1175E	4	KQRTSSEKKAVIVKEKKR	ENST00000373344.11	1	DQB1*03:02	7	None	6	55.480	50.340	2.930	2.580	57.053	0.990	56.482	293.000	1.000	Pass	False	Pending
chr17-4545724-4545725-T-C	14		11	33	MYBBP1A	E653G	3	WVEVLVGILLALLAQPSH	ENST00000254718.9	1	DQB1*03:02	7	None	46	26.220	28.490	0.860	1.020	47.493	0.319	15.150	420.000	0.352	Pass	False	Pending
chr3-33053544-33053545-G-T	4		22	9	GLB1	S246R	4	YTTVDFGTGRNITDAFLS	ENST00000307363.10	1	DQB1*03:02	10	None	34	36.820	38.730	1.620	1.760	77.589	0.253	19.630	782.000	0.314	Pass	False	Pending
chr1-179109009-179109010-T-C			18	3	ABL2	T753A	3	GITGFFAPRLIKKTLGLR	ENST00000502732.6	1	DQB1*03:02	7	None	21	40.440	140.780	1.880	7.320	50.587	0.429	21.702	28.000	0.373	Pass	False	Pending
chr11-6401000-6401001-C-T			20	29	APBB1	A552T	11	LGNVPVTKPVGVDVINGA	ENST00000311051.7	1	DQB1*03:02	7	None	47	27.750	35.310	0.970	1.510	6.678	1.000	6.678	85.000	0.990	Pass	False	Pending
chr8-125102410-125102411-G-C	4	3	10	74	NSMCE2	L27F	9	ISFSGVESALSSFKN	ENST00000287437.8	1	DRB1*04:05	13	None	77	54.015	55.665	2.100	2.200	78.578	0.242	19.016	996.000	0.262	Pass	False	Pending
chr19-6044262-6044263-G-C			10		RFX2	A37G	6	VLVQAGSSNPKGAQMQPI	ENST00000303657.10	1	DQB1*03:02	6	None	10	44.290	58.790	2.150	3.150	15.809	1.000	15.809	45.000	0.989	Pass	False	Pending
chr1-36179727-36179728-G-A			6		MAP7D1	E765K	4	GLQKEAVQKEKPIPQEPQ	ENST00000373151.6	1	DQB1*03:02	11	None	6	75.240	70.010	4.160	3.850	93.193	0.326	30.381	1643.000	0.309	Pass	False	Pending
chr12-112043094-112043095-A-C			6	18	NAA25	S789R	1	SSFYLVNDIYELDTRGL	ENST00000261745.9	1	DRB1*04:05	15	None	24	68.690	88.605	2.610	4.240	23.927	1.000	23.927	192.000	1.000	Pass	False	Pending
chr22-50177151-50177152-C-T	10		11	66	PANX2	S147F	2	LAFTRLTSELNFLLQ	ENST00000159647.9	1	DRB1*04:05	3	None	73	40.455	400.105	1.200	17.000	10.842	1.000	10.842	124.000	0.996	Pass	False	Pending
chr9-35609475-35609476-C-T	9		11		TESK1	H539Y	2	AQYSLPRAAALERTEPSP	ENST00000336395.6	1	DQB1*03:02	3	None	20	39.020	79.580	1.780	4.410	9.206	1.000	9.206	97.000	1.000	Pass	False	Pending
chr9-37784015-37784016-T-A	3		24	11	EXOSC3	K124N	4	YVPVKGDHVIGIVTANSG	ENST00000327304.10	1	DQB1*03:02	16	None	36	46.130	43.020	2.280	2.060	28.784	0.533	15.342	255.000	0.480	Pass	False	Pending
chr5-133103958-133103959-T-C			2		HSPA4	L751P	1	KSTNEAMEWMNNKLNPQN	ENST00000304858.7	1	DQB1*03:02	16	None	2	109.030	152.040	5.930	7.750	114.662	0.996	114.203	1368.000	1.000	Pass	False	Pending
chr1-27359862-27359863-T-G			10	4	MAP3K6	I772L	2	IVHRDLKGDNVLINTFSG	ENST00000357582.3	1	DQB1*03:02	6	None	14	44.580	59.900	2.170	3.210	32.590	0.315	10.266	295.000	0.260	Pass	True	Pending
chr19-57397065-57397066-G-T	39	2	12	37	ZNF548	D12Y	9	NLTEGRVVFEYVAIYFSQ	ENST00000366197.9	1	DQB1*03:02	11	None	67	39.720	52.410	1.830	2.720	13.433	0.378	5.078	127.000	0.468	Pass	False	Pending
chr17-5007046-5007047-C-T	12		11		KIF1C	S433F	1	LEPSFSPNTEFQIGPEEA	ENST00000320785.10	1	DQB1*03:02	11	None	23	103.460	147.520	5.670	7.590	121.453	0.297	36.072	1679.000	0.316	Pass	False	Pending
chr16-87417563-87417564-G-C	3		11		ZCCHC14	L290V	4	RTQMDTSPAILMPSSVQT	ENST00000268616.9	1	DQB1*03:02	16	None	14	35.040	66.290	1.490	3.630	12.705	0.248	3.151	153.000	0.277	Pass	False	Pending
chr11-62752450-62752451-G-A	7		14	2	ZBTB3	S405F	2	PAPASLHEPLYLSFEYEA	ENST00000394807.5	1	DQB1*03:02	14	None	23	47.340	73.630	2.360	4.070	13.703	0.601	8.236	148.000	0.670	Pass	False	Pending
chr19-19336157-19336158-A-C	13	22	10	13	MAU2	S111R	1	QQIPQFEDVKFEAARLLS	ENST00000262815.13	1	DQB1*03:02	15	None	35	70.310	45.350	3.870	2.230	34.844	0.437	15.227	238.000	0.345	Pass	False	Pending
chr18-36067341-36067342-C-G			1		RPRD1A	Q21H	4	EKKLSELSNSQHSVQTLS	ENST00000399022.9	1	DQB1*03:02	12	None	1	104.410	113.050	5.720	6.130	57.249	0.500	28.625	602.000	0.417	Pass	False	Pending
chrX-78015862-78015863-G-C	4		25		ATP7A	D870H	13	RVIEGHSMVHESLITGEA	ENST00000341514.11	1	DQB1*03:02	10	None	29	41.830	39.270	1.970	1.800	5.153	0.951	4.901	41.000	0.982	Pass	False	Pending
chr22-50243800-50243801-T-C			5	34	TUBGCP6	H220R	2	ALVRSRTYDMDVRLGLPP	ENST00000248846.10	1	DQB1*03:02	4	None	39	82.440	123.090	4.590	6.590	24.241	0.775	18.787	334.000	0.750	Pass	False	Pending
chr20-35384131-35384132-C-G			5		UQCC1	W44S	8	QGDRALSRTSQSPQMSQS	ENST00000374385.10	1	DQB1*03:02	12	None	5	74.510	140.800	4.120	7.320	47.722	0.327	15.605	581.000	0.434	Pass	False	Pending
chr15-100900576-100900577-G-T	11		15	2	ALDH1A3	D296Y	2	YLAVECAHQGVFFNQGQ	ENST00000329841.10	1	DQB1*03:02	1	6	27	60.800	762.370	3.270	18.470	15.852	0.542	8.592	153.000	0.359	Pass	False	Pending
chr1-52961569-52961570-C-A			7		SCP2	A155D	7	INKYGLSDHPVAPQMFGY	ENST00000371514.8	1	DQB1*03:02	8	None	7	118.180	362.320	6.370	13.120	51.669	0.534	27.591	219.000	0.482	Pass	False	Pending
chr18-80136551-80136552-C-T			12		ADNP2	P380L	1	QPVGLVNKSVGTSVLPIN	ENST00000262198.9	1	DQB1*03:02	5	None	12	101.360	863.990	5.570	19.430	19.521	1.000	19.521	143.000	0.932	Pass	False	Pending
chr3-56617278-56617279-G-C			2		CCDC66	E671Q	3	NKQELTQDKGASLQKENN	ENST00000394672.8	1	DQB1*03:02	14	None	2	112.930	249.000	6.120	10.690	24.974	1.000	24.974	133.000	1.000	Pass	False	Pending
chr2-669669-669670-C-T			2	28	TMEM18	M111I	3	VVIWVWKTLNVMTDL	ENST00000281017.8	1	DRB1*04:05	3	None	28	96.465	108.265	6.300	7.100	55.263	0.306	16.910	980.000	0.262	Pass	False	Pending
chr1-154590262-154590263-T-A	1		13	7	ADAR	E806V	15	AERMGFTVVTPVTGASLR	ENST00000368474.9	1	DQB1*03:02	8	None	20	141.390	180.430	7.340	8.740	131.835	0.348	45.879	1233.000	0.302	Pass	False	Pending
chr4-108650681-108650682-C-G	4			6	OSTC	F9L	3	ETLYRVPLLVLE	ENST00000361564.9	1	DQA1*03:03	8	None	10	157.420	437.420	0.170	1.270	173.877	0.486	84.504	1028.000	0.462	Pass	False	Pending
chr9-133354714-133354715-G-C	2	1	8	22	SURF1	N89K	1	WKLKLIAELESRVLAEPV	ENST00000371974.8	1	DQB1*03:02	4	None	33	139.870	123.860	7.280	6.620	46.709	0.762	35.592	563.000	0.700	Pass	False	Pending
chr15-50643416-50643417-T-G			17		TRPM7	K153T	2	HGGMQKFELHPRITQLLG	ENST00000560955.5	1	DQB1*03:02	14	None	17	88.190	160.060	4.890	8.040	28.628	0.450	12.883	416.000	0.500	Pass	True	Pending
chr14-60724007-60724008-C-G	7		11		SIX4	E23Q	2	GQIASAADIKQENGMQSA	ENST00000216513.5	1	DQB1*03:02	16	None	18	101.580	113.200	5.580	6.140	15.017	0.987	14.822	76.000	1.000	Pass	False	Pending
chr1-168179177-168179178-A-T	1		7		TIPRL	E34V	2	KTHIMKSADVVKLADELH	ENST00000367833.7	1	DQB1*03:02	11	None	8	113.600	149.620	6.160	7.660	55.746	0.332	18.508	927.000	0.273	Pass	False	Pending
chr16-58516554-58516555-G-A	6	7	18	20	SETD6	R185H	4	ANIHSEYQSIVLPFMEAH	ENST00000219315.9	1	DQB1*03:02	4	None	31	65.620	67.690	3.580	3.710	11.622	0.340	3.951	100.000	0.335	Pass	False	Pending
chr11-64320894-64320895-T-C			13	10	PRDX5	F157L	3	GKVRLLADPTGALGKETD	ENST00000265462.9	1	DQB1*03:02	13	None	23	210.600	151.110	9.670	7.720	580.692	0.439	254.924	6089.000	0.427	Pass	False	Pending
chr2-175093191-175093192-C-G			1		ATF2	D352H	10	QTQSTSGRRRRAANEDPH	ENST00000264110.7	1	DQB1*03:02	18	None	1	175.080	624.900	8.560	16.990	100.906	0.445	44.903	878.000	0.461	Pass	False	Pending
chrX-154349376-154349377-C-G			12	15	FLNA	D2581H	4	GLGLSKAYVGQKSSFTVH	ENST00000369850.10	1	DQB1*03:02	18	None	27	221.570	4170.930	9.980	33.950	706.463	0.998	705.050	5609.000	0.992	Pass	False	Pending
chr6-46662451-46662452-C-G	2		7	14	SLC25A27	Q154E	3	QFLANPTDLVKVEMQMEG	ENST00000371347.10	1	DQB1*03:02	13	None	21	86.400	95.060	4.800	5.250	14.615	0.521	7.614	71.000	0.484	Pass	False	Pending
chr2-31366060-31366061-G-C			9	5	XDH	R791G	1	PANRIVVGVKRMGGGFGG	ENST00000379416.4	1	DQB1*03:02	8	None	12	96.780	130.650	5.350	6.910	9.677	1.000	9.677	83.000	1.000	Pass	False	Pending
chr9-137255473-137255474-G-C			7		NELFB	G37R	1	AGDRAPSRAVAGASAMFA	ENST00000343053.6	1	DQB1*03:02	4	None	7	147.190	169.210	7.570	8.360	32.319	0.812	26.243	80.000	0.600	Pass	False	Pending
chrX-40655057-40655058-G-T				35	MED14	F1325L	3	VHIMKLELLPDQAT	ENST00000324817.6	1	DRB1*04:05	9	None	35	128.370	221.600	5.200	7.380	18.572	1.000	18.572	146.000	1.000	Pass	False	Pending
chr6-157133135-157133136-G-C	4		4	11	ARID1B	G910A	9	MHAAISSFQQSNSSGTYG	ENST00000346085.10	1	DQB1*03:02	4	None	17	187.380	109.310	8.950	5.950	39.757	1.000	39.757	163.000	1.000	Pass	False	Pending
chr14-32773880-32773881-G-T			17		AKAP6	M1192I	3	LQKKIGKESETLNVIDPG	ENST00000280979.9	1	DQB1*03:02	5	None	17	72.750	61.790	4.010	3.340	2.905	1.000	2.905	6.000	0.607	Pass	False	Pending
chr13-45399008-45399009-C-T			2	19	SLC25A30	M228I	3	VVRTRIMNQRVLRDG	ENST00000519676.6	1	DRB1*04:05	6	None	21	110.360	188.395	4.500	9.200	20.311	0.520	10.562	223.000	0.451	Pass	False	Pending
chr15-49282070-49282071-G-T	18		11		GALK2	A197S	5	QSISFLSEEGTAKLIEFS	ENST00000560031.6	1	DQB1*03:02	7	None	29	166.120	157.800	8.260	7.960	24.473	1.000	24.473	184.000	1.000	Pass	False	Pending
chr6-109451607-109451608-G-T			15	16	MICAL1	L309M	3	GVMRQDWPDTNRLLGSAN	ENST00000358807.8	1	DQB1*03:02	3	None	31	122.840	135.930	6.570	7.130	12.825	1.000	12.825	96.000	0.981	Pass	False	Pending
chr4-176120050-176120052-AG-GA			14	28	WDR17	KV188-189KI	4	HTHQKGKIVFGHIDGSLS	ENST00000280190.8	1	DQB1*03:02	8	None	40	36.410	29.150	1.580	1.060	0.514	NA	NA	NA	0.508	Pass	False	Pending
chr12-31697921-31697922-G-T	1		13	30	AMN1	H118N	4	IKAVASSCSYLNEASLKR	ENST00000281471.11	1	DQB1*03:02	12	8	37	74.010	78.900	4.090	4.370	15.000	0.178	2.670	73.000	0.453	Pass	False	Pending
chr12-889169-889170-C-G			4	7	WNK1	Q2212E	7	DAELRRTLSPEMITVTSA	ENST00000530271.6	1	DQB1*03:02	3	None	11	238.330	156.970	10.420	7.940	97.460	0.700	68.222	593.000	0.604	Pass	True	Pending
chr2-63942505-63942506-C-G			7	47	VPS54	D441H	3	LKHIFSKFTIFLQRV	ENST00000409558.8	1	DRB1*04:05	3	None	50	123.070	146.530	6.000	6.800	12.384	1.000	12.384	86.000	1.000	Pass	False	Pending
chr10-37957500-37957501-C-T	5			23	ZNF25	E21K	1	KEKWKLLTPAQRTLY	ENST00000302609.8	1	DRB1*04:05	3	None	25	97.785	126.545	5.800	8.100	13.090	0.471	6.165	187.000	0.485	Pass	False	Pending
chr2-216428741-216428742-C-G			7		SMARCAL1	L432V	4	PKVVSNLMPFQRAGVNFA	ENST00000358207.9	1	DQB1*03:02	3	None	7	109.570	102.080	5.960	5.600	14.405	0.520	7.491	179.000	0.457	Pass	False	Pending
chr19-14049194-14049195-C-T			7		IL27RA	A428V	1	LAPLVGPTLWRLQDVPPG	ENST00000263379.4	1	DQB1*03:02	15	None	7	93.570	91.430	5.170	5.070	13.617	0.305	4.153	197.000	0.262	Pass	False	Pending
chr20-59944225-59944226-A-G	4		8	1	FAM217B	S95G	2	DSAGDLSDSERIPIPPSP	ENST00000360816.8	1	DQB1*03:02	4	None	13	110.710	245.230	6.020	10.600	16.580	0.446	7.395	130.000	0.578	Pass	True	Pending
chr11-6410863-6410864-C-T	11				APBB1	E162K	4	GPDEGEEKAAGEAEEEEK	ENST00000311051.7	1	DQA1*03:03	18	None	11	118.840	736.810	0.080	2.870	6.678	1.000	6.678	65.000	1.000	Pass	True	Pending
chr6-3723707-3723708-C-G			5		PXDC1	E203Q	2	FENGSEFPSQLEDGDDPA	ENST00000380283.5	1	DQB1*03:02	10	None	5	137.760	81.760	7.190	4.550	22.483	0.539	12.118	406.000	0.418	Pass	False	Pending
chr1-27793606-27793607-C-G	2			24	STX12	P88R	2	NELLKELGSLRLPLS	ENST00000373943.9	1	DRB1*04:05	11	None	26	237.510	212.750	9.900	9.080	26.914	1.000	26.914	432.000	1.000	Pass	False	Pending
chr2-190982493-190982494-G-C	9		5	24	STAT1	P491A	16	NMLVAEPRNLSFFLTPA	ENST00000361099.8	1	DQB1*03:02	17	None	35	328.760	546.410	12.480	16.010	172.622	0.520	89.763	1475.000	0.583	Pass	False	Pending
chr5-14507134-14507135-C-T			1	16	TRIO	R2876C	2	PTSYILVLEMADQGCLL	ENST00000344204.9	1	DRB1*04:05	15	15	17	189.550	169.650	15.000	4.500	74.348	0.250	18.587	376.000	0.259	Pass	False	Pending
chr7-112342710-112342711-G-C			1	25	ZNF277	L445F	2	SKLYALKQSSIFNQL	ENST00000361822.8	1	DRB1*04:05	12	None	26	209.200	151.745	9.800	8.300	58.592	0.347	20.331	505.000	0.434	Pass	False	Pending
chr6-33723018-33723020-CA-TG	10		1	97	IP6K3	SV311-312SI	2	LRALLSIIRSQSSYR	ENST00000293756.5	1	DRB1*04:05	7	None	97	47.005	59.795	1.300	1.970	0.009	NA	NA	NA	0.718	Pass	False	Pending
chr7-92077866-92077867-G-C			5		AKAP9	D2313H	18	LQQQLKITTHNKVIEEKN	ENST00000356239.8	1	DQB1*03:02	10	None	5	165.100	486.640	8.220	15.180	36.250	0.408	14.790	238.000	0.412	Pass	False	Pending
chr20-4182496-4182497-C-A			6	3	SMOX	Q340K	6	KRKYTSFFRPGLPTEKVA	ENST00000621355.4	1	DQB1*03:02	3	None	9	222.830	191.450	10.010	9.090	34.520	0.539	18.606	456.000	0.600	Pass	False	Pending
chr2-53901384-53901385-G-C			2	8	PSME4	H1084D	1	KIDRQYETIGLDFTIPKS	ENST00000404125.6	1	DQB1*03:02	3	None	10	195.830	192.410	9.230	9.110	57.847	0.276	15.966	601.000	0.350	Pass	False	Pending
chr3-121697676-121697677-G-C	1		1	11	GOLGB1	A949G	5	LKEQLNLLSRAEEGKK	ENST00000393667.7	1	DRB1*04:05	14	None	13	357.935	326.650	12.000	11.000	45.429	0.967	43.930	307.000	1.000	Pass	False	Pending
chr20-41165771-41165772-C-G	2				PLCG1	S582C	3	DGCFLVRESETF	ENST00000373271.5	1	DQA1*03:03	3	3	2	310.940	234.190	0.690	0.400	67.838	0.444	30.120	392.000	0.429	Pass	False	Pending
chr19-17052841-17052842-C-G	4	1	3	10	HAUS8	K304N	3	LKDVTAKNDLELRRSFAQ	ENST00000253669.10	1	DQB1*03:02	8	None	12	140.040	192.640	7.280	9.120	10.348	0.602	6.229	98.000	0.548	Pass	False	Pending
chr17-45119014-45119029-TAGACGGTCGTTGTTG-T	8	4	11	2	PLCD3	SNNDRL233-238S	1	DHSEGAEIEEFL	ENST00000619929.5	1	DQA1*03:03	3-4	None	23	350.280	227.680	0.860	0.380	26.946	1.000	26.946	64.000	0.941	Pass	False	Pending
chr17-29286059-29286060-C-G			3		NUFIP2	R645T	1	YQTGLERNDSWGSFDLR	ENST00000225388.9	1	DQB1*03:02	3	None	3	389.690	821.420	13.610	19.040	31.008	0.998	30.946	661.000	1.000	Pass	False	Pending
chr5-145817966-145817967-A-G			3	13	PRELID2	C70R	5	MAIRSHRLTWTQYASMKE	ENST00000394450.6	1	DQB1*03:02	7	None	16	124.200	136.460	6.640	7.150	7.144	0.386	2.758	88.000	0.324	Pass	False	Pending
chr19-16572288-16572289-C-G	2		4		SLC35E1	E26Q	2	GAASSSGGARQGARVAAL	ENST00000595753.6	1	DQB1*03:02	11	None	6	435.930	495.340	14.390	15.300	38.810	0.816	31.669	38.000	0.698	Pass	False	Pending
chr8-22566400-22566401-G-C			8	10	SORBS3	R336P	1	HAPYLGSAPSLSPH	ENST00000240123.12	1	DRB1*04:05	9	None	18	186.300	405.800	6.600	16.000	23.107	0.374	8.642	195.000	0.464	Pass	True	Pending
chr9-137199427-137199428-T-A	16		2		TPRN	E428D	2	PPPFLPAASDEAEPA	ENST00000409012.6	1	DQA1*03:03	10	None	18	134.480	103.160	0.110	0.060	10.805	0.333	3.598	93.000	0.296	Pass	False	Pending
chr1-36179726-36179728-GG-AA			6		MAP7D1	EE764-765EK	4	GLQKEAVQKEKPIPQEPQ	ENST00000373151.6	1	DQB1*03:02	11	None	6	75.240	70.010	4.160	3.850	93.193	NA	NA	NA	0.361	Pass	False	Pending
chr6-70190343-70190344-G-C	5		11	33	COL19A1	K1019N	1	EEINKYINQEVLRIF	ENST00000620364.5	1	DRB1*04:05	4	None	43	142.320	119.010	6.800	5.900	10.708	0.269	2.880	52.000	0.255	Pass	False	Pending
chr22-37631020-37631021-C-G				2	GGA1	P501A	4	SATSLLHTVSPEPAR	ENST00000381756.9	1	DRB1*04:05	14	None	2	447.795	532.460	18.000	14.500	51.482	0.435	22.395	386.000	0.436	Pass	False	Pending
chr13-25541936-25541938-GA-CT	7		7		ATP8A2	D224L	6	TALMQTREVLMKLSGTIE	ENST00000381655.7	1	DQB1*03:02	3	None	14	92.690	49.750	5.130	2.530	0.145	NA	NA	NA	0.319	Pass	False	Pending
chr19-14049194-14049196-CC-TT			7		IL27RA	A428V	1	LAPLVGPTLWRLQDVPPG	ENST00000263379.4	1	DQB1*03:02	15	None	7	93.570	91.430	5.170	5.070	13.617	NA	NA	NA	0.268	Pass	False	Pending
chr16-2295600-2295601-C-G	1		4	14	ABCA3	E801D	2	ILPRDSTHRFEGLFAKLE	ENST00000301732.10	1	DQB1*03:02	5	None	18	209.220	263.150	9.630	11.050	6.120	0.628	3.843	86.000	0.578	Pass	False	Pending
chr6-118491773-118491774-G-A	4		2		CEP85L	S450F	6	LAFTEKEVLQLNEFLKQR	ENST00000368491.8	1	DQB1*03:02	3	None	6	272.970	2201.010	11.280	27.350	16.147	0.421	6.798	95.000	0.581	Pass	False	Pending
chr15-40622779-40622780-C-T			3		KNL1	P865L	2	VLEDESVQKPKFLKEKQN	ENST00000346991.9	1	DQB1*03:02	13	None	3	271.830	592.950	11.250	16.600	13.527	0.492	6.655	128.000	0.444	Pass	False	Pending
chr15-40622778-40622779-C-T			3		KNL1	P865S	2	VLEDESVQKPKFLKEKQN	ENST00000346991.9	1	DQB1*03:02	13	None	3	271.830	592.950	11.250	16.600	13.527	0.492	6.655	128.000	0.444	Pass	False	Pending
chr9-35750917-35750918-C-T			11	20	RGP1	T139I	1	SFRGQSVKYVYKLIIG	ENST00000378078.5	1	DQB1*03:02	14	None	31	416.980	1273.490	14.070	22.550	12.548	0.995	12.485	194.000	0.979	Pass	False	Pending
chr19-12580947-12580948-G-A	5				ZNF490	S376F	1	KCGEAFKSSSFCE	ENST00000311437.11	1	DQA1*03:03	11	2,12	5	300.630	1354.860	0.650	6.550	15.981	0.257	4.107	167.000	0.351	Pass	False	Pending
chr15-43149136-43149137-G-C			1	5	TMEM62	W284C	2	EVGDCKDNRRYRIFAFDH	ENST00000260403.7	1	DQB1*03:02	5	5	6	373.100	3836.580	13.320	33.010	3.179	1.000	3.179	39.000	0.960	Pass	False	Pending
chr15-40622778-40622780-CC-TT			3		KNL1	P865L	2	VLEDESVQKPKFLKEKQN	ENST00000346991.9	1	DQB1*03:02	13	None	3	271.830	592.950	11.250	16.600	13.527	NA	NA	NA	0.450	Pass	False	Pending
chr7-97006043-97006044-G-C	20		32		DLX6	E23Q	1	EGQDSSKSAFMQFGQQQQ	ENST00000518156.3	1	DQB1*03:02	12	None	44	8.780	10.960	0.030	0.080	2.584	0.424	1.096	33.000	0.411	LowExpr	False	Pending
chr5-177460554-177460555-C-T			10		DBN1	E280K	5	MKKSESEVEKAAAIIAQR	ENST00000292385.9	1	DQB1*03:02	10	None	10	25.930	33.140	0.840	1.350	109.087	0.009	0.982	1076.000	0.285	LowExpr	False	Pending
chr16-25246937-25246938-C-T			18	37	ZKSCAN2	E420K	1	FFKDMDALLNPAARAPST	ENST00000328086.12	1	DQB1*03:02	3	None	44	35.050	41.150	1.490	1.930	4.925	0.441	2.172	68.000	0.454	LowExpr	False	Pending
chrX-43656385-43656386-C-A	4		17		MAOA	D15E	2	AGHMFEVVVIGGGISGLS	ENST00000338702.4	1	DQB1*03:02	6	None	21	35.150	23.570	1.500	0.690	0.784	1.000	0.784	2.000	1.000	LowExpr	False	Pending
chr3-52395054-52395055-C-T	4		17	47	DNAH1	P3655L	2	EPRFIELQTANLSVV	ENST00000420323.7	1	DRB1*04:05	7	None	64	40.560	559.760	1.200	17.000	3.000	0.550	1.650	20.000	0.263	LowExpr	False	Pending
chr6-152325133-152325134-C-T	2		5	11	SYNE1	E5203K	2	DQKKILEDAVDEWTGFNN	ENST00000367255.10	1	DQB1*03:02	3	None	18	40.680	45.040	1.900	2.200	5.739	0.286	1.641	7.000	0.323	LowExpr	False	Pending
chr8-132141242-132141243-C-G	4	9	16	4	KCNQ3	D451H	5	KGKLFTPLNVHAIEESPS	ENST00000388996.10	1	DQB1*03:02	11	None	30	24.940	28.880	0.780	1.040	0.019	1.000	0.019	2.000	0.291	LowExpr	False	Pending
chr15-74280668-74280669-G-T			19	15	CCDC33	M178I	2	EYYSSTSIKGSQPWTLN	ENST00000558659.5	1	DQB1*03:02	8	None	34	41.060	66.400	1.920	3.640	0.158	1.000	0.158	1.000	0.585	LowExpr	False	Pending
chr3-186164997-186164998-C-T	11		11	6	DGKG	E706K	3	DQLLKVVGLEGAMEMGQI	ENST00000265022.8	1	DQB1*03:02	5	None	28	46.030	45.170	2.270	2.220	0.612	1.000	0.612	2.000	0.518	LowExpr	False	Pending
chr1-86453473-86453474-G-A	1	1	7	24	CLCA2	G754E	1	GFSRVSSGGSFSVLEVPA	ENST00000370565.5	1	DQB1*03:02	15	None	33	46.620	40.060	2.310	1.850	0.509	1.000	0.509	2.000	0.575	LowExpr	False	Pending
chrX-68717715-68717716-G-A			13	14	STARD8	G268S	3	AGFYRAKNWAATSASGSG	ENST00000374599.8	1	DQB1*03:02	15	None	19	56.870	59.880	3.020	3.210	0.753	1.000	0.753	3.000	1.000	LowExpr	False	Pending
chrX-15355261-15355262-C-T			14	10	VEGFD	E177K	1	SVPLTSVPKLVPVKVANH	ENST00000297904.4	1	DQB1*03:02	9	None	22	58.380	61.530	3.120	3.320	0.674	1.000	0.674	5.000	0.987	LowExpr	False	Pending
chr1-150261628-150261629-G-A	1		11	7	CA14	G83S	2	NNSHTVQLSLPSTLYLGG	ENST00000369111.9	1	DQB1*03:02	3	None	18	65.130	47.110	3.560	2.340	0.137	0.500	0.069	4.000	0.321	LowExpr	False	Pending
chr11-46728135-46728136-T-C			4		F2	V424A	2	YPPWDKNFTENDLLARIG	ENST00000311907.10	1	DQB1*03:02	15	None	4	73.770	137.980	4.080	7.200	0.048	1.000	0.048	1.000	0.357	LowExpr	False	Pending
chr9-137436071-137436072-C-T	4		3	23	ENTPD8	G331S	2	ELFNFSSCQSQE	ENST00000344119.6	1	DQA1*03:03	10	8	29	82.730	81.250	0.030	0.030	0.236	0.500	0.118	4.000	0.346	LowExpr	False	Pending
chr3-171138369-171138370-G-T			1	1	TNIK	R477S	4	QQQLLHEQALLLEYKSKQ	ENST00000436636.7	1	DQB1*03:02	16	None	2	106.490	316.490	5.820	12.240	3.976	0.167	0.664	12.000	0.270	LowExpr	False	Pending
chrX-9937278-9937279-G-C	1		1	27	SHROOM2	D1245H	3	EKHQIKTLSTSEQFY	ENST00000380913.8	1	DRB1*04:05	3	None	28	121.005	156.515	4.010	4.580	0.608	1.000	0.608	4.000	1.000	LowExpr	False	Pending
chr2-71611503-71611504-C-G	1		14	42	DYSF	L1367V	11	WGLRNMKSYQVANISSPS	ENST00000410020.8	1	DQB1*03:02	11	None	52	114.700	127.130	6.200	6.770	0.119	1.000	0.119	2.000	1.000	LowExpr	False	Pending
chr4-40808808-40808809-A-G			4		NSUN7	Y676C	1	PTQHLCCRWVAPKALVPT	ENST00000381782.7	1	DQB1*03:02	6	6,7	4	126.080	210.580	6.720	9.670	0.405	0.333	0.135	6.000	0.471	LowExpr	False	Pending
chr20-10054508-10054509-G-C			6	21	ANKEF1	K694N	2	LLSSIYGVPTTSEGNKV	ENST00000378392.6	1	DRB1*04:05	15	None	25	176.560	155.610	5.800	4.300	3.908	0.382	1.493	34.000	0.521	LowExpr	False	Pending
chr1-204125889-204125890-C-T	3		5		SOX13	S542L	2	QMSSLDVLYPRAAGMPLA	ENST00000367204.6	1	DQB1*03:02	5	None	8	136.990	391.870	7.170	13.650	2.664	0.105	0.280	19.000	0.339	LowExpr	False	Pending
chr6-32181195-32181196-G-T	11				AGER	L404M	3	EERAEMNQSEEPE	ENST00000375069.7	1	DQA1*03:03	6	None	11	276.470	479.960	0.550	1.480	2.211	0.462	1.021	26.000	0.510	LowExpr	False	Pending
chr22-37570267-37570268-C-G			1		LGALS2	E132Q	1	SYLSVRGGFNMSSFKLKQ	ENST00000215886.6	1	DQB1*03:02	18	None	1	195.190	1316.780	9.210	22.820	0.067	0.222	0.015	9.000	0.484	LowExpr	False	Pending
chr15-45133932-45133933-G-A			8	4	DUOX1	R43K	4	KWGSKGSRLQRLVPASYA	ENST00000321429.8	1	DQB1*03:02	1	None	12	285.320	1086.730	11.570	21.270	0.947	1.000	0.947	2.000	1.000	LowExpr	False	Pending
chr4-154491218-154491219-G-C	3				DCHS2	S46C	2	QRCLLWLLVHVWLWAASG	ENST00000357232.10	1	DQA1*03:03	3	3	3	468.040	513.430	1.420	1.640	2.425	1.000	2.425	17.000	0.963	LowExpr	False	Pending
chr5-141332647-141332648-C-T			4	2	PCDHGA1	S655F	2	QPPLFATVTLTVAVA	ENST00000517417.3	1	DRB1*04:05	5	None	6	331.685	1976.840	14.000	26.000	0.326	0.571	0.186	7.000	0.681	LowExpr	False	Pending
chr7-27130623-27130624-C-T			3		HOXA4	G37D	3	DGGPGYQQPPAPP	ENST00000360046.10	1	DQB1*03:02	1	None	3	437.520	688.880	14.420	17.720	1.689	0.375	0.633	16.000	0.375	LowExpr	False	Pending
chr9-129102403-129102404-T-C	1		1	2	CRAT	Y209C	6	HITVVHNCQFFE	ENST00000318080.7	1	DQA1*03:03	8	8	4	402.430	560.270	1.100	1.890	11.624	0.018	0.209	169.000	0.275	LowExpr	False	Pending
chr7-155462475-155462476-A-G			1		EN2	Q264R	1	QLQRLKAEFRTNRYLTEQ	ENST00000297375.4	1	DQB1*03:02	10	None	1	370.520	313.710	13.270	12.180	0.408	0.375	0.153	16.000	0.263	LowExpr	False	Pending
chr1-183880710-183880711-A-C	1			28	RGL1	Y209S	2	LDSLTRMMPGSDPE	ENST00000304685.8	1	DRB1*04:05	3	None	29	376.050	340.050	12.000	8.300	0.461	0.286	0.132	7.000	0.300	LowExpr	False	Pending
chr22-26540809-26540810-G-T			14		TPST2	P274H	4	AVLHHEDLIGKHGGVSLS	ENST00000338754.9	1	DQB1*03:02	12	None	14	29.150	20.580	1.060	0.510	28.333	0.210	5.950	371.000	0.203	Subclonal	False	Pending
chr22-41524890-41524891-G-C			1		ACO2	E510Q	10	LAIAGTLKFNPQTDYLTG	ENST00000216254.9	1	DQB1*03:02	12	None	1	126.810	165.310	6.760	8.220	119.616	0.238	28.469	1640.000	0.216	Subclonal	False	Pending
chr19-13765994-13765995-G-C			3		MRI1	R138T	1	LEKDLTDNRSIGDLGARH	ENST00000040663.8	1	DQB1*03:02	6	None	3	58.380	140.310	3.120	7.300	24.532	0.201	4.931	389.000	0.224	Subclonal	False	Pending
chr8-125436370-125436371-C-T	6		11	16	TRIB1	S340F	3	HPWFEFVLEPGYIDSEIG	ENST00000311922.4	1	DQB1*03:02	6	None	29	71.340	83.200	3.930	4.620	78.491	0.102	8.006	795.000	0.133	Subclonal	False	Pending
chr14-55180753-55180754-G-A			4	22	DLGAP5	S202L	3	PTLLRMTRSATQAAK	ENST00000247191.7	1	DRB1*04:05	3	None	26	79.995	165.955	3.600	4.400	53.642	0.224	12.016	825.000	0.240	Subclonal	False	Pending
chr7-112821984-112821985-G-T			5	7	BMT2	T326K	2	SLKTKSDLVSRNYPGMLY	ENST00000297145.9	1	DQB1*03:02	5	None	11	100.000	202.610	5.500	9.440	34.269	0.188	6.443	224.000	0.179	Subclonal	False	Pending
chr10-125729432-125729433-C-G	1		10	7	EDRF1	P324A	6	EDIHMLVGSNMAIFGGGR	ENST00000356792.9	1	DQB1*03:02	12	None	18	77.690	103.440	4.300	5.670	17.377	0.185	3.215	205.000	0.155	Subclonal	False	Pending
chrX-1419095-1419096-G-A			8	17	ASMTL	P422S	3	DAYYQSSETRLRFMRAMH	ENST00000381317.9	1	DQB1*03:02	7	None	25	145.340	190.060	7.490	9.040	74.609	0.223	16.638	847.000	0.226	Subclonal	False	Pending
chr7-77600798-77600799-C-T	1		3		PTPN12	H230Y	5	YCSAGCGRTGAICAIDY	ENST00000248594.11	1	DQB1*03:02	1	2,6,13	4	272.340	859.520	11.260	19.390	128.676	0.161	20.717	732.000	0.203	Subclonal	False	Pending
chr8-125436370-125436372-CC-TT	6		11	16	TRIB1	S340F	3	HPWFEFVLEPGYIDSEIG	ENST00000311922.4	1	DQB1*03:02	6	None	29	71.340	83.200	3.930	4.620	78.491	NA	NA	NA	0.136	Subclonal	False	Pending
chr11-63544840-63544860-GTGAGCACTTTGTCACCCAGC-G			2	14	PLAAT4	FS113-120	3	VGQKMKYSIVSRNCEIWQ	ENST00000255688.8	1	DQB1*03:02	16-18	14	15	148.780	6603.130	7.630	39.700	43.703	0.115	5.026	426.000	0.071	Subclonal	False	Pending
chr4-103145955-103145956-C-G			2	19	CENPE	R1404T	2	IEIEMLGLSKTLQES	ENST00000380026.8	1	DRB1*04:05	11	None	21	185.065	906.465	8.800	43.000	29.958	0.242	7.250	380.000	0.239	Subclonal	False	Pending
chr5-7886679-7886680-G-C			8	5	MTRR	E402Q	2	LQIRAIPKKAFLRALVD	ENST00000264668.6	1	DQB1*03:02	2	None	13	264.890	507.760	11.090	15.480	64.271	0.204	13.111	372.000	0.194	Subclonal	False	Pending
chr8-143795429-143795430-C-T	1		1		SCRIB	G1235D	5	SLESISSIDRELSPEDPG	ENST00000320476.7	1	DQB1*03:02	16	None	2	231.270	135.650	10.240	7.110	61.627	0.141	8.689	687.000	0.162	Subclonal	False	Pending
chr8-125028638-125028639-T-C			2		WASHC5	Y1135C	2	YVRCTKLPRRVAEAHVPN	ENST00000318410.12	1	DQB1*03:02	4	4	2	285.520	245.040	11.570	10.600	65.088	0.212	13.799	448.000	0.139	Subclonal	False	Pending
chr8-143805313-143805314-A-C			4		SCRIB	V823G	6	ENAGTITPLRPEDDYSPR	ENST00000320476.7	1	DQB1*03:02	4	None	4	247.690	363.850	10.660	13.150	61.627	0.055	3.389	402.000	0.164	Subclonal	False	Pending
chr7-140024672-140024681-TCAAAGATCA-T	5		7		PARP12	VIFE662-665E	1	VNSVSDPSIFEK	ENST00000263549.8	1	DQA1*03:03	10-11	None	12	303.450	2092.100	0.660	10.950	29.767	0.153	4.554	307.000	0.108	Subclonal	False	Pending
chr6-43587456-43587457-G-A			1		POLH	G153D	2	TYIEGLPQDPTTAEETVQ	ENST00000372236.9	1	DQB1*03:02	9	None	1	454.230	340.890	14.690	12.720	12.570	0.291	3.658	237.000	0.230	Subclonal	False	Pending
chr1-39429921-39429922-G-C			9	2	MACF1	E5699Q	7	YADITVTSSKALRTLQQA	ENST00000567887.5	5	DQB1*03:02	16	None	11	31.100	26.360	1.200	0.870	126.838	0.372	47.184	819.000	0.333	Poor	False	Pending
chr2-219471924-219471925-A-G			12		SPEG	Y1258C	1	VGPQHAGVCKSVIANKLG	ENST00000312358.12	5	DQB1*03:02	9	9	12	19.330	25.590	0.440	0.820	66.211	0.397	26.286	126.000	0.333	Poor	False	Pending
chr5-1814504-1814505-G-A			10	1	NDUFS6	R118H	1	PPVHMLGQPAHPHTPLH	ENST00000469176.1	2	DQB1*03:02	11	None	11	86.400	88.790	4.800	4.920	181.433	0.500	90.716	6.000	0.410	Poor	False	Pending
chr15-62819536-62819537-G-A			13	53	TLN2	E2265K	3	TPKFKQQLAAFSKRV	ENST00000561311.5	5	DRB1*04:05	3	None	59	63.355	72.795	1.700	2.700	20.006	0.351	7.022	154.000	0.452	Poor	False	Pending
chr8-133256733-133256734-C-G			10		NDRG1	E44Q	1	VRPAGSLQEQGQISGWTQ	ENST00000674925.1	NA	DQB1*03:02	10	None	10	151.450	151.750	7.730	7.740	678.195	0.274	185.825	223.000	0.402	Poor	False	Pending
chr19-35841840-35841841-C-A			15	5	NPHS1	G897C	2	YHQCGVHSSLLTIANVSA	ENST00000378910.10	1	DQB1*03:02	4	4	18	29.240	40.360	1.070	1.870	0.377	1.000	0.377	2.000	0.081	Poor	False	Pending
chr19-16093698-16093699-G-C			2		TPM4	E201Q	10	RAQFAERTVAKLEKTIDD	ENST00000586833.7	5	DQB1*03:02	3	None	2	181.990	944.110	8.780	20.130	370.472	0.654	242.289	4066.000	0.480	Poor	False	Pending
chr1-43432295-43432296-G-C	1		6	14	SZT2	G1767R	2	LHLPRHVLLEDPDSGFFF	ENST00000634258.3	5	DQB1*03:02	5	None	21	86.410	64.140	4.800	3.490	34.708	0.344	11.940	96.000	0.338	Poor	False	Pending
chr1-16972417-16972418-C-G			3		CROCC	S2009C	1	GQLQQELRRSSAPFCPPS	ENST00000375541.10	5	DQB1*03:02	15	15	3	96.610	81.490	5.340	4.530	11.754	1.000	11.754	56.000	0.988	Poor	False	Pending
chr7-75881385-75881386-G-A			5		RHBDD2	R67K	1	WQATMEGGVKITAEETGT	ENST00000454791.1	2	DQB1*03:02	10	None	5	164.220	172.020	8.180	8.450	84.058	0.283	23.788	329.000	0.189	Poor	False	Pending
chr7-128815875-128815876-C-G	19				CCDC136	S1103C	2	DDADCSLESPEEN	ENST00000297788.9	1	DQA1*03:03	5	5	19	73.580	37.040	0.020	0.000	4.998	0.250	1.250	32.000	0.200	Poor	False	Pending
chr10-132163376-132163377-C-G	8		8	1	JAKMIP3	R795G	20	DAQILGERMELLQLAQQR	ENST00000298622.9	5	DQB1*03:02	6	None	17	104.430	2157.920	5.720	27.160	3.848	0.625	2.405	24.000	0.462	Poor	False	Pending
chr19-422192-422193-G-C			8		SHC2	H525D	1	TGMDAGQPKHLLLVDPEG	ENST00000264554.11	1	DQB1*03:02	4	None	8	77.780	146.810	4.310	7.550	8.139	0.070	0.570	115.000	0.110	Poor	False	Pending
chr2-102015965-102015966-C-T	3	3	8	71	IL1R2	T143I	4	AFLPFISYPQILILS	ENST00000332549.8	1	DRB1*04:05	13	None	79	75.050	90.895	2.600	3.300	0.517	0.300	0.155	10.000	0.200	Poor	False	Pending
chr11-862686-862687-C-G			3		TSPAN4	I67M	10	ANLLIITGAFVMAMGFVG	ENST00000397397.7	1	DQB1*03:02	14	None	3	521.010	362.200	15.660	13.120	72.214	0.996	71.925	550.000	1.000	Poor	False	Pending
chr17-7675087-7675088-C-T			3		TP53	R175H	20	AIYKQSQHMTEVVRH	ENST00000269305.9	1	DRB1*04:05	15	None	3	701.045	613.665	29.000	32.000	165.032	1.000	165.032	1415.000	0.989	Poor	False	Pending
chrX-1419025-1419026-G-A			9	21	ASMTL	T445M	3	QVAMAFNLSRFSSA	ENST00000381317.9	1	DRB1*04:05	4	None	29	509.950	612.100	15.000	20.000	74.609	0.460	34.320	804.000	0.467	Poor	False	Pending
chrX-41344254-41344255-G-C			4	9	DDX3X	R293T	25	YEEARKFSYRSTVRP	ENST00000399959.7	1	DRB1*04:05	12	None	13	1120.095	3009.085	51.000	68.000	158.794	0.999	158.635	1381.000	0.966	Poor	False	Pending
chr16-74391670-74391671-C-T	9		7	45	NPIPB15	P308L	2	VPLPLSPLPPSVDDNLKD	ENST00000429990.1	5	DQB1*03:02	5	None	51	105.310	153.240	5.770	7.800	10.432	0.015	0.156	68.000	0.409	Poor	True	Pending
chr7-102317255-102317256-A-G			5	30	SH2B2	H462R	2	WFRGTLSRVKAAQLVLAG	ENST00000536178.3	1	DQB1*03:02	3	None	34	131.790	83.250	6.960	4.630	6.055	0.223	1.350	94.000	0.181	Poor	False	Pending
chr19-5928080-5928081-C-G	1		1		RANBP3	E229Q	5	RSPSEAADEEKQ	ENST00000439268.6	1	DQA1*03:03	12	None	2	762.920	624.380	3.020	2.240	36.036	1.000	36.036	320.000	0.987	Poor	False	Pending
chr12-48693119-48693120-G-C					CCNT1	I698M	0	VRPYSDYLNPRSGGM	ENST00000261900.8	1	DRB1*04:05	15	None	0	592.420	565.935	22.000	21.890	23.125	1.000	23.125	230.000	1.000	Poor	False	Pending
chr13-98431277-98431278-G-T	12	4	14	3	FARP1	R714L	5	LAALAEITEMVAQLHG	ENST00000595437.5	1	DQA1*03:03-DQB1*03:02	1	None	27	701.575	671.205	15.000	13.000	26.190	0.994	26.033	169.000	1.000	Poor	False	Pending
chr17-80086142-80086143-G-C	3		4		CCDC40	E792D	2	EMVKVTQEQDEQ	ENST00000397545.9	5	DQA1*03:03	10	None	7	157.540	53.460	0.170	0.010	5.546	0.300	1.664	10.000	0.181	Poor	False	Pending
chr14-91783159-91783160-T-A	5		7	2	TC2N	K471N	5	SNNIEAVNQWNETVINPE	ENST00000340892.9	1	DQB1*03:02	11	None	14	129.530	291.240	6.870	11.690	1.985	0.125	0.248	16.000	0.151	Poor	False	Pending
chr2-61348284-61348285-C-G		5	1		USP34	D624H	1	QSEDIADIEALKEEHEDD	ENST00000398571.7	5	DQA1*03:03-DQB1*03:02	15	None	6	535.555	401.725	0.510	0.500	47.363	0.355	16.814	591.000	0.284	Poor	False	Pending
chr9-120858190-120858191-G-A	5		4		PHF19	P518L	3	LSDSSAEGASVPER	ENST00000616568.5	1	DQA1*03:03	1	None	9	1050.660	684.410	4.730	2.580	47.989	0.447	21.451	103.000	0.517	Poor	False	Pending
chr12-49526214-49526215-G-A					SPATS2	R533H	0	TPSFKKGLPQHKPR	ENST00000321898.10	1	DRB1*04:05	11	None	0	1201.150	919.900	43.000	37.000	23.424	1.000	23.424	334.000	0.968	Poor	False	Pending
chr17-82961144-82961145-G-C			3		B3GNTL1	L198V	3	FFYEHVRKGGGVIRVDQS	ENST00000320865.4	1	DQB1*03:02	6	None	3	205.030	257.390	9.510	10.900	10.001	0.235	2.350	81.000	0.221	Poor	False	Pending
chr16-3745299-3745300-G-C			1	9	CREBBP	H1297Q	4	LQYDIIWPSGFV	ENST00000262367.10	1	DRB1*04:05	2	None	10	659.950	719.000	12.640	13.000	54.323	0.303	16.460	251.000	0.239	Poor	False	Pending
chrX-71378281-71378287-GAGATAT-G					TAF1	GDI306-308G	0	GDKVTDTKPRVAEWRYGP	ENST00000373790.9	1	DQB1*03:02	2-3	None	0	684.780	734.460	17.680	18.190	18.137	0.745	13.512	153.000	0.894	Poor	True	Pending
chr18-80138228-80138229-G-T			9	22	ADNP2	R939I	1	ISAPKDSSSDLQA	ENST00000262198.9	1	DQA1*03:03	1	None	30	2548.860	4121.020	13.550	21.750	19.521	0.959	18.721	122.000	1.000	Poor	False	Pending
chr20-23354058-23354059-C-G	6	2			NXT1	F6L	1	ASVDLKTYVDQA	ENST00000254998.3	1	DQA1*03:03	5	None	6	3280.170	4145.170	17.520	21.870	38.946	0.422	16.435	519.000	0.375	Poor	False	Pending
chr8-66813873-66813874-C-T			3	12	SGK3	A92V	10	IKQRRVGLNEFIQNLVRY	ENST00000345714.8	1	DQB1*03:02	6	None	15	289.170	153.610	11.650	7.810	2.109	0.571	1.204	7.000	0.230	Poor	False	Pending
chrX-107601385-107601386-G-T			2	3	FRMPD3	S1116I	4	EKAQLESTPKRIKLEETS	ENST00000276185.9	5	DQB1*03:02	12	None	5	200.110	5812.110	9.360	37.990	0.100	0.500	0.050	4.000	0.391	Poor	False	Pending
chr22-37374977-37374978-G-A			5		ELFN2	P186L	1	ASLASLMVCELAGNLFNC	ENST00000402918.7	4	DQB1*03:02	15	9,18	5	263.360	68.940	11.050	3.790	0.890	0.368	0.328	19.000	0.168	Poor	False	Pending
chr19-6755017-6755018-T-C					SH2D3A	E265G	0	APWWEAEEDEGEE	ENST00000245908.11	1	DQA1*03:03	11	None	0	623.440	776.670	2.240	3.110	3.820	1.000	3.820	5.000	0.985	Poor	False	Pending
chr1-223264671-223264672-G-C			10	5	SUSD4	L228V	12	LQNVIWSSSPPR	ENST00000366878.9	1	DRB1*04:05	4	None	15	1047.000	618.150	23.000	16.000	24.362	0.203	4.945	236.000	0.374	Poor	False	Pending
chr10-32567832-32567833-C-T					CCDC7	S454L	0	KETRKLLVSDSGGQR	ENST00000277657.12	1	DRB1*04:05	6	None	0	903.070	4268.070	25.340	48.300	20.750	0.208	4.316	226.000	0.359	Poor	False	Pending
chr1-227091907-227091908-T-G			1	2	CDC42BPA	K778T	6	ENKTLTSELDKLTTLYEN	ENST00000366769.7	1	DQB1*03:02	4	None	3	528.110	3919.240	15.750	33.240	40.050	0.063	2.523	317.000	0.231	Poor	False	Pending
chr8-123220246-123220247-C-A			7		C8orf76	E333D	1	IPEKIKDEVHPDV	ENST00000276704.6	1	DQA1*03:03	12	None	7	4543.150	2903.080	23.750	15.490	45.915	0.173	7.943	352.000	0.129	Poor	False	Pending
chr7-82916602-82916603-C-A			1	7	PCLO	D515Y	3	EEEKEIYAKLRYLEMGIN	ENST00000437081.1	1	DQB1*03:02	7	None	8	373.580	70.920	13.320	3.900	4.482	0.171	0.766	35.000	0.222	Poor	False	Pending
chr4-373601-373602-C-T			1		ZNF141	H389Y	1	GKAFGRSRVLNEHKKIY	ENST00000240499.8	1	DRB1*04:05	17	None	1	517.915	520.505	15.000	15.000	2.222	0.821	1.824	39.000	0.917	Poor	True	Pending
chr6-43340177-43340178-C-G					ZNF318	G1274R	0	SSFRKFSWKKPEKEE	ENST00000361428.3	1	DRB1*04:05	4	None	0	1245.530	2434.105	34.000	57.000	12.831	0.377	4.837	106.000	0.347	Poor	False	Pending
chr9-4286160-4286161-G-T			5		GLIS3	Q89K	4	RRKMLTNGKPRFQVTQAG	ENST00000477901.5	1	DQB1*03:02	3	None	5	282.210	241.970	11.500	10.520	2.761	0.043	0.119	23.000	0.153	Poor	False	Pending
chr6-29726902-29726904-AA-CT	4			5	HLA-F	N353L	2	AAAYSVVSGLLM	ENST00000259951.12	NA	DQA1*03:03	10	None	8	254.450	410.450	0.470	1.150	74.251	NA	NA	NA	0.648	Poor	True	Pending
chr13-113425167-113425168-G-T					ADPRHL1	H220N	0	TIRHTAEYQENW	ENST00000375418.8	1	DQA1*03:03	11	None	0	724.040	1434.320	2.800	7.020	2.743	0.917	2.515	24.000	0.517	Poor	False	Pending
chr1-227091906-227091907-GC-G					CDC42BPA	FS778	0	FKQQYEREKVLLTEENKN	ENST00000366769.7	1	DQB1*03:02	18	None	0	861.210	5411.070	19.410	37.080	40.050	0.061	2.443	312.000	0.236	Poor	False	Pending
chr2-236392010-236392011-C-T				1	IQCA1	E460K	5	RQELKNLKLAVDRERKR	ENST00000409907.8	1	DRB1*04:05	16	None	1	568.930	532.870	15.000	15.000	14.414	0.087	1.254	149.000	0.233	Poor	False	Pending
chr17-4818361-4818376-TGGACAGAATCCTGAA-T			4		PLD2	VDRILK662-667V	3	DGRTVLNKVGDEIVAHKQ	ENST00000263088.11	1	DQB1*03:02	14-15	None	4	418.270	599.930	14.100	16.690	35.110	0.012	0.421	328.000	0.225	Poor	False	Pending
chr18-14106118-14106119-G-C	5		12	4	ZNF519	P141A	1	AMNKYQHKFLKSVF	ENST00000590202.3	1	DRB1*04:05	1	None	12	1567.550	1534.650	44.000	44.000	8.050	0.350	2.817	20.000	0.453	Poor	False	Pending
chr7-82908982-82908983-C-G					PCLO	W4444S	0	EAYHLRREETDSFDK	ENST00000333891.14	2	DRB1*04:05	12	None	0	1445.650	1516.200	35.000	36.000	4.482	0.567	2.541	30.000	0.409	Poor	False	Pending
chr14-32600790-32600791-A-T	3		5	5	AKAP6	K910M	3	DEEGTGSPMAEVQL	ENST00000280979.9	1	DQA1*03:03	9	None	13	646.210	1352.760	2.360	6.530	2.905	0.250	0.726	8.000	0.708	Poor	False	Pending
chr17-7588499-7588500-G-C			1		SOX15	Q194E	2	SLPESDPRLQGE	ENST00000250055.3	1	DQA1*03:03	4	None	1	1082.760	1337.560	4.920	6.430	0.580	0.692	0.401	13.000	0.722	Poor	False	Pending
chrX-9967396-9967397-G-A			5	4	CLDN34	V14I	1	QFSIFALTTIGWILS	ENST00000445307.4	NA	DRB1*04:05	4	None	9	542.350	714.700	26.000	32.000	0.013	1.000	0.013	1.000	0.989	Poor	False	Pending
chr16-49281350-49281351-C-T			5		CBLN1	D39N	3	NSNPTSDPTGTALGISVR	ENST00000219197.11	1	DQB1*03:02	1	None	5	1861.380	3323.760	25.810	31.440	0.713	0.400	0.285	5.000	0.215	Poor	False	Pending
chr3-184239802-184239803-C-T					VWA5B2	A836V	0	VPPSGELAPPAVPPQVP	ENST00000426955.6	1	DQB1*03:02	16	None	0	1697.080	1087.870	24.990	21.270	0.083	1.000	0.083	2.000	0.429	Poor	False	Pending
chr9-81992222-81992223-C-G	10		16	35	SPATA31D1	Q585E	1	QPESPFRALLPSPLF	ENST00000344803.3	2	DRB1*04:05	3	None	51	11.275	16.660	0.150	0.610	0.000	1.000	0.000	2.000	0.693	NoExpr	False	Pending
chr7-122013415-122013416-A-G			8		PTPRZ1	N1457S	8	KVMSDSDTHENSLMDQNN	ENST00000393386.7	1	DQB1*03:02	4	None	8	15.720	21.650	0.250	0.570	0.909	0.000	0.000	0.000	0.241	NoExpr	False	Pending
chr11-56542446-56542447-T-C	5		7	18	OR5M11	K271E	1	MYIRPPTDKTVEESEIIA	ENST00000528616.5	NA	DQB1*03:02	15	None	30	20.610	108.160	0.510	5.890	0.000	0.000	0.000	0.000	0.291	NoExpr	False	Pending
chr11-124319973-124319974-G-A	1		14	64	OR8D2	S75F	1	YSFVITPKMLVNFVPEEN	ENST00000624618.2	NA	DQB1*03:02	3	None	77	21.460	24.950	0.560	0.780	0.000	0.000	0.000	0.000	1.000	NoExpr	False	Pending
chr14-94382907-94382908-C-G	7		12	5	SERPINA1	E110D	15	HDEILEGLNFNLTDIPEA	ENST00000355814.8	1	DQB1*03:02	14	None	23	24.040	20.380	0.720	0.500	4.892	0.000	0.000	0.000	0.180	NoExpr	False	Pending
chr15-69049033-69049034-G-C			3	34	NOX5	D659H	5	EWFVSLLTKLEMHQA	ENST00000388866.8	1	DRB1*04:05	13	None	36	25.105	25.115	0.590	0.470	0.160	0.000	0.000	0.000	0.396	NoExpr	False	Pending
chr11-5968293-5968294-G-C	19			64	OR56A5	S67R	1	YYLLRLLSLLDIVL	ENST00000532411.2	NA	DRB1*04:05	5	None	69	25.340	30.440	0.740	1.100	0.000	1.000	0.000	2.000	1.000	NoExpr	False	Pending
chr10-115241629-115241630-G-A	15	14	19	37	ATRNL1	G531E	2	LHSAVLINEAMLIFGGNT	ENST00000355044.8	1	DQB1*03:02	9	None	46	26.670	41.190	0.890	1.930	0.262	0.000	0.000	0.000	0.443	NoExpr	False	Pending
chr5-115130597-115130604-ACTAACTG-A	2		15		TRIM36	FS607-609	3	TVGMTVEVRMPVLILH	ENST00000282369.7	1	DQB1*03:02	1-16	None	17	29.290	NA	1.080	NA	1.136	0.000	0.000	0.000	0.920	NoExpr	False	Pending
chr5-150120064-150120065-G-A	4			52	PDGFRB	T882I	1	PESIFNSLYTILSDV	ENST00000261799.9	1	DRB1*04:05	11	None	55	29.885	24.880	1.600	0.590	0.280	0.000	0.000	6.000	0.291	NoExpr	False	Pending
chr6-122781239-122781240-C-G			6	74	FABP7	P132A	1	PFFLVFFSSAHTSHL	ENST00000356535.4	1	DRB1*04:05	10	None	78	33.080	25.815	1.200	0.280	0.317	0.000	0.000	0.000	0.362	NoExpr	False	Pending
chr16-25221522-25221523-G-C	10		7	3	AQP8	M109I	2	MLIGGLNLVILLPYWVSQ	ENST00000219660.6	1	DQB1*03:02	10	None	19	33.440	38.890	1.370	1.770	0.000	0.000	0.000	0.000	0.247	NoExpr	False	Pending
chr4-110559663-110559664-G-C	6		13	53	ENPEP	R887T	1	YTLNNTNLGRIVTIAEPF	ENST00000265162.10	1	DQB1*03:02	6	None	63	34.470	71.150	1.450	3.910	0.032	0.000	0.000	0.000	0.239	NoExpr	False	Pending
chr17-3433668-3433669-G-T				58	OR1E2	P58H	1	HTHVYLFLSNLSFSD	ENST00000248384.1	NA	DRB1*04:05	3	None	58	34.695	33.580	0.600	0.560	0.000	0.000	0.000	2.000	0.312	NoExpr	False	Pending
chr1-22576425-22576426-C-A				48	EPHA8	N123K	2	KETFKLYYLESDRDL	ENST00000374644.8	1	DRB1*04:05	5	None	48	35.175	48.030	0.770	1.220	0.001	0.000	0.000	0.000	0.272	NoExpr	False	Pending
chr2-201835739-201835740-A-C	2		12		CDK15	E276D	5	ALLGATDYSSELDIWGAG	ENST00000450471.6	1	DQB1*03:02	7	None	14	35.580	33.020	1.520	1.340	0.204	0.000	0.000	0.000	0.574	NoExpr	False	Pending
chr14-91235009-91235029-GGTACAGCTCATCGAGGAGTT-G	9		44	61	GPR68	FS8-14	4	AGGGLPGQLPVPLLRLPA	ENST00000531499.2	1	DQB1*03:02	1-18	None	97	35.870	NA	1.540	NA	0.177	0.000	0.000	34.000	0.093	NoExpr	True	Pending
chr4-176120051-176120052-G-A			14	28	WDR17	V189I	4	HTHQKGKIVFGHIDGSLS	ENST00000280190.8	1	DQB1*03:02	8	None	40	36.410	29.150	1.580	1.060	0.514	0.000	0.000	2.000	0.489	NoExpr	False	Pending
chr11-63290369-63290370-G-A	2		10	28	SLC22A10	E69K	4	GILSKDALLRISIPLDSN	ENST00000332793.11	1	DQB1*03:02	5	None	35	40.130	51.110	1.850	2.630	0.070	0.000	0.000	0.000	0.553	NoExpr	False	Pending
chr13-37746421-37746422-C-T			21	11	TRPC4	E138K	7	QFSKFTPDITPIILAAH	ENST00000625583.2	1	DQB1*03:02	4	None	29	41.180	54.200	1.930	2.840	0.053	0.000	0.000	0.000	0.507	NoExpr	False	Pending
chr11-64593669-64593670-G-C	18		11	43	SLC22A12	V233L	3	ARPLLMTLNSLGFSF	ENST00000377574.6	1	DRB1*04:05	5	None	68	41.495	58.720	1.200	2.700	0.000	0.000	0.000	0.000	0.155	NoExpr	False	Pending
chr3-39188114-39188115-A-T			13	34	XIRP1	L444H	2	DVKTFKNHFETLPLDSIG	ENST00000340369.4	1	DQB1*03:02	8	None	43	41.770	38.230	1.970	1.720	0.042	0.000	0.000	0.000	0.661	NoExpr	False	Pending
chr4-121932625-121932626-C-A	6		9	5	TRPC3	C211F	4	NHPGFAASKRLTLSPFEQ	ENST00000379645.8	1	DQB1*03:02	16	None	19	42.250	109.600	2.010	5.960	0.068	0.000	0.000	0.000	0.300	NoExpr	False	Pending
chr7-117548739-117548740-G-T			5	60	CFTR	G437C	2	FSNFSLLCTPVLKDI	ENST00000003084.11	1	DRB1*04:05	8	8	63	43.275	30.830	1.300	0.860	1.844	0.000	0.000	0.000	0.116	NoExpr	False	Pending
chr7-132508196-132508197-C-A	10		18	23	PLXNA4	S166I	4	EPYHKKEHYLSGVNEIGS	ENST00000378539.5	1	DQB1*03:02	16	None	51	43.500	194.670	2.090	9.190	0.575	0.000	0.000	2.000	0.281	NoExpr	False	Pending
chr19-8969814-8969831-ACGTGGAATTTCCTTGTG-A			14	12	MUC16	FS3175-3180	1	HQHLSPAHRNHITNQVTN	ENST00000397910.8	5	DQB1*03:02	1-18	None	26	44.700	NA	2.180	NA	0.003	0.000	0.000	0.000	0.750	NoExpr	False	Pending
chr14-23425383-23425384-T-G	10		23	31	MYH7	E774A	1	FFKAGLLGLLAEM	ENST00000355349.4	1	DQA1*03:03	11	None	51	45.780	30.710	0.010	0.000	0.005	0.000	0.000	0.000	0.192	NoExpr	True	Pending
chr1-22660990-22660991-G-A			12	27	C1QB	A121T	3	GDYKATQKITFSATRTIN	ENST00000509305.6	1	DQB1*03:02	10	None	36	46.370	44.400	2.300	2.160	0.000	0.000	0.000	0.000	0.984	NoExpr	False	Pending
chr8-138737576-138737577-C-A			5		COL22A1	G696W	2	PGLQGLRWKKGDMGPPGI	ENST00000303045.11	1	DQB1*03:02	8	None	5	46.770	28.740	2.320	1.040	0.308	0.000	0.000	2.000	0.200	NoExpr	False	Pending
chr15-44767453-44767453-T-TC			6		TRIM69	FS395	6	WEVEVAKKTKWTVGVVQR	ENST00000329464.9	1	DQB1*03:02	17-18	None	6	47.340	5117.430	2.360	36.390	21.208	0.000	0.000	4.000	0.324	NoExpr	False	Pending
chr6-47000271-47000272-C-T			7	24	ADGRF1	G895R	2	SHTRDSSDNIMLTQFVSN	ENST00000371253.7	1	DQB1*03:02	4	None	30	48.180	48.190	2.430	2.430	0.655	0.000	0.000	0.000	0.491	NoExpr	False	Pending
chrX-7843975-7843976-C-T	30				VCX	P194L	4	EEPLSQESEMEE	ENST00000381059.7	1	DQA1*03:03	4	None	30	50.230	57.070	0.010	0.010	0.000	0.000	0.000	0.000	1.000	NoExpr	True	Pending
chr19-8955983-8955984-G-A	2	5	6	45	MUC16	S6929F	1	TTVFTSMSVSSETTK	ENST00000397910.8	5	DRB1*04:05	4	None	49	53.990	1138.490	1.320	36.000	0.003	0.000	0.000	0.000	0.471	NoExpr	False	Pending
chr17-11784434-11784435-G-C	2		19	30	DNAH9	D2653H	2	ASLQKSIPPLIHLALAFH	ENST00000262442.9	1	DQB1*03:02	12	None	48	58.290	41.200	3.110	1.930	0.061	0.000	0.000	0.000	0.349	NoExpr	False	Pending
chr11-46876561-46876562-C-T			11	2	LRP4	R1147Q	1	VDAIGRKVYWTDTGTNQI	ENST00000378623.6	1	DQB1*03:02	17	None	13	58.930	523.230	3.150	15.680	0.268	0.000	0.000	2.000	0.421	NoExpr	False	Pending
chr15-44767434-44767452-AAATGGACAGTTGGAGTTG-A			12		TRIM69	KWTVGVV389-395I	6	WYWEVEVAKKTIRESIIR	ENST00000329464.9	1	DQB1*03:02	11-12	None	12	61.080	20970.920	3.290	63.260	21.208	0.000	0.000	3.000	0.299	NoExpr	False	Pending
chr2-227893862-227893863-C-T	2		15	1	DAW1	T129M	2	KLWDTASGEELNMLEGH	ENST00000309931.3	1	DQB1*03:02	13	None	16	63.550	143.600	3.460	7.420	0.488	0.000	0.000	0.000	0.336	NoExpr	False	Pending
chr6-30986467-30986468-T-C	10		12	10	MUC21	V98A	1	GISTATNSEFSTASSGIS	ENST00000376296.3	1	DQB1*03:02	13	None	30	63.920	88.460	3.480	4.900	0.123	0.000	0.000	0.000	0.662	NoExpr	True	Pending
chr9-113369791-113369792-G-A			7	4	BSPRY	A287T	1	AATSFQNGLHTWMVNVQN	ENST00000374183.5	1	DQB1*03:02	11	None	11	64.900	56.180	3.540	2.970	0.090	0.000	0.000	0.000	0.537	NoExpr	False	Pending
chr2-106830076-106830077-G-C			2	27	ST6GAL2	S436C	3	IQPNPPSCGFIGSFVKIG	ENST00000409087.3	1	DQB1*03:02	8	8	29	65.880	65.660	3.600	3.590	0.080	0.000	0.000	1.000	0.694	NoExpr	False	Pending
chr17-78484882-78484883-A-T			6		DNAH17	M2545K	1	DKYGTVAPHTLIRQHKDH	ENST00000389840.7	5	DQB1*03:02	16	None	6	67.440	237.430	3.700	10.390	0.134	0.000	0.000	2.000	0.232	NoExpr	False	Pending
chr1-37721680-37721681-G-T	3		8	12	EPHA10	L709M	3	LGQFDHSHIVRMEGVVTR	ENST00000427468.6	5	DQB1*03:02	12	None	20	68.080	87.220	3.740	4.840	0.059	0.000	0.000	0.000	0.382	NoExpr	False	Pending
chr19-50625545-50625546-G-A	4		7	47	SYT3	S474F	3	DLTGFSDPYVKAFLISEG	ENST00000338916.8	1	DQB1*03:02	13	None	52	68.420	78.750	3.760	4.370	0.000	0.000	0.000	0.000	0.540	NoExpr	False	Pending
chr22-37723212-37723213-GA-G			14		TRIOBP	FS219	1	QKKEDTGGGGRSAGSTGQ	ENST00000644935.1	NA	DQB1*03:02	15-18	None	14	69.270	4562.200	3.810	34.990	35.473	0.000	0.000	5.000	0.289	NoExpr	False	Pending
chr14-26448937-26448938-G-C			21	23	NOVA1	T182R	6	VKIIVPNSRAGLIIGKGG	ENST00000539517.7	1	DQB1*03:02	9	None	44	71.230	74.750	3.920	4.140	0.694	0.000	0.000	2.000	0.462	NoExpr	False	Pending
chr6-43283594-43283595-A-T	14		21		TTBK1	E952V	1	GQALRSVEFSAGGELGLE	ENST00000259750.9	1	DQB1*03:02	7	None	33	74.390	95.050	4.120	5.250	0.015	0.000	0.000	0.000	0.267	NoExpr	False	Pending
chr19-38802098-38802099-G-A			11		LGALS4	R240C	2	NPCMGNGTVVRNSLLNGS	ENST00000307751.9	1	DQB1*03:02	3	3	11	75.440	68.510	4.180	3.770	0.232	0.000	0.000	0.000	1.000	NoExpr	False	Pending
chr8-132948805-132948806-C-G			5	67	TG	P1755R	2	GAIICGLLSSRSVLL	ENST00000220616.9	1	DRB1*04:05	11	5	70	76.505	68.120	2.900	2.700	0.721	0.000	0.000	0.000	0.992	NoExpr	False	Pending
chr2-110933496-110933497-G-A	38	48	18	39	ACOXL	G143E	5	FVSRYAEALLDE	ENST00000417074.5	1	DQA1*03:03	7	None	74	76.700	71.460	0.030	0.020	0.188	0.000	0.000	2.000	1.000	NoExpr	False	Pending
chr21-30755335-30755336-C-T			7		KRTAP21-1	G15S	1	YGNSCGYGSSCGCGYGSG	ENST00000335093.5	NA	DQB1*03:02	10	5,11,13	7	76.930	256.250	4.260	10.870	0.000	0.000	0.000	0.000	0.470	NoExpr	True	Pending
chr10-60186848-60186849-G-T	8		17	6	ANK3	L651M	3	AAKKNQMDIATTLMEYGA	ENST00000280772.7	1	DQB1*03:02	14	None	28	80.640	114.200	4.470	6.180	0.163	0.000	0.000	0.000	0.134	NoExpr	False	Pending
chr8-23368189-23368210-TGGCCACGTTGGCGGGGGCCTG-T			9	1	LOXL2	QAPANVA48-54-	7	YFQQPAPEYHQPKIQLR	ENST00000389131.8	1	DQB1*03:02	12-13	None	10	81.630	319.160	4.530	12.290	102.877	0.000	0.000	110.000	0.706	NoExpr	False	Pending
chr20-59301546-59301547-G-T	2		13	1	EDN3	G64W	6	GEWTVAPTALQGPSPGSP	ENST00000337938.7	1	DQB1*03:02	3	None	16	83.420	249.050	4.630	10.690	0.019	0.000	0.000	0.000	0.220	NoExpr	False	Pending
chr3-38698510-38698511-G-A			4	80	SCN10A	T1570M	3	AILKSLQSYFSPMLF	ENST00000449082.3	1	DRB1*04:05	13	None	80	89.345	92.835	3.400	3.500	0.004	0.000	0.000	0.000	0.273	NoExpr	False	Pending
chr11-123943666-123943667-G-C				37	OR6T1	Q58E	1	HIEMYFFLRNFSFLE	ENST00000321252.3	NA	DRB1*04:05	3	None	37	91.815	91.095	2.600	2.600	0.000	0.000	0.000	0.000	0.448	NoExpr	False	Pending
chr13-25541936-25541937-G-C	7		7		ATP8A2	D224H	6	TALMQTREVLMKLSGTIE	ENST00000381655.7	1	DQB1*03:02	3	None	14	92.690	49.750	5.130	2.530	0.145	0.000	0.000	0.000	0.304	NoExpr	False	Pending
chr13-25541937-25541938-A-T	7		7		ATP8A2	D224V	6	TALMQTREVLMKLSGTIE	ENST00000381655.7	1	DQB1*03:02	3	None	14	92.690	49.750	5.130	2.530	0.145	0.000	0.000	0.000	0.306	NoExpr	False	Pending
chr4-114833618-114833619-A-G			10	10	NDST4	S795P	1	VQKFLGVTPRYNYPEALT	ENST00000264363.7	1	DQB1*03:02	14	None	20	100.210	118.300	5.520	6.370	0.003	0.000	0.000	0.000	0.187	NoExpr	False	Pending
chr2-26458127-26458128-A-G	6		2	37	OTOF	I1202T	2	TRYKWLIIKTVLA	ENST00000339598.8	1	DRB1*04:05	10	None	43	106.395	190.485	2.400	5.300	0.281	0.000	0.000	0.000	0.995	NoExpr	False	Pending
chr8-123220221-123220221-A-AGGGCTAC			2		C8orf76	FS342	1	KIKDEVHPEVKCVGSVAR	ENST00000276704.6	1	DQB1*03:02	18	12	2	108.100	625.520	5.890	17.000	45.915	0.000	0.000	344.000	0.724	NoExpr	False	Pending
chr2-94874875-94874876-T-A	6		1	37	TEKT4	C272S	1	ANLRVLVDSILRDTS	ENST00000295201.5	1	DRB1*04:05	9	None	43	110.735	193.590	6.300	12.000	0.614	0.000	0.000	0.000	0.446	NoExpr	False	Pending
chr1-204986102-204986103-C-G			3		NFASC	T923S	4	DGPRSETKEFTSPEGVPS	ENST00000513543.6	1	DQB1*03:02	12	None	3	118.860	109.220	6.400	5.940	0.974	0.000	0.000	0.000	0.596	NoExpr	False	Pending
chr1-203347717-203347718-G-C			7	10	FMOD	H185D	2	LHLDDNQISRVPNNALEG	ENST00000354955.5	1	DQB1*03:02	5	None	17	120.080	112.290	6.450	6.100	0.000	0.000	0.000	0.000	0.284	NoExpr	True	Pending
chr11-70087776-70087777-C-T	15	11	3	69	ANO1	P86L	4	GTLLNSLSVDLDAE	ENST00000531349.6	1	DRB1*04:05	11	None	69	126.600	112.600	3.900	3.600	0.764	0.000	0.000	0.000	0.187	NoExpr	False	Pending
chr7-39339738-39339739-G-C			6		POU6F2	Q232H	2	LQQQQQQQQQQPPPSTNH	ENST00000518318.7	1	DQB1*03:02	18	None	6	127.020	510.090	6.760	15.510	0.273	0.000	0.000	0.000	0.299	NoExpr	False	Pending
chr11-20638483-20638484-T-A	2	1	10	31	SLC6A5	V632E	1	GGIYMFQLEDTYAAS	ENST00000525748.6	1	DRB1*04:05	9	None	36	129.145	143.020	6.800	7.100	0.006	0.000	0.000	1.000	0.452	NoExpr	False	Pending
chr2-195816717-195816718-T-G	8		9	40	DNAH7	E3224A	1	LADLANIAPMYQY	ENST00000312428.11	1	DQA1*03:03	8	None	46	129.360	140.220	0.100	0.130	0.478	0.000	0.000	0.000	0.167	NoExpr	False	Pending
chr19-13931970-13931971-A-G		1	6	47	PODNL1	F523L	2	ALLLRANRLHMTSIAAEA	ENST00000588872.3	3	DQB1*03:02	3	None	53	130.770	132.760	6.920	7.000	7.123	0.000	0.000	12.000	0.142	NoExpr	False	Pending
chr3-58210851-58210852-G-C	5		7	50	DNASE1L3	L19V	5	LLLLLSIHSAVAMRI	ENST00000394549.7	1	DRB1*04:05	11	None	59	131.765	100.070	5.500	4.900	0.181	0.000	0.000	0.000	1.000	NoExpr	True	Pending
chr20-2312957-2312958-C-T	1		3	6	TGM3	R201C	2	NFRCDAATDVASRNDPKY	ENST00000381458.6	1	DQB1*03:02	4	4	10	133.310	147.620	7.020	7.590	0.000	0.000	0.000	0.000	0.650	NoExpr	False	Pending
chr2-222689427-222689428-G-T	3		1	47	MOGAT1	W146L	1	PGFTSYLHVLPLLFW	ENST00000446656.4	5	DRB1*04:05	13	None	50	136.445	184.500	11.000	14.000	0.091	0.000	0.000	2.000	0.349	NoExpr	False	Pending
chr11-193734-193735-G-A	5		1	21	SCGB1C1	D27N	1	DNNEFFMDFLQTLL	ENST00000342878.3	1	DRB1*04:05	3	None	23	144.750	154.650	8.600	9.500	0.000	0.000	0.000	4.000	0.213	NoExpr	False	Pending
chr11-1078020-1078022-CTA-C			3	16	MUC2	FS178	1	GDYNGLQSFRIPL	ENST00000675028.1	NA	DRB1*04:05	9-13	None	19	147.100	208.745	3.900	4.500	0.001	0.000	0.000	0.000	0.918	NoExpr	False	Pending
chr11-59364558-59364559-T-A	3		1	43	OR5AN1	V34E	3	TIFLEIYITSLAWN	ENST00000313940.2	NA	DRB1*04:05	5	None	44	149.450	329.160	11.000	23.000	0.154	0.000	0.000	0.000	0.116	NoExpr	False	Pending
chr18-60371739-60371740-T-G	1		2	31	MC4R	M204L	1	FFTLLALMASLYVH	ENST00000299766.5	NA	DRB1*04:05	4	None	32	156.250	195.500	12.000	15.000	0.000	0.000	0.000	0.000	1.000	NoExpr	False	Pending
chr14-70060889-70060890-C-G			10	24	SLC8A3	E612Q	3	YERQQNFFIALGEPKWME	ENST00000381269.6	1	DQB1*03:02	5	None	32	161.120	239.960	8.080	10.470	0.023	0.000	0.000	0.000	1.000	NoExpr	False	Pending
chr14-24068642-24068643-G-A			3		CARMIL3	E1248K	1	DGKEEKEGTLFPERTLPA	ENST00000342740.6	5	DQB1*03:02	3	None	3	161.760	2749.710	8.100	29.480	1.601	0.000	0.000	25.000	0.185	NoExpr	False	Pending
chr22-46257698-46257699-G-A	4		2	19	PKDREJ	T1875I	1	YYSYGLLHIYGSGGYALY	ENST00000253255.7	NA	DQB1*03:02	9	None	25	165.650	58.160	8.240	3.110	0.020	0.000	0.000	1.000	0.270	NoExpr	False	Pending
chr7-47833094-47833095-G-A			12		PKD1L1	T2111I	3	IQAPSSGLEGLMPQWSR	ENST00000289672.7	1	DQB1*03:02	1	None	12	166.400	597.750	8.270	16.660	0.696	0.000	0.000	0.000	0.322	NoExpr	False	Pending
chr3-183179682-183179683-G-A	2		7	10	MCF2L2	L1039F	2	MEKESSALSLAGFFQSDD	ENST00000328913.8	5	DQB1*03:02	13	None	19	180.510	105.190	8.740	5.760	0.407	0.000	0.000	0.000	0.377	NoExpr	False	Pending
chr4-5988666-5988667-T-A			2		C4orf50	M1127L	2	AKLHALDKEVQVTPLTGQ	ENST00000531445.3	5	DQB1*03:02	3	None	2	190.430	219.640	9.050	9.920	0.025	0.000	0.000	0.000	0.946	NoExpr	False	Pending
chr5-23521053-23521054-C-G			4	19	PRDM9	S128C	2	KASFSNECSLKELSR	ENST00000296682.4	1	DRB1*04:05	8	8	23	193.585	145.205	5.200	5.820	0.024	0.000	0.000	0.000	0.417	NoExpr	False	Pending
chr17-10499040-10499041-G-A	3		3		MYH1	S1306L	1	EKDTLVSQLLRGKQAFTQ	ENST00000226207.6	5	DQB1*03:02	10	None	6	197.060	299.940	9.260	11.890	0.009	0.000	0.000	0.000	0.988	NoExpr	False	Pending
chr7-87424004-87424005-A-C			2	17	ABCB4	N704K	4	PPVSFLKVLKLKKTE	ENST00000265723.8	1	DRB1*04:05	12	None	19	216.075	150.000	11.000	7.300	0.044	0.000	0.000	0.000	0.181	NoExpr	False	Pending
chr11-92982014-92982015-G-T			5	15	MTNR1B	W264C	1	IFAICCAPLNCIGLAVA	ENST00000257068.3	1	DQB1*03:02	6	5,6,11	20	219.020	282.310	9.910	11.500	0.000	0.000	0.000	0.000	0.414	NoExpr	False	Pending
chr14-39247882-39247883-G-C			3	6	MIA2	D437H	3	DPEKEQEIETIKIIETEH	ENST00000640607.2	1	DQB1*03:02	18	None	9	229.450	526.060	10.190	15.720	41.150	0.000	0.000	0.000	0.984	NoExpr	False	Pending
chr6-29174125-29174126-C-T			1	38	OR2J2	T164I	2	IGFTISALHSSFIFW	ENST00000377167.3	NA	DRB1*04:05	13	None	39	230.005	264.740	9.900	9.500	0.037	0.000	0.000	0.000	0.277	NoExpr	False	Pending
chr1-207623001-207623002-C-G	5		2		CR1	S1979C	6	GTLCGTIFFILLIIFLSW	ENST00000400960.7	1	DQA1*03:03	4	4	7	232.900	311.520	0.400	0.690	0.135	0.000	0.000	0.000	0.285	NoExpr	False	Pending
chr3-52517959-52517960-A-C			2		STAB1	H1573P	1	QRTCTCDTAPTVGDGLTC	ENST00000321725.10	1	DQB1*03:02	10	4,6,18	2	238.180	193.660	10.410	9.150	0.090	0.000	0.000	0.000	1.000	NoExpr	False	Pending
chr1-45058674-45058675-G-A	3		2	11	ZSWIM5	L396F	1	GARMLTLITEQFVADPRF	ENST00000359600.6	1	DQB1*03:02	18	None	16	239.250	1442.580	10.450	23.580	0.606	0.000	0.000	0.000	0.354	NoExpr	False	Pending
chr3-130409352-130409353-G-T			1		COL6A5	G1503W	1	SPGSRGAPWQYGEKGFPG	ENST00000312481.11	1	DQB1*03:02	9	None	1	246.720	572.560	10.640	16.350	0.001	0.000	0.000	0.000	0.306	NoExpr	False	Pending
chr5-141123692-141123693-G-C			11	3	PCDHB4	Q565H	1	VLDTNDNSPFVLYPLHNG	ENST00000194152.4	NA	DQB1*03:02	16	None	14	253.460	126.530	10.800	6.740	1.436	0.000	0.000	20.000	0.307	NoExpr	False	Pending
chr12-10159995-10159996-G-C	4		8	8	OLR1	Q236E	2	PHLFRVRGAVSETYP	ENST00000309539.8	1	DRB1*04:05	12	None	20	253.855	213.380	12.000	12.000	0.273	0.000	0.000	0.000	0.195	NoExpr	False	Pending
chrX-141003559-141003560-C-G			3		SPANXB1	L74V	1	NVKRTSPEELVNDHAREN	ENST00000449283.2	1	DQB1*03:02	11	None	3	259.440	304.510	10.950	11.990	0.000	0.000	0.000	0.000	0.830	NoExpr	True	Pending
chr1-119895935-119895936-C-T			6	9	ADAM30	R134Q	1	MGGLQGVFNIDAKHY	ENST00000369400.2	NA	DRB1*04:05	5	None	15	267.600	236.150	12.000	11.000	0.019	0.000	0.000	0.000	0.203	NoExpr	False	Pending
chr6-73363141-73363172-CTTGATTCACGTGAATCGATTGGACCCTAACG-C			3	23	KHDC3L	FS73-83	1	VQGMSQIARLRSWYLGG	ENST00000370367.4	1	DQB1*03:02	8-17	None	25	280.430	NA	11.460	NA	0.000	0.000	0.000	0.000	0.113	NoExpr	False	Pending
chrX-32389609-32389610-C-T			4	10	DMD	R1470H	3	FEQHLQESKMILDEVKMH	ENST00000357033.9	1	DQB1*03:02	4	None	13	298.120	340.270	11.850	12.700	3.178	0.000	0.000	0.000	1.000	NoExpr	False	Pending
chr6-73363176-73363177-AG-A			4	10	KHDC3L	FS84	1	RSWYLGGLLTRRTQS	ENST00000370367.4	1	DRB1*04:05	1-15	None	14	299.500	NA	15.000	NA	0.000	0.000	0.000	0.000	0.085	NoExpr	False	Pending
chr6-55351464-55351465-G-C			2	2	GFRAL	D195H	1	AQMLAFCDCAQSHIPCQQ	ENST00000340465.2	1	DQB1*03:02	13	7,9,16	4	324.360	202.780	12.390	9.440	0.013	0.000	0.000	0.000	0.511	NoExpr	False	Pending
chr10-13481023-13481024-C-G	4		5	23	BEND7	R274T	7	LSNYTRSGSLLFTKL	ENST00000378605.3	1	DRB1*04:05	13	None	31	333.285	327.710	21.000	21.000	0.053	0.000	0.000	0.000	1.000	NoExpr	False	Pending
chr21-43172070-43172071-G-C			1		CRYAA	D105H	3	GKHNERQHDHGYISREFH	ENST00000291554.6	1	DQB1*03:02	8	None	1	351.110	670.120	12.910	17.510	0.000	0.000	0.000	0.000	0.540	NoExpr	False	Pending
chr14-94463231-94463232-G-T	2				SERPINA9	T390N	7	GTEATAATTNKF	ENST00000337425.10	1	DQA1*03:03	10	None	2	369.120	341.050	0.940	0.810	0.035	0.000	0.000	0.000	0.461	NoExpr	False	Pending
chr21-44330789-44330813-AGGCAGCCGCGGCCCCTAGCGGCCC-A			1		CFAP410	GPLGAAAA217-224-	1	SARDASSSHRGRVSGSAH	ENST00000397956.7	1	DQB1*03:02	15-16	None	1	436.090	3842.470	14.390	33.020	6.570	0.000	0.000	18.000	0.376	NoExpr	False	Pending
chr6-10801907-10801908-C-G			4		MAK	R272P	7	EAIQLMTEMLNWDPKKPP	ENST00000474039.5	1	DQB1*03:02	17	None	4	461.240	2172.190	14.790	27.220	0.038	0.000	0.000	1.000	0.323	NoExpr	False	Pending
chr3-122927970-122927971-G-C			3		SEMA5B	I223M	8	SRQVGNLSRTIEKMNGVA	ENST00000357599.8	1	DQB1*03:02	14	None	3	480.990	399.740	15.090	13.790	0.169	0.000	0.000	0.000	1.000	NoExpr	False	Pending
chr5-136274698-136274699-C-T	3		16	8	TRPC7	A368T	3	SIGLPFLAITYWIA	ENST00000513104.6	5	DRB1*04:05	10	None	26	529.600	878.350	19.000	28.000	0.005	0.000	0.000	0.000	0.366	NoExpr	False	Pending
chr11-58190707-58190708-A-T	4	2	4	54	OR9Q2	Y73F	1	FSSAIIPQMLAVLWEHG	ENST00000641291.1	NA	DRB1*04:05	1	None	58	557.750	681.740	23.000	24.000	0.008	0.000	0.000	0.000	0.514	NoExpr	True	Pending
chr1-196995755-196995756-A-G			2		CFHR5	N216S	1	PQLSSGEVKEIRKEEYGH	ENST00000256785.5	1	DQB1*03:02	5	None	2	560.450	2481.160	16.190	28.490	0.000	0.000	0.000	0.000	0.287	NoExpr	False	Pending
chr1-59858482-59858483-C-T				2	HOOK1	S433L	3	LQVQQDHLNQTDASATKS	ENST00000371208.5	1	DQB1*03:02	1	None	2	741.970	2590.520	18.260	28.910	0.230	0.000	0.000	0.000	0.394	NoExpr	False	Pending
chr15-94399982-94399983-G-T					MCTP2	K651N	0	SRNLSKKILSRDVD	ENST00000357742.10	1	DRB1*04:05	3	None	0	930.400	909.950	39.000	39.000	0.138	0.000	0.000	0.000	0.203	NoExpr	False	Pending
chr6-29374537-29374538-G-C	5		6	10	OR12D3	F250L	1	LLYGPVGFTYIRPAS	ENST00000396806.3	NA	DRB1*04:05	2	None	19	1034.195	906.165	44.000	39.000	0.006	0.000	0.000	0.000	0.398	NoExpr	False	Pending
chr15-84036950-84036951-A-T					ADAMTSL3	I1645F	0	FSWRHCLGPSCDSTY	ENST00000567476.1	1	DRB1*04:05	1	6,11	0	1067.500	1063.800	48.000	48.000	2.043	0.000	0.000	0.000	0.366	NoExpr	False	Pending
chr1-160876800-160876801-C-T			7	1	ITLN1	G269R	1	IGGRGYFPEASPQQ	ENST00000326245.4	1	DQA1*03:03	4	None	8	1177.260	1926.770	5.480	9.990	0.000	0.000	0.000	0.000	0.250	NoExpr	False	Pending
chr2-160107761-160107762-T-A	20			45	ITGB6	I729F	5	FWKLLVSFHDRKEV	ENST00000283249.7	1	DQA1*03:03	1	None	62	1351.710	1543.510	6.530	7.710	0.093	0.000	0.000	0.000	0.225	NoExpr	False	Pending
chr1-16006133-16006134-G-T			8		SRARP	G100W	1	WPHLTRVTPMGWG	ENST00000329454.2	1	DRB1*04:05	12	None	8	1492.220	3575.690	32.000	36.000	0.082	0.000	0.000	0.000	1.000	NoExpr	False	Pending
chr17-41771694-41771736-GTGTACTGGCGCCCGCAGGCCTCATCCTCCTCCATGATGCCCT-G			4		JUP	KGIMEEDEACGRQYT40-54T	9	STLKKTTTYTQGVPP	ENST00000310706.9	1	DRB1*04:05	1-2	None	4	1818.895	1228.275	33.280	29.000	7.210	0.000	0.000	5.000	0.224	NoExpr	False	Pending
chr1-66834005-66834006-C-G					DNAI4	G626R	0	ADGRISKWVIRKRLD	ENST00000371026.8	1	DRB1*04:05	13	None	0	2475.840	2734.175	62.000	55.000	7.011	0.000	0.000	0.000	0.605	NoExpr	False	Pending
chr6-32223881-32223881-T-TAGCAGC	17				NOTCH4	L16LLL	1	SLLLLLLLLLLLL	ENST00000375023.3	1	DQA1*03:03	13	None	17	3562.030	627.210	18.970	2.260	1.260	0.000	0.000	0.000	0.187	NoExpr	True	Pending
chr7-151181249-151181250-C-T			3		ASB10	D265N	3	QSITNAEATTAR	ENST00000420175.3	1	DQA1*03:03-DQB1*03:02	5	None	3	4004.025	4066.205	19.120	25.620	0.000	0.000	0.000	0.000	0.153	NoExpr	False	Pending
chr3-44242057-44242058-G-A					TOPAZ1	R2Q	0	MQRPPPLGPTTASGPE	ENST00000309765.4	5	DQA1*03:03	2	None	0	7955.960	10300.670	37.860	46.020	0.005	0.000	0.000	0.000	0.307	NoExpr	False	Pending
chr9-138120681-138120682-G-A					CACNA1B	G2097D	0	APSSAVGPGLPPGEGPTD	ENST00000371372.6	5	DQB1*03:02	18	None	0	10862.570	7959.080	47.660	42.430	0.154	0.000	0.000	0.000	0.276	NoExpr	False	Pending
