ID	A*01:01	A*24:03	B*08:01	B*27:05	C*01:02	C*07:01	Gene	AA Change	Num Passing Transcripts	Best Peptide	Best Transcript	TSL	Allele	Pos	Prob Pos	Num Passing Peptides	IC50 MT	IC50 WT	%ile MT	%ile WT	RNA Expr	RNA VAF	Allele Expr	RNA Depth	DNA VAF	Tier	Evaluation
chr14-101980528-101980529-G-A	6	7	9	19	7	14	DYNC1H1	V314I	1	RFHATISF	ENST00000360184.9	1	HLA-A*24:03	6	None	28	3.460	1.93	0.070	0.07	424.588	0.409	173.656	403	0.324	Pass	Pending
chr1-23362761-23362762-G-C	4	6	10	15	7	14	ZNF436	S207C	2	SFGRSCHLI	ENST00000314011.8	1	HLA-A*24:03	6	6	28	3.380	4.15	0.280	0.36	10.286	0.625	6.429	16	0.647	Pass	Pending
chr17-51154442-51154443-G-A	5	4	2	9	7	13	NME1	G24R	5	TRTMANCER	ENST00000336097.7	1	HLA-C*07:01	2	7	21	23.778	619.684	1.100	23.0	64.129	0.600	38.477	20	0.232	Pass	Pending
chr2-171813469-171813470-A-G	7	5	7	4	10	9	SLC25A12	I347T	1	VYPTDLVKT	ENST00000422440.6	1	HLA-A*24:03	4	None	25	24.920	26.887	0.640	0.83	113.660	0.386	43.873	114	0.346	Pass	Pending
chr2-209694769-209694770-T-G	11	3	7	20	2	12	MAP2	L863R	2	KTDSQLEDRGY	ENST00000447185.5	1	HLA-A*01:01	9	None	31	35.400	30.486	0.009	0.003	28.438	0.579	16.466	19	0.417	Pass	Pending
chr2-209694768-209694769-C-A	11	3	7	20	2	12	MAP2	L863M	2	KTDSQLEDRGY	ENST00000447185.5	1	HLA-A*01:01	9	None	31	35.400	30.486	0.009	0.003	28.438	0.556	15.812	18	0.413	Pass	Pending
chr3-15645182-15645183-T-G	7	5	4	7	9	7	BTD	F423V	7	LYALGVVDGL	ENST00000303498.10	1	HLA-A*24:03	7	None	20	19.310	12.73	0.570	0.32	9.334	0.235	2.193	34	0.283	Pass	Pending
chr17-5007292-5007293-G-A	7	2	6	15	1	8	KIF1C	E456K	1	NKTWEEKLR	ENST00000320785.9	1	HLA-C*07:01	2	None	26	434.180	2435.959	16.469	10.998	95.833	0.346	33.158	127	0.263	Pass	Pending
chr18-45925850-45925851-C-T	5	12	7	5	14	11	EPG5	A869T	2	LWQPSTSEI	ENST00000282041.10	1	HLA-A*24:03	6	None	26	2.100	2.98	0.070	0.13	51.135	0.120	6.136	133	0.055	Subclonal	Pending
chr8-99861922-99861923-C-T	5	5	16	31	23	17	VPS13B	S3756F	2	FRLGISLLG	ENST00000358544.6	1	HLA-C*07:01	1	None	37	16.564	39.19	0.790	3.2	112.106	0.059	6.614	17	0.162	Subclonal	Pending
chr6-43186383-43186384-G-T	12	9	8	16	12	15	CUL9	D394Y	2	RMLDYYEEI	ENST00000372647.6	1	HLA-A*24:03	5	None	34	9.820	36.62	0.308	0.577	28.192	0.069	1.945	29	0.069	Subclonal	Pending
chr7-98241127-98241128-TG-T	20	20	50	76	50	66	TECPR1	FS258	1	SRWESAWSGL	ENST00000447648.6	1	HLA-B*27:05	0-11	None	172	11.570	NA	0.020	NA	27.348	0.103	2.817	29	0.159	Subclonal	Pending
chr7-133274995-133274996-G-T	7	2	5	23	5	13	EXOC4	S34I	2	IRTLSTIDD	ENST00000253861.4	1	HLA-C*07:01	7	None	29	77.298	77.834	3.600	3.0	156.688	0.212	33.218	278	0.168	Subclonal	Pending
chr5-138391528-138391529-C-T	6	5	5	11	11	9	KDM3B	P633S	1	SREESSNPF	ENST00000314358.9	1	HLA-C*07:01	5	None	20	99.086	65.872	0.310	0.11	94.380	0.227	21.424	132	0.185	Subclonal	Pending
chr15-71994487-71994488-T-A	3	2	11	13	9	9	MYO9A	D523V	5	VLEHNTKTL	ENST00000356056.9	1	HLA-C*01:02	1	None	26	64.507	310.303	0.230	1.6	184.189	0.025	4.605	80	0.051	Subclonal	Pending
chr1-2374507-2374508-C-T	15	11	8	7	12	17	MORN1	C196Y	2	HYSGVTYYGL	ENST00000378529.7	1	HLA-A*24:03	2	None	30	2.370	21722.73	0.090	8.8	3.121	0.000	0.000	3	0.100	NoExpr	Pending
chr22-39663731-39663732-G-T	1	15	19	24	6	15	CACNA1I	C1163F	4	RFRVLFQTI	ENST00000402142.3	1	HLA-A*24:03	6	None	35	2.950	5.76	0.110	0.38	0.043	0.000	0.000	0	0.075	NoExpr	Pending
chr9-133652278-133652279-C-T	5	6	10	6	11	10	DBH	H457Y	1	VYPGDVLI	ENST00000393056.7	1	HLA-A*24:03	2	None	22	3.060	19513.88	0.130	5.7	0.000	0.000	0.000	0	0.299	NoExpr	Pending
chr2-209694772-209694800-GGCTACTGTGTGTTCAATAAGTACACAGT-G	23	30	46	54	28	49	MAP2	FS864-873	2	IYQGRVVPF	ENST00000447185.5	1	HLA-A*24:03	0-10	None	112	3.140	NA	0.010	NA	28.438	0.000	0.000	8	0.428	NoExpr	Pending
chrX-49249246-49249247-T-G	9	7	3	11	5	11	CCDC22	D540E	1	TFAVTEEL	ENST00000376227.3	1	HLA-A*24:03	6	None	24	7.470	86.51	0.560	1.36	9.762	0.000	0.000	121	0.170	NoExpr	Pending
chr6-27249106-27249107-C-A	1	7	7	12	3	10	PRSS16	P82Q	1	SFLQAIQQPW	ENST00000468930.5	4	HLA-A*24:03	7	None	24	10.070	9.75	0.260	0.24	0.453	0.000	0.000	0	0.079	NoExpr	Pending
chr17-75589953-75589954-GC-G	11	9	31	53	24	40	MYO15B	FS633	5	RRAQAPTRVL	ENST00000610510.4	5	HLA-B*27:05	0-11	None	103	20.383	NA	0.070	NA	63.254	0.000	0.000	5	0.054	NoExpr	Pending
chr19-9213945-9213946-T-C	3		9	19	7	13	OR7D4	K298E	3	SLRNKDVE	ENST00000308682.3	NA	HLA-B*08:01	8	None	29	25.824	67.302	0.300	0.7	0.061	0.000	0.000	0	0.087	NoExpr	Pending
chr3-150972569-150972570-C-T	4	3	8	11	10	6	CLRN1	V47I	3	LINASGQEL	ENST00000328863.8	1	HLA-C*01:02	2	None	22	43.366	46.729	0.085	0.104	0.000	0.000	0.000	0	0.059	NoExpr	Pending
chr16-26136141-26136142-C-A	7	2	7	22	7	16	HS3ST4	P422Q	1	GRTHPRIDQ	ENST00000331351.5	1	HLA-C*07:01	9	None	31	45.517	45.517	2.301	2.3	0.043	0.000	0.000	0	0.068	NoExpr	Pending
chr1-155033676-155033677-C-A	3	2	10	5	7	10	DCST2	V9L	2	VMKDVLHPL	ENST00000368424.3	1	HLA-C*01:02	6	None	21	50.371	39.924	0.127	0.06	0.602	0.000	0.000	0	0.144	NoExpr	Pending
chr6-46856757-46856758-T-C	5	5	13	11	8	8	ADGRF5	N1279S	2	SKFSLSRWS	ENST00000265417.7	1	HLA-C*07:01	1	None	25	56.062	42.921	2.900	2.2	28.684	0.000	0.000	16	0.068	NoExpr	Pending
chr7-27199437-27199438-C-T	10	8	3	10	14	10	HOXA13	A214T	2	KYMDTTGPAA	ENST00000222753.5	1	HLA-A*24:03	6	None	29	75.290	98.97	0.800	0.9	0.000	0.000	0.000	0	0.119	NoExpr	Pending
chr1-152812485-152812486-C-T	1	3	2	13	4	6	LCE1B	P14S	1	QPPSKCIP	ENST00000360090.3	NA	HLA-B*08:01	4	6	19	77.988	200.461	0.800	1.9	0.000	0.000	0.000	0	0.161	NoExpr	Pending
chr17-75589954-75589955-C-A	8		3	4	4	6	MYO15B	P633H	5	NDEHPVRWA	ENST00000610510.4	5	HLA-C*07:01	4	None	16	89.985	69.21	4.500	3.5	63.254	0.000	0.000	5	0.057	NoExpr	Pending
chr8-10611723-10611724-G-C	1		2	15	7	10	RP1L1	L792V	1	SVGEEARDT	ENST00000382483.3	1	HLA-C*07:01	2	None	22	95.867	233.706	4.801	12.0	0.296	0.000	0.000	0	0.221	NoExpr	Pending
chr2-216432769-216432770-G-C	9		16	19	9	11	SMARCAL1	G463R	4	MGLRKTIQAI	ENST00000358207.9	1	HLA-B*08:01	4	None	33	106.440	915.29	0.250	1.9	14.177	0.000	0.000	9	0.061	NoExpr	Pending
chr15-96332298-96332299-G-T	3		6	28	7	11	NR2F2	G65V	1	AGGQGGPGVPG	ENST00000394166.7	1	HLA-B*27:05	9	None	33	134.925	115.536	0.652	0.558	38.598	0.000	0.000	10	0.193	NoExpr	Pending
chrX-66032554-66032555-T-C	9	3	9	5	9	7	VSIG4	I203V	3	TLLFKPAVV	ENST00000374737.8	1	HLA-B*08:01	9	None	22	140.152	91.96	0.220	0.22	80.825	0.000	0.000	356	0.199	NoExpr	Pending
chr12-52951766-52951767-G-T	4		2	5	4	8	KRT18	A287S	3	VVTTQSSEV	ENST00000388835.3	1	HLA-C*07:01	7	None	16	243.316	404.734	1.900	3.4	4.583	0.000	0.000	13	0.076	NoExpr	Pending
chr6-26055824-26055839-ACCTTGGGCTTAGCGG-A			6	9	3	3	HIST1H1C	AAKPKV197-202V	1	AAKAVKPKVV	ENST00000343677.3	NA	HLA-B*08:01	8-9	None	15	256.270	175.57	0.890	0.67	814.738	0.000	0.000	360	0.079	NoExpr	Pending
chr9-133057893-133057905-GGAGGAGGAGGAA-G	2			11		5	GTF3C5	EEEE499-502-	4	EEDEEEEED	ENST00000372108.9	1	HLA-C*07:01	8-9	None	11	567.767	567.767	11.641	7.643	26.206	0.000	0.000	47	0.225	NoExpr	Pending
chr21-44573942-44573943-G-T	2	2	5	5	11	8	KRTAP10-4	R67L	3	TPVSLVSS	ENST00000622352.3	5	HLA-A*01:01	5	None	13	5446.970	5446.19	54.000	54.0	0.000	0.000	0.000	0	0.215	NoExpr	Pending
