junction_chrom	junction_start	junction_stop	name	score	strand	splice_site	acceptors_skipped	exons_skipped	donors_skipped	anchor	known_donor	known_acceptor	known_junction	transcript_id	variant_info	feature	cds_chrom	cds_start	cds_stop	transcript_biotype	transcript_version	transcript_support_level	gene_name	gene_id	chromosome_name	start	stop	reference	variant	transcript_name	biotype	amino_acid_change	codon_change	hgvsc	hgvsp	variant_type	protein_position	transcript_expression	gene_expression	normal_depth	normal_vaf	tdna_depth	tdna_vaf	trna_depth	trna_vaf	variant_start	variant_stop	variant_category	index	wt_protein_length	alt_protein_length	frameshift_event
chr1	93221936	93232426	JUNC00000006	181	1	GC-AG	2	2	2	NDA	1	1	0	ENST00000343253	chr1:93226448-93226449	transcript	1	93179919	93278477	protein_coding	11	5	CCDC18	ENSG00000122483	chr1	93226448	93226449	G	A	ENST00000343253.11	protein_coding	E	gaG/gaA	ENST00000343253.11:c.2289G>A	ENSP00000343377.7:p.Glu763=	splice_region_variant&synonymous_variant	763	1.03264	18.7501185934482	112	0.0	148	0.62838	20.0	0.3	93226448	93226449	SNV	CCDC18.ENST00000343253.JUNC00000006.chr1:93226448-93226449.NDA	1454	1415	no
chr1	93226449	93232441	JUNC00000011	14	1	GT-AG	1	0	0	D	1	0	0	ENST00000343253	chr1:93226448-93226449	transcript	1	93179919	93278477	protein_coding	11	5	CCDC18	ENSG00000122483	chr1	93226448	93226449	G	A	ENST00000343253.11	protein_coding	E	gaG/gaA	ENST00000343253.11:c.2289G>A	ENSP00000343377.7:p.Glu763=	splice_region_variant&synonymous_variant	763	1.03264	18.7501185934482	112	0.0	148	0.62838	20.0	0.3	93226448	93226449	SNV	CCDC18.ENST00000343253.JUNC00000011.chr1:93226448-93226449.D	1454	1449	no
chr1	93221936	93232426	JUNC00000006	181	1	GC-AG	2	2	2	NDA	1	1	0	ENST00000370276	chr1:93226448-93226449	transcript	1	93180724	93278730	protein_coding	6	5	CCDC18	ENSG00000122483	chr1	93226448	93226449	G	A	ENST00000370276.6	protein_coding	E	gaG/gaA	ENST00000370276.6:c.2289G>A	ENSP00000359299.2:p.Glu763=	splice_region_variant&synonymous_variant	763	0.0	18.7501185934482	112	0.0	148	0.62838	20.0	0.3	93226448	93226449	SNV	CCDC18.ENST00000370276.JUNC00000006.chr1:93226448-93226449.NDA	1454	1415	no
chr1	93226449	93232441	JUNC00000011	14	1	GT-AG	1	0	0	D	1	0	0	ENST00000370276	chr1:93226448-93226449	transcript	1	93180724	93278730	protein_coding	6	5	CCDC18	ENSG00000122483	chr1	93226448	93226449	G	A	ENST00000370276.6	protein_coding	E	gaG/gaA	ENST00000370276.6:c.2289G>A	ENSP00000359299.2:p.Glu763=	splice_region_variant&synonymous_variant	763	0.0	18.7501185934482	112	0.0	148	0.62838	20.0	0.3	93226448	93226449	SNV	CCDC18.ENST00000370276.JUNC00000011.chr1:93226448-93226449.D	1454	1449	no
chr1	93221936	93232426	JUNC00000006	181	1	GC-AG	2	2	2	NDA	1	1	0	ENST00000401026	chr1:93226448-93226449	transcript	1	93180363	93278607	protein_coding	7	1	CCDC18	ENSG00000122483	chr1	93226448	93226449	G	A	ENST00000401026.7	protein_coding	E	gaG/gaA	ENST00000401026.7:c.2292G>A	ENSP00000383808.3:p.Glu764=	splice_region_variant&synonymous_variant	764	2.22531	18.7501185934482	112	0.0	148	0.62838	20.0	0.3	93226448	93226449	SNV	CCDC18.ENST00000401026.JUNC00000006.chr1:93226448-93226449.NDA	1299	1260	no
chr1	93226449	93232441	JUNC00000011	14	1	GT-AG	1	0	0	D	1	0	0	ENST00000401026	chr1:93226448-93226449	transcript	1	93180363	93278607	protein_coding	7	1	CCDC18	ENSG00000122483	chr1	93226448	93226449	G	A	ENST00000401026.7	protein_coding	E	gaG/gaA	ENST00000401026.7:c.2292G>A	ENSP00000383808.3:p.Glu764=	splice_region_variant&synonymous_variant	764	2.22531	18.7501185934482	112	0.0	148	0.62838	20.0	0.3	93226448	93226449	SNV	CCDC18.ENST00000401026.JUNC00000011.chr1:93226448-93226449.D	1299	1294	no
chr1	93221936	93232426	JUNC00000006	181	1	GC-AG	2	2	2	NDA	1	1	0	ENST00000690025	chr1:93226448-93226449	transcript	1	93180724	93278730	protein_coding	1	NA	CCDC18	ENSG00000122483	chr1	93226448	93226449	G	A	ENST00000690025.1	protein_coding	E	gaG/gaA	ENST00000690025.1:c.2292G>A	ENSP00000510597.1:p.Glu764=	splice_region_variant&synonymous_variant	764	2.64624	18.7501185934482	112	0.0	148	0.62838	20.0	0.3	93226448	93226449	SNV	CCDC18.ENST00000690025.JUNC00000006.chr1:93226448-93226449.NDA	1455	1416	no
chr1	93226449	93232441	JUNC00000011	14	1	GT-AG	1	0	0	D	1	0	0	ENST00000690025	chr1:93226448-93226449	transcript	1	93180724	93278730	protein_coding	1	NA	CCDC18	ENSG00000122483	chr1	93226448	93226449	G	A	ENST00000690025.1	protein_coding	E	gaG/gaA	ENST00000690025.1:c.2292G>A	ENSP00000510597.1:p.Glu764=	splice_region_variant&synonymous_variant	764	2.64624	18.7501185934482	112	0.0	148	0.62838	20.0	0.3	93226448	93226449	SNV	CCDC18.ENST00000690025.JUNC00000011.chr1:93226448-93226449.D	1455	1450	no
chr1	168179181	168183411	JUNC00000025	29	1	GT-AG	0	0	0	D	1	0	0	ENST00000367830	chr1:168179177-168179178	transcript	1	168179055	168192395	protein_coding	3	1	TIPRL	ENSG00000143155	chr1	168179177	168179178	A	T	ENST00000367830.3	protein_coding	E/V	gAg/gTg	ENST00000367830.3:c.101A>T	ENSP00000356804.3:p.Glu34Val	missense_variant	34	20.2887	55.7462504096449	153	0.0	176	0.27273	927.0	0.33225	168179177	168179178	SNV	TIPRL.ENST00000367830.JUNC00000025.chr1:168179177-168179178.D	178	44	yes
chr1	168179181	168183907	JUNC00000027	73	1	GT-AG	1	0	0	D	1	0	0	ENST00000367830	chr1:168179177-168179178	transcript	1	168179055	168192395	protein_coding	3	1	TIPRL	ENSG00000143155	chr1	168179177	168179178	A	T	ENST00000367830.3	protein_coding	E/V	gAg/gTg	ENST00000367830.3:c.101A>T	ENSP00000356804.3:p.Glu34Val	missense_variant	34	20.2887	55.7462504096449	153	0.0	176	0.27273	927.0	0.33225	168179177	168179178	SNV	TIPRL.ENST00000367830.JUNC00000027.chr1:168179177-168179178.D	178	36	yes
chr1	168179181	168183952	JUNC00000028	12	1	GT-AG	1	0	0	D	1	0	0	ENST00000367830	chr1:168179177-168179178	transcript	1	168179055	168192395	protein_coding	3	1	TIPRL	ENSG00000143155	chr1	168179177	168179178	A	T	ENST00000367830.3	protein_coding	E/V	gAg/gTg	ENST00000367830.3:c.101A>T	ENSP00000356804.3:p.Glu34Val	missense_variant	34	20.2887	55.7462504096449	153	0.0	176	0.27273	927.0	0.33225	168179177	168179178	SNV	TIPRL.ENST00000367830.JUNC00000028.chr1:168179177-168179178.D	178	48	yes
chr1	168179181	168183411	JUNC00000025	29	1	GT-AG	0	0	0	D	1	0	0	ENST00000367833	chr1:168179177-168179178	transcript	1	168178962	168202109	protein_coding	7	1	TIPRL	ENSG00000143155	chr1	168179177	168179178	A	T	ENST00000367833.7	protein_coding	E/V	gAg/gTg	ENST00000367833.7:c.101A>T	ENSP00000356807.2:p.Glu34Val	missense_variant	34	35.4576	55.7462504096449	153	0.0	176	0.27273	927.0	0.33225	168179177	168179178	SNV	TIPRL.ENST00000367833.JUNC00000025.chr1:168179177-168179178.D	272	44	yes
chr1	168179181	168183907	JUNC00000027	73	1	GT-AG	1	0	0	D	1	0	0	ENST00000367833	chr1:168179177-168179178	transcript	1	168178962	168202109	protein_coding	7	1	TIPRL	ENSG00000143155	chr1	168179177	168179178	A	T	ENST00000367833.7	protein_coding	E/V	gAg/gTg	ENST00000367833.7:c.101A>T	ENSP00000356807.2:p.Glu34Val	missense_variant	34	35.4576	55.7462504096449	153	0.0	176	0.27273	927.0	0.33225	168179177	168179178	SNV	TIPRL.ENST00000367833.JUNC00000027.chr1:168179177-168179178.D	272	36	yes
chr1	168179181	168183952	JUNC00000028	12	1	GT-AG	1	0	0	D	1	0	0	ENST00000367833	chr1:168179177-168179178	transcript	1	168178962	168202109	protein_coding	7	1	TIPRL	ENSG00000143155	chr1	168179177	168179178	A	T	ENST00000367833.7	protein_coding	E/V	gAg/gTg	ENST00000367833.7:c.101A>T	ENSP00000356807.2:p.Glu34Val	missense_variant	34	35.4576	55.7462504096449	153	0.0	176	0.27273	927.0	0.33225	168179177	168179178	SNV	TIPRL.ENST00000367833.JUNC00000028.chr1:168179177-168179178.D	272	48	yes
chr12	21647016	21654575	JUNC00000043	2017	-1	GT-AG	1	0	2	A	0	1	0	ENST00000350669	chr12:21654541-21654542	transcript	12	21635342	21657842	protein_coding	5	1	LDHB	ENSG00000111716	chr12	21654541	21654542	C	A	ENST00000350669.5	protein_coding	NA	NA	ENST00000350669.5:c.129+1G>T	NA	splice_donor_variant	NA	95.3746	203.702453434818	120	0.00833	254	0.77953	118.0	0.88136	21654541	21654542	SNV	LDHB.ENST00000350669.JUNC00000043.chr12:21654541-21654542.A	334	35	yes
chr12	21647016	21654579	JUNC00000044	393	-1	GT-AG	1	0	2	A	0	1	0	ENST00000350669	chr12:21654541-21654542	transcript	12	21635342	21657842	protein_coding	5	1	LDHB	ENSG00000111716	chr12	21654541	21654542	C	A	ENST00000350669.5	protein_coding	NA	NA	ENST00000350669.5:c.129+1G>T	NA	splice_donor_variant	NA	95.3746	203.702453434818	120	0.00833	254	0.77953	118.0	0.88136	21654541	21654542	SNV	LDHB.ENST00000350669.JUNC00000044.chr12:21654541-21654542.A	334	322	no
chr12	21647016	21654594	JUNC00000045	254	-1	GT-AG	1	0	2	A	0	1	0	ENST00000350669	chr12:21654541-21654542	transcript	12	21635342	21657842	protein_coding	5	1	LDHB	ENSG00000111716	chr12	21654541	21654542	C	A	ENST00000350669.5	protein_coding	NA	NA	ENST00000350669.5:c.129+1G>T	NA	splice_donor_variant	NA	95.3746	203.702453434818	120	0.00833	254	0.77953	118.0	0.88136	21654541	21654542	SNV	LDHB.ENST00000350669.JUNC00000045.chr12:21654541-21654542.A	334	317	no
chr12	21647016	21654624	JUNC00000046	22	-1	GC-AG	1	0	2	A	0	1	0	ENST00000350669	chr12:21654541-21654542	transcript	12	21635342	21657842	protein_coding	5	1	LDHB	ENSG00000111716	chr12	21654541	21654542	C	A	ENST00000350669.5	protein_coding	NA	NA	ENST00000350669.5:c.129+1G>T	NA	splice_donor_variant	NA	95.3746	203.702453434818	120	0.00833	254	0.77953	118.0	0.88136	21654541	21654542	SNV	LDHB.ENST00000350669.JUNC00000046.chr12:21654541-21654542.A	334	307	no
chr12	21653996	21654543	JUNC00000053	76	-1	GT-AG	0	0	1	D	1	0	0	ENST00000350669	chr12:21654541-21654542	transcript	12	21635342	21657842	protein_coding	5	1	LDHB	ENSG00000111716	chr12	21654541	21654542	C	A	ENST00000350669.5	protein_coding	NA	NA	ENST00000350669.5:c.129+1G>T	NA	splice_donor_variant	NA	95.3746	203.702453434818	120	0.00833	254	0.77953	118.0	0.88136	21654541	21654542	SNV	LDHB.ENST00000350669.JUNC00000053.chr12:21654541-21654542.D	334	57	yes
chr12	21647016	21654575	JUNC00000043	2017	-1	GT-AG	1	0	2	A	0	1	0	ENST00000396075	chr12:21654541-21654542	transcript	12	21638368	21657362	protein_coding	5	3	LDHB	ENSG00000111716	chr12	21654541	21654542	C	A	ENST00000396075.5	protein_coding	NA	NA	ENST00000396075.5:c.129+1G>T	NA	splice_donor_variant	NA	2.82219	203.702453434818	120	0.00833	254	0.77953	118.0	0.88136	21654541	21654542	SNV	LDHB.ENST00000396075.JUNC00000043.chr12:21654541-21654542.A	233	35	no
chr12	21647016	21654579	JUNC00000044	393	-1	GT-AG	1	0	2	A	0	1	0	ENST00000396075	chr12:21654541-21654542	transcript	12	21638368	21657362	protein_coding	5	3	LDHB	ENSG00000111716	chr12	21654541	21654542	C	A	ENST00000396075.5	protein_coding	NA	NA	ENST00000396075.5:c.129+1G>T	NA	splice_donor_variant	NA	2.82219	203.702453434818	120	0.00833	254	0.77953	118.0	0.88136	21654541	21654542	SNV	LDHB.ENST00000396075.JUNC00000044.chr12:21654541-21654542.A	233	221	yes
chr12	21647016	21654594	JUNC00000045	254	-1	GT-AG	1	0	2	A	0	1	0	ENST00000396075	chr12:21654541-21654542	transcript	12	21638368	21657362	protein_coding	5	3	LDHB	ENSG00000111716	chr12	21654541	21654542	C	A	ENST00000396075.5	protein_coding	NA	NA	ENST00000396075.5:c.129+1G>T	NA	splice_donor_variant	NA	2.82219	203.702453434818	120	0.00833	254	0.77953	118.0	0.88136	21654541	21654542	SNV	LDHB.ENST00000396075.JUNC00000045.chr12:21654541-21654542.A	233	216	yes
chr12	21647016	21654624	JUNC00000046	22	-1	GC-AG	1	0	2	A	0	1	0	ENST00000396075	chr12:21654541-21654542	transcript	12	21638368	21657362	protein_coding	5	3	LDHB	ENSG00000111716	chr12	21654541	21654542	C	A	ENST00000396075.5	protein_coding	NA	NA	ENST00000396075.5:c.129+1G>T	NA	splice_donor_variant	NA	2.82219	203.702453434818	120	0.00833	254	0.77953	118.0	0.88136	21654541	21654542	SNV	LDHB.ENST00000396075.JUNC00000046.chr12:21654541-21654542.A	233	206	yes
chr12	21653996	21654543	JUNC00000053	76	-1	GT-AG	0	0	1	D	1	0	0	ENST00000396075	chr12:21654541-21654542	transcript	12	21638368	21657362	protein_coding	5	3	LDHB	ENSG00000111716	chr12	21654541	21654542	C	A	ENST00000396075.5	protein_coding	NA	NA	ENST00000396075.5:c.129+1G>T	NA	splice_donor_variant	NA	2.82219	203.702453434818	120	0.00833	254	0.77953	118.0	0.88136	21654541	21654542	SNV	LDHB.ENST00000396075.JUNC00000053.chr12:21654541-21654542.D	233	57	yes
chr12	21647016	21654575	JUNC00000043	2017	-1	GT-AG	1	0	2	A	0	1	0	ENST00000396076	chr12:21654541-21654542	transcript	12	21635342	21657794	protein_coding	5	5	LDHB	ENSG00000111716	chr12	21654541	21654542	C	A	ENST00000396076.5	protein_coding	NA	NA	ENST00000396076.5:c.129+1G>T	NA	splice_donor_variant	NA	1.83797	203.702453434818	120	0.00833	254	0.77953	118.0	0.88136	21654541	21654542	SNV	LDHB.ENST00000396076.JUNC00000043.chr12:21654541-21654542.A	334	35	yes
chr12	21647016	21654579	JUNC00000044	393	-1	GT-AG	1	0	2	A	0	1	0	ENST00000396076	chr12:21654541-21654542	transcript	12	21635342	21657794	protein_coding	5	5	LDHB	ENSG00000111716	chr12	21654541	21654542	C	A	ENST00000396076.5	protein_coding	NA	NA	ENST00000396076.5:c.129+1G>T	NA	splice_donor_variant	NA	1.83797	203.702453434818	120	0.00833	254	0.77953	118.0	0.88136	21654541	21654542	SNV	LDHB.ENST00000396076.JUNC00000044.chr12:21654541-21654542.A	334	322	no
chr12	21647016	21654594	JUNC00000045	254	-1	GT-AG	1	0	2	A	0	1	0	ENST00000396076	chr12:21654541-21654542	transcript	12	21635342	21657794	protein_coding	5	5	LDHB	ENSG00000111716	chr12	21654541	21654542	C	A	ENST00000396076.5	protein_coding	NA	NA	ENST00000396076.5:c.129+1G>T	NA	splice_donor_variant	NA	1.83797	203.702453434818	120	0.00833	254	0.77953	118.0	0.88136	21654541	21654542	SNV	LDHB.ENST00000396076.JUNC00000045.chr12:21654541-21654542.A	334	317	no
chr12	21647016	21654624	JUNC00000046	22	-1	GC-AG	1	0	2	A	0	1	0	ENST00000396076	chr12:21654541-21654542	transcript	12	21635342	21657794	protein_coding	5	5	LDHB	ENSG00000111716	chr12	21654541	21654542	C	A	ENST00000396076.5	protein_coding	NA	NA	ENST00000396076.5:c.129+1G>T	NA	splice_donor_variant	NA	1.83797	203.702453434818	120	0.00833	254	0.77953	118.0	0.88136	21654541	21654542	SNV	LDHB.ENST00000396076.JUNC00000046.chr12:21654541-21654542.A	334	307	no
chr12	21653996	21654543	JUNC00000053	76	-1	GT-AG	0	0	1	D	1	0	0	ENST00000396076	chr12:21654541-21654542	transcript	12	21635342	21657794	protein_coding	5	5	LDHB	ENSG00000111716	chr12	21654541	21654542	C	A	ENST00000396076.5	protein_coding	NA	NA	ENST00000396076.5:c.129+1G>T	NA	splice_donor_variant	NA	1.83797	203.702453434818	120	0.00833	254	0.77953	118.0	0.88136	21654541	21654542	SNV	LDHB.ENST00000396076.JUNC00000053.chr12:21654541-21654542.D	334	57	yes
chr12	21647016	21654575	JUNC00000043	2017	-1	GT-AG	1	0	2	A	0	1	0	ENST00000450584	chr12:21654541-21654542	transcript	12	21643946	21657839	protein_coding	5	3	LDHB	ENSG00000111716	chr12	21654541	21654542	C	A	ENST00000450584.5	protein_coding	NA	NA	ENST00000450584.5:c.129+1G>T	NA	splice_donor_variant	NA	2.38917	203.702453434818	120	0.00833	254	0.77953	118.0	0.88136	21654541	21654542	SNV	LDHB.ENST00000450584.JUNC00000043.chr12:21654541-21654542.A	137	35	no
chr12	21647016	21654579	JUNC00000044	393	-1	GT-AG	1	0	2	A	0	1	0	ENST00000450584	chr12:21654541-21654542	transcript	12	21643946	21657839	protein_coding	5	3	LDHB	ENSG00000111716	chr12	21654541	21654542	C	A	ENST00000450584.5	protein_coding	NA	NA	ENST00000450584.5:c.129+1G>T	NA	splice_donor_variant	NA	2.38917	203.702453434818	120	0.00833	254	0.77953	118.0	0.88136	21654541	21654542	SNV	LDHB.ENST00000450584.JUNC00000044.chr12:21654541-21654542.A	137	125	yes
chr12	21647016	21654594	JUNC00000045	254	-1	GT-AG	1	0	2	A	0	1	0	ENST00000450584	chr12:21654541-21654542	transcript	12	21643946	21657839	protein_coding	5	3	LDHB	ENSG00000111716	chr12	21654541	21654542	C	A	ENST00000450584.5	protein_coding	NA	NA	ENST00000450584.5:c.129+1G>T	NA	splice_donor_variant	NA	2.38917	203.702453434818	120	0.00833	254	0.77953	118.0	0.88136	21654541	21654542	SNV	LDHB.ENST00000450584.JUNC00000045.chr12:21654541-21654542.A	137	120	yes
chr12	21647016	21654624	JUNC00000046	22	-1	GC-AG	1	0	2	A	0	1	0	ENST00000450584	chr12:21654541-21654542	transcript	12	21643946	21657839	protein_coding	5	3	LDHB	ENSG00000111716	chr12	21654541	21654542	C	A	ENST00000450584.5	protein_coding	NA	NA	ENST00000450584.5:c.129+1G>T	NA	splice_donor_variant	NA	2.38917	203.702453434818	120	0.00833	254	0.77953	118.0	0.88136	21654541	21654542	SNV	LDHB.ENST00000450584.JUNC00000046.chr12:21654541-21654542.A	137	110	yes
chr12	21653996	21654543	JUNC00000053	76	-1	GT-AG	0	0	1	D	1	0	0	ENST00000450584	chr12:21654541-21654542	transcript	12	21643946	21657839	protein_coding	5	3	LDHB	ENSG00000111716	chr12	21654541	21654542	C	A	ENST00000450584.5	protein_coding	NA	NA	ENST00000450584.5:c.129+1G>T	NA	splice_donor_variant	NA	2.38917	203.702453434818	120	0.00833	254	0.77953	118.0	0.88136	21654541	21654542	SNV	LDHB.ENST00000450584.JUNC00000053.chr12:21654541-21654542.D	137	57	yes
chr12	21647016	21654575	JUNC00000043	2017	-1	GT-AG	1	0	2	A	0	1	0	ENST00000539782	chr12:21654541-21654542	transcript	12	21644050	21757857	protein_coding	1	3	LDHB	ENSG00000111716	chr12	21654541	21654542	C	A	ENST00000539782.1	protein_coding	NA	NA	ENST00000539782.1:c.129+1G>T	NA	splice_donor_variant	NA	1.7876599999999998	203.702453434818	120	0.00833	254	0.77953	118.0	0.88136	21654541	21654542	SNV	LDHB.ENST00000539782.JUNC00000043.chr12:21654541-21654542.A	102	35	yes
chr12	21647016	21654579	JUNC00000044	393	-1	GT-AG	1	0	2	A	0	1	0	ENST00000539782	chr12:21654541-21654542	transcript	12	21644050	21757857	protein_coding	1	3	LDHB	ENSG00000111716	chr12	21654541	21654542	C	A	ENST00000539782.1	protein_coding	NA	NA	ENST00000539782.1:c.129+1G>T	NA	splice_donor_variant	NA	1.7876599999999998	203.702453434818	120	0.00833	254	0.77953	118.0	0.88136	21654541	21654542	SNV	LDHB.ENST00000539782.JUNC00000044.chr12:21654541-21654542.A	102	90	no
chr12	21647016	21654594	JUNC00000045	254	-1	GT-AG	1	0	2	A	0	1	0	ENST00000539782	chr12:21654541-21654542	transcript	12	21644050	21757857	protein_coding	1	3	LDHB	ENSG00000111716	chr12	21654541	21654542	C	A	ENST00000539782.1	protein_coding	NA	NA	ENST00000539782.1:c.129+1G>T	NA	splice_donor_variant	NA	1.7876599999999998	203.702453434818	120	0.00833	254	0.77953	118.0	0.88136	21654541	21654542	SNV	LDHB.ENST00000539782.JUNC00000045.chr12:21654541-21654542.A	102	85	no
chr12	21647016	21654624	JUNC00000046	22	-1	GC-AG	1	0	2	A	0	1	0	ENST00000539782	chr12:21654541-21654542	transcript	12	21644050	21757857	protein_coding	1	3	LDHB	ENSG00000111716	chr12	21654541	21654542	C	A	ENST00000539782.1	protein_coding	NA	NA	ENST00000539782.1:c.129+1G>T	NA	splice_donor_variant	NA	1.7876599999999998	203.702453434818	120	0.00833	254	0.77953	118.0	0.88136	21654541	21654542	SNV	LDHB.ENST00000539782.JUNC00000046.chr12:21654541-21654542.A	102	75	no
chr12	21653996	21654543	JUNC00000053	76	-1	GT-AG	0	0	1	D	1	0	0	ENST00000539782	chr12:21654541-21654542	transcript	12	21644050	21757857	protein_coding	1	3	LDHB	ENSG00000111716	chr12	21654541	21654542	C	A	ENST00000539782.1	protein_coding	NA	NA	ENST00000539782.1:c.129+1G>T	NA	splice_donor_variant	NA	1.7876599999999998	203.702453434818	120	0.00833	254	0.77953	118.0	0.88136	21654541	21654542	SNV	LDHB.ENST00000539782.JUNC00000053.chr12:21654541-21654542.D	102	57	yes
chr12	21647016	21654575	JUNC00000043	2017	-1	GT-AG	1	0	2	A	0	1	0	ENST00000673047	chr12:21654541-21654542	transcript	12	21635342	21657842	protein_coding	2	NA	LDHB	ENSG00000111716	chr12	21654541	21654542	C	A	ENST00000673047.2	protein_coding	NA	NA	ENST00000673047.2:c.129+1G>T	NA	splice_donor_variant	NA	95.3746	203.702453434818	120	0.00833	254	0.77953	118.0	0.88136	21654541	21654542	SNV	LDHB.ENST00000673047.JUNC00000043.chr12:21654541-21654542.A	334	35	yes
chr12	21647016	21654579	JUNC00000044	393	-1	GT-AG	1	0	2	A	0	1	0	ENST00000673047	chr12:21654541-21654542	transcript	12	21635342	21657842	protein_coding	2	NA	LDHB	ENSG00000111716	chr12	21654541	21654542	C	A	ENST00000673047.2	protein_coding	NA	NA	ENST00000673047.2:c.129+1G>T	NA	splice_donor_variant	NA	95.3746	203.702453434818	120	0.00833	254	0.77953	118.0	0.88136	21654541	21654542	SNV	LDHB.ENST00000673047.JUNC00000044.chr12:21654541-21654542.A	334	322	no
chr12	21647016	21654594	JUNC00000045	254	-1	GT-AG	1	0	2	A	0	1	0	ENST00000673047	chr12:21654541-21654542	transcript	12	21635342	21657842	protein_coding	2	NA	LDHB	ENSG00000111716	chr12	21654541	21654542	C	A	ENST00000673047.2	protein_coding	NA	NA	ENST00000673047.2:c.129+1G>T	NA	splice_donor_variant	NA	95.3746	203.702453434818	120	0.00833	254	0.77953	118.0	0.88136	21654541	21654542	SNV	LDHB.ENST00000673047.JUNC00000045.chr12:21654541-21654542.A	334	317	no
chr12	21647016	21654624	JUNC00000046	22	-1	GC-AG	1	0	2	A	0	1	0	ENST00000673047	chr12:21654541-21654542	transcript	12	21635342	21657842	protein_coding	2	NA	LDHB	ENSG00000111716	chr12	21654541	21654542	C	A	ENST00000673047.2	protein_coding	NA	NA	ENST00000673047.2:c.129+1G>T	NA	splice_donor_variant	NA	95.3746	203.702453434818	120	0.00833	254	0.77953	118.0	0.88136	21654541	21654542	SNV	LDHB.ENST00000673047.JUNC00000046.chr12:21654541-21654542.A	334	307	no
chr12	21653996	21654543	JUNC00000053	76	-1	GT-AG	0	0	1	D	1	0	0	ENST00000673047	chr12:21654541-21654542	transcript	12	21635342	21657842	protein_coding	2	NA	LDHB	ENSG00000111716	chr12	21654541	21654542	C	A	ENST00000673047.2	protein_coding	NA	NA	ENST00000673047.2:c.129+1G>T	NA	splice_donor_variant	NA	95.3746	203.702453434818	120	0.00833	254	0.77953	118.0	0.88136	21654541	21654542	SNV	LDHB.ENST00000673047.JUNC00000053.chr12:21654541-21654542.D	334	57	yes
chr12	107744661	107746258	JUNC00000069	17	-1	GT-AG	1	0	0	A	0	1	0	ENST00000228437	chr12:107746273-107746274	transcript	12	107732871	107761137	protein_coding	10	2	PRDM4	ENSG00000110851	chr12	107746273	107746274	C	T	ENST00000228437.10	protein_coding	NA	NA	ENST00000228437.10:c.1276+1G>A	NA	splice_donor_variant	NA	8.676060000000001	13.5773201718439	72	0.01389	49	0.97959	71.0	1.0	107746273	107746274	SNV	PRDM4.ENST00000228437.JUNC00000069.chr12:107746273-107746274.A	801	447	yes
chr12	107744661	107751415	JUNC00000071	244	-1	GT-AG	2	1	1	NDA	1	1	0	ENST00000228437	chr12:107746273-107746274	transcript	12	107732871	107761137	protein_coding	10	2	PRDM4	ENSG00000110851	chr12	107746273	107746274	C	T	ENST00000228437.10	protein_coding	NA	NA	ENST00000228437.10:c.1276+1G>A	NA	splice_donor_variant	NA	8.676060000000001	13.5773201718439	72	0.01389	49	0.97959	71.0	1.0	107746273	107746274	SNV	PRDM4.ENST00000228437.JUNC00000071.chr12:107746273-107746274.NDA	801	751	no
chr16	1320283	1320448	JUNC00000100	99	1	GT-AG	1	0	0	D	1	0	0	ENST00000325437	chr16:1320436-1320437	transcript	16	1309153	1327018	protein_coding	9	3	UBE2I	ENSG00000103275	chr16	1320436	1320437	G	C	ENST00000325437.9	protein_coding	NA	NA	ENST00000325437.9:c.334-1G>C	NA	splice_acceptor_variant	NA	0.36921	58.7991190211104	88	0.0	113	0.60177	26.0	0.38462	1320436	1320437	SNV	UBE2I.ENST00000325437.JUNC00000100.chr16:1320436-1320437.D	158	116	yes
chr16	1320283	1324730	JUNC00000102	2810	1	GT-AG	1	1	1	NDA	1	1	0	ENST00000325437	chr16:1320436-1320437	transcript	16	1309153	1327018	protein_coding	9	3	UBE2I	ENSG00000103275	chr16	1320436	1320437	G	C	ENST00000325437.9	protein_coding	NA	NA	ENST00000325437.9:c.334-1G>C	NA	splice_acceptor_variant	NA	0.36921	58.7991190211104	88	0.0	113	0.60177	26.0	0.38462	1320436	1320437	SNV	UBE2I.ENST00000325437.JUNC00000102.chr16:1320436-1320437.NDA	158	132	yes
chr16	1320283	1320448	JUNC00000100	99	1	GT-AG	1	0	0	D	1	0	0	ENST00000355803	chr16:1320436-1320437	transcript	16	1308880	1327018	protein_coding	8	2	UBE2I	ENSG00000103275	chr16	1320436	1320437	G	C	ENST00000355803.8	protein_coding	NA	NA	ENST00000355803.8:c.334-1G>C	NA	splice_acceptor_variant	NA	0.249323	58.7991190211104	88	0.0	113	0.60177	26.0	0.38462	1320436	1320437	SNV	UBE2I.ENST00000355803.JUNC00000100.chr16:1320436-1320437.D	158	116	yes
chr16	1320283	1324730	JUNC00000102	2810	1	GT-AG	1	1	1	NDA	1	1	0	ENST00000355803	chr16:1320436-1320437	transcript	16	1308880	1327018	protein_coding	8	2	UBE2I	ENSG00000103275	chr16	1320436	1320437	G	C	ENST00000355803.8	protein_coding	NA	NA	ENST00000355803.8:c.334-1G>C	NA	splice_acceptor_variant	NA	0.249323	58.7991190211104	88	0.0	113	0.60177	26.0	0.38462	1320436	1320437	SNV	UBE2I.ENST00000355803.JUNC00000102.chr16:1320436-1320437.NDA	158	132	yes
chr16	1320283	1320448	JUNC00000100	99	1	GT-AG	1	0	0	D	1	0	0	ENST00000397514	chr16:1320436-1320437	transcript	16	1309636	1327017	protein_coding	8	1	UBE2I	ENSG00000103275	chr16	1320436	1320437	G	C	ENST00000397514.8	protein_coding	NA	NA	ENST00000397514.8:c.334-1G>C	NA	splice_acceptor_variant	NA	16.3187	58.7991190211104	88	0.0	113	0.60177	26.0	0.38462	1320436	1320437	SNV	UBE2I.ENST00000397514.JUNC00000100.chr16:1320436-1320437.D	158	116	yes
chr16	1320283	1324730	JUNC00000102	2810	1	GT-AG	1	1	1	NDA	1	1	0	ENST00000397514	chr16:1320436-1320437	transcript	16	1309636	1327017	protein_coding	8	1	UBE2I	ENSG00000103275	chr16	1320436	1320437	G	C	ENST00000397514.8	protein_coding	NA	NA	ENST00000397514.8:c.334-1G>C	NA	splice_acceptor_variant	NA	16.3187	58.7991190211104	88	0.0	113	0.60177	26.0	0.38462	1320436	1320437	SNV	UBE2I.ENST00000397514.JUNC00000102.chr16:1320436-1320437.NDA	158	132	yes
chr16	1320283	1320448	JUNC00000100	99	1	GT-AG	1	0	0	D	1	0	0	ENST00000397515	chr16:1320436-1320437	transcript	16	1309635	1327018	protein_coding	6	3	UBE2I	ENSG00000103275	chr16	1320436	1320437	G	C	ENST00000397515.6	protein_coding	NA	NA	ENST00000397515.6:c.334-1G>C	NA	splice_acceptor_variant	NA	0.426142	58.7991190211104	88	0.0	113	0.60177	26.0	0.38462	1320436	1320437	SNV	UBE2I.ENST00000397515.JUNC00000100.chr16:1320436-1320437.D	158	116	yes
chr16	1320283	1324730	JUNC00000102	2810	1	GT-AG	1	1	1	NDA	1	1	0	ENST00000397515	chr16:1320436-1320437	transcript	16	1309635	1327018	protein_coding	6	3	UBE2I	ENSG00000103275	chr16	1320436	1320437	G	C	ENST00000397515.6	protein_coding	NA	NA	ENST00000397515.6:c.334-1G>C	NA	splice_acceptor_variant	NA	0.426142	58.7991190211104	88	0.0	113	0.60177	26.0	0.38462	1320436	1320437	SNV	UBE2I.ENST00000397515.JUNC00000102.chr16:1320436-1320437.NDA	158	132	yes
chr16	1320283	1320448	JUNC00000100	99	1	GT-AG	1	0	0	D	1	0	0	ENST00000402301	chr16:1320436-1320437	transcript	16	1313995	1321776	protein_coding	5	1	UBE2I	ENSG00000103275	chr16	1320436	1320437	G	C	ENST00000402301.5	protein_coding	NA	NA	ENST00000402301.5:c.334-1G>C	NA	splice_acceptor_variant	NA	0.408732	58.7991190211104	88	0.0	113	0.60177	26.0	0.38462	1320436	1320437	SNV	UBE2I.ENST00000402301.JUNC00000100.chr16:1320436-1320437.D	184	116	yes
chr16	1320283	1320448	JUNC00000100	99	1	GT-AG	1	0	0	D	1	0	0	ENST00000403747	chr16:1320436-1320437	transcript	16	1309678	1325214	protein_coding	6	5	UBE2I	ENSG00000103275	chr16	1320436	1320437	G	C	ENST00000403747.6	protein_coding	NA	NA	ENST00000403747.6:c.334-1G>C	NA	splice_acceptor_variant	NA	29.9552	58.7991190211104	88	0.0	113	0.60177	26.0	0.38462	1320436	1320437	SNV	UBE2I.ENST00000403747.JUNC00000100.chr16:1320436-1320437.D	158	116	yes
chr16	1320283	1324730	JUNC00000102	2810	1	GT-AG	1	1	1	NDA	1	1	0	ENST00000403747	chr16:1320436-1320437	transcript	16	1309678	1325214	protein_coding	6	5	UBE2I	ENSG00000103275	chr16	1320436	1320437	G	C	ENST00000403747.6	protein_coding	NA	NA	ENST00000403747.6:c.334-1G>C	NA	splice_acceptor_variant	NA	29.9552	58.7991190211104	88	0.0	113	0.60177	26.0	0.38462	1320436	1320437	SNV	UBE2I.ENST00000403747.JUNC00000102.chr16:1320436-1320437.NDA	158	132	yes
chr16	1320283	1320448	JUNC00000100	99	1	GT-AG	1	0	0	D	1	0	0	ENST00000406620	chr16:1320436-1320437	transcript	16	1311871	1327017	protein_coding	6	2	UBE2I	ENSG00000103275	chr16	1320436	1320437	G	C	ENST00000406620.6	protein_coding	NA	NA	ENST00000406620.6:c.334-1G>C	NA	splice_acceptor_variant	NA	0.579381	58.7991190211104	88	0.0	113	0.60177	26.0	0.38462	1320436	1320437	SNV	UBE2I.ENST00000406620.JUNC00000100.chr16:1320436-1320437.D	158	116	yes
chr16	1320283	1324730	JUNC00000102	2810	1	GT-AG	1	1	1	NDA	1	1	0	ENST00000406620	chr16:1320436-1320437	transcript	16	1311871	1327017	protein_coding	6	2	UBE2I	ENSG00000103275	chr16	1320436	1320437	G	C	ENST00000406620.6	protein_coding	NA	NA	ENST00000406620.6:c.334-1G>C	NA	splice_acceptor_variant	NA	0.579381	58.7991190211104	88	0.0	113	0.60177	26.0	0.38462	1320436	1320437	SNV	UBE2I.ENST00000406620.JUNC00000102.chr16:1320436-1320437.NDA	158	132	yes
chr16	1320283	1320448	JUNC00000100	99	1	GT-AG	1	0	0	D	1	0	0	ENST00000562470	chr16:1320436-1320437	transcript	16	1312185	1327017	protein_coding	3	2	UBE2I	ENSG00000103275	chr16	1320436	1320437	G	C	ENST00000562470.3	protein_coding	NA	NA	ENST00000562470.3:c.334-1G>C	NA	splice_acceptor_variant	NA	0.54094	58.7991190211104	88	0.0	113	0.60177	26.0	0.38462	1320436	1320437	SNV	UBE2I.ENST00000562470.JUNC00000100.chr16:1320436-1320437.D	158	116	yes
chr16	1320283	1324730	JUNC00000102	2810	1	GT-AG	1	1	1	NDA	1	1	0	ENST00000562470	chr16:1320436-1320437	transcript	16	1312185	1327017	protein_coding	3	2	UBE2I	ENSG00000103275	chr16	1320436	1320437	G	C	ENST00000562470.3	protein_coding	NA	NA	ENST00000562470.3:c.334-1G>C	NA	splice_acceptor_variant	NA	0.54094	58.7991190211104	88	0.0	113	0.60177	26.0	0.38462	1320436	1320437	SNV	UBE2I.ENST00000562470.JUNC00000102.chr16:1320436-1320437.NDA	158	132	yes
chr16	1320283	1320448	JUNC00000100	99	1	GT-AG	1	0	0	D	1	0	0	ENST00000566587	chr16:1320436-1320437	transcript	16	1309803	1324952	protein_coding	5	2	UBE2I	ENSG00000103275	chr16	1320436	1320437	G	C	ENST00000566587.5	protein_coding	NA	NA	ENST00000566587.5:c.334-1G>C	NA	splice_acceptor_variant	NA	1.8871	58.7991190211104	88	0.0	113	0.60177	26.0	0.38462	1320436	1320437	SNV	UBE2I.ENST00000566587.JUNC00000100.chr16:1320436-1320437.D	158	116	yes
chr16	1320283	1324730	JUNC00000102	2810	1	GT-AG	1	1	1	NDA	1	1	0	ENST00000566587	chr16:1320436-1320437	transcript	16	1309803	1324952	protein_coding	5	2	UBE2I	ENSG00000103275	chr16	1320436	1320437	G	C	ENST00000566587.5	protein_coding	NA	NA	ENST00000566587.5:c.334-1G>C	NA	splice_acceptor_variant	NA	1.8871	58.7991190211104	88	0.0	113	0.60177	26.0	0.38462	1320436	1320437	SNV	UBE2I.ENST00000566587.JUNC00000102.chr16:1320436-1320437.NDA	158	132	yes
chr16	1320283	1320448	JUNC00000100	99	1	GT-AG	1	0	0	D	1	0	0	ENST00000567074	chr16:1320436-1320437	transcript	16	1313560	1326968	protein_coding	6	1	UBE2I	ENSG00000103275	chr16	1320436	1320437	G	C	ENST00000567074.6	protein_coding	NA	NA	ENST00000567074.6:c.334-1G>C	NA	splice_acceptor_variant	NA	0.0	58.7991190211104	88	0.0	113	0.60177	26.0	0.38462	1320436	1320437	SNV	UBE2I.ENST00000567074.JUNC00000100.chr16:1320436-1320437.D	158	116	yes
chr16	1320283	1324730	JUNC00000102	2810	1	GT-AG	1	1	1	NDA	1	1	0	ENST00000567074	chr16:1320436-1320437	transcript	16	1313560	1326968	protein_coding	6	1	UBE2I	ENSG00000103275	chr16	1320436	1320437	G	C	ENST00000567074.6	protein_coding	NA	NA	ENST00000567074.6:c.334-1G>C	NA	splice_acceptor_variant	NA	0.0	58.7991190211104	88	0.0	113	0.60177	26.0	0.38462	1320436	1320437	SNV	UBE2I.ENST00000567074.JUNC00000102.chr16:1320436-1320437.NDA	158	132	yes
chr16	1320283	1320448	JUNC00000100	99	1	GT-AG	1	0	0	D	1	0	0	ENST00000567383	chr16:1320436-1320437	transcript	16	1309656	1327017	protein_coding	6	4	UBE2I	ENSG00000103275	chr16	1320436	1320437	G	C	ENST00000567383.6	protein_coding	NA	NA	ENST00000567383.6:c.334-1G>C	NA	splice_acceptor_variant	NA	0.0	58.7991190211104	88	0.0	113	0.60177	26.0	0.38462	1320436	1320437	SNV	UBE2I.ENST00000567383.JUNC00000100.chr16:1320436-1320437.D	158	116	yes
chr16	1320283	1324730	JUNC00000102	2810	1	GT-AG	1	1	1	NDA	1	1	0	ENST00000567383	chr16:1320436-1320437	transcript	16	1309656	1327017	protein_coding	6	4	UBE2I	ENSG00000103275	chr16	1320436	1320437	G	C	ENST00000567383.6	protein_coding	NA	NA	ENST00000567383.6:c.334-1G>C	NA	splice_acceptor_variant	NA	0.0	58.7991190211104	88	0.0	113	0.60177	26.0	0.38462	1320436	1320437	SNV	UBE2I.ENST00000567383.JUNC00000102.chr16:1320436-1320437.NDA	158	132	yes
chr19	16355851	16361971	JUNC00000108	14	-1	GT-AG	1	0	6	A	0	1	0	ENST00000455140	chr19:16361781-16361782	transcript	19	16355247	16471970	protein_coding	7	2	EPS15L1	ENSG00000127527	chr19	16361781	16361782	G	A	ENST00000455140.7	protein_coding	T	acC/acT	ENST00000455140.7:c.2583C>T	ENSP00000393313.1:p.Thr861=	synonymous_variant	861	6.18532	21.2062123385582	175	0.00571	302	0.19868	90.0	0.31111	16361781	16361782	SNV	EPS15L1.ENST00000455140.JUNC00000108.chr19:16361781-16361782.A	910	846	no
chr19	16355851	16377122	JUNC00000109	20	-1	GT-AG	2	1	6	NDA	1	1	0	ENST00000455140	chr19:16361781-16361782	transcript	19	16355247	16471970	protein_coding	7	2	EPS15L1	ENSG00000127527	chr19	16361781	16361782	G	A	ENST00000455140.7	protein_coding	T	acC/acT	ENST00000455140.7:c.2583C>T	ENSP00000393313.1:p.Thr861=	synonymous_variant	861	6.18532	21.2062123385582	175	0.00571	302	0.19868	90.0	0.31111	16361781	16361782	SNV	EPS15L1.ENST00000455140.JUNC00000109.chr19:16361781-16361782.NDA	910	796	yes
chr19	16355851	16385129	JUNC00000110	116	-1	GT-AG	3	2	8	NDA	1	1	0	ENST00000455140	chr19:16361781-16361782	transcript	19	16355247	16471970	protein_coding	7	2	EPS15L1	ENSG00000127527	chr19	16361781	16361782	G	A	ENST00000455140.7	protein_coding	T	acC/acT	ENST00000455140.7:c.2583C>T	ENSP00000393313.1:p.Thr861=	synonymous_variant	861	6.18532	21.2062123385582	175	0.00571	302	0.19868	90.0	0.31111	16361781	16361782	SNV	EPS15L1.ENST00000455140.JUNC00000110.chr19:16361781-16361782.NDA	910	797	no
chr2	177508031	177513827	JUNC00000129	51	1	GT-AG	1	0	0	D	1	0	0	ENST00000264167	chr2:177513816-177513817	transcript	2	177392773	177543834	protein_coding	11	1	AGPS	ENSG00000018510	chr2	177513816	177513817	A	T	ENST00000264167.11	protein_coding	NA	NA	ENST00000264167.11:c.1608-2A>T	NA	splice_acceptor_variant	NA	3.16197	38.437105362595	143	0.0	219	0.23744	9.0	0.0	177513816	177513817	SNV	AGPS.ENST00000264167.JUNC00000129.chr2:177513816-177513817.D	658	538	yes
chr2	177508031	177513827	JUNC00000129	51	1	GT-AG	1	0	0	D	1	0	0	ENST00000637633	chr2:177513816-177513817	transcript	2	177392746	177559299	protein_coding	2	5	AGPS	ENSG00000018510	chr2	177513816	177513817	A	T	ENST00000637633.2	protein_coding	NA	NA	ENST00000637633.2:c.1608-2A>T	NA	splice_acceptor_variant	NA	1.7183099999999998	38.437105362595	143	0.0	219	0.23744	9.0	0.0	177513816	177513817	SNV	AGPS.ENST00000637633.JUNC00000129.chr2:177513816-177513817.D	629	538	yes
chr2	177508031	177513827	JUNC00000129	51	1	GT-AG	1	0	0	D	1	0	0	ENST00000642466	chr2:177513816-177513817	transcript	2	177392773	177559299	protein_coding	2	NA	AGPS	ENSG00000018510	chr2	177513816	177513817	A	T	ENST00000642466.2	protein_coding	NA	NA	ENST00000642466.2:c.1608-2A>T	NA	splice_acceptor_variant	NA	0.127629	38.437105362595	143	0.0	219	0.23744	9.0	0.0	177513816	177513817	SNV	AGPS.ENST00000642466.JUNC00000129.chr2:177513816-177513817.D	676	538	yes
chr2	177508031	177513827	JUNC00000129	51	1	GT-AG	1	0	0	D	1	0	0	ENST00000679459	chr2:177513816-177513817	transcript	2	177392746	177567024	protein_coding	1	NA	AGPS	ENSG00000018510	chr2	177513816	177513817	A	T	ENST00000679459.1	protein_coding	NA	NA	ENST00000679459.1:c.1608-2A>T	NA	splice_acceptor_variant	NA	0.740352	38.437105362595	143	0.0	219	0.23744	9.0	0.0	177513816	177513817	SNV	AGPS.ENST00000679459.JUNC00000129.chr2:177513816-177513817.D	638	538	yes
chr2	177508031	177513827	JUNC00000129	51	1	GT-AG	1	0	0	D	1	0	0	ENST00000679478	chr2:177513816-177513817	transcript	2	177393036	177543765	protein_coding	1	NA	AGPS	ENSG00000018510	chr2	177513816	177513817	A	T	ENST00000679478.1	protein_coding	NA	NA	ENST00000679478.1:c.1338-2A>T	NA	splice_acceptor_variant	NA	0.0	38.437105362595	143	0.0	219	0.23744	9.0	0.0	177513816	177513817	SNV	AGPS.ENST00000679478.JUNC00000129.chr2:177513816-177513817.D	568	448	yes
chr2	177508031	177513827	JUNC00000129	51	1	GT-AG	1	0	0	D	1	0	0	ENST00000679994	chr2:177513816-177513817	transcript	2	177393276	177543834	protein_coding	1	NA	AGPS	ENSG00000018510	chr2	177513816	177513817	A	T	ENST00000679994.1	protein_coding	NA	NA	ENST00000679994.1:c.1338-2A>T	NA	splice_acceptor_variant	NA	0.348628	38.437105362595	143	0.0	219	0.23744	9.0	0.0	177513816	177513817	SNV	AGPS.ENST00000679994.JUNC00000129.chr2:177513816-177513817.D	568	448	yes
chr2	177508031	177513827	JUNC00000129	51	1	GT-AG	1	0	0	D	1	0	0	ENST00000680155	chr2:177513816-177513817	transcript	2	177393029	177543765	protein_coding	1	NA	AGPS	ENSG00000018510	chr2	177513816	177513817	A	T	ENST00000680155.1	protein_coding	NA	NA	ENST00000680155.1:c.1338-2A>T	NA	splice_acceptor_variant	NA	0.0	38.437105362595	143	0.0	219	0.23744	9.0	0.0	177513816	177513817	SNV	AGPS.ENST00000680155.JUNC00000129.chr2:177513816-177513817.D	568	448	yes
chr2	177508031	177513827	JUNC00000129	51	1	GT-AG	1	0	0	D	1	0	0	ENST00000680770	chr2:177513816-177513817	transcript	2	177392746	177524950	protein_coding	1	NA	AGPS	ENSG00000018510	chr2	177513816	177513817	A	T	ENST00000680770.1	protein_coding	NA	NA	ENST00000680770.1:c.1608-2A>T	NA	splice_acceptor_variant	NA	0.922528	38.437105362595	143	0.0	219	0.23744	9.0	0.0	177513816	177513817	SNV	AGPS.ENST00000680770.JUNC00000129.chr2:177513816-177513817.D	624	538	yes
chr2	177508031	177513827	JUNC00000129	51	1	GT-AG	1	0	0	D	1	0	0	ENST00000681449	chr2:177513816-177513817	transcript	2	177393041	177538243	protein_coding	1	NA	AGPS	ENSG00000018510	chr2	177513816	177513817	A	T	ENST00000681449.1	protein_coding	NA	NA	ENST00000681449.1:c.1338-2A>T	NA	splice_acceptor_variant	NA	19.9329	38.437105362595	143	0.0	219	0.23744	9.0	0.0	177513816	177513817	SNV	AGPS.ENST00000681449.JUNC00000129.chr2:177513816-177513817.D	568	448	yes
chr4	118738379	118740941	JUNC00000153	12	-1	GT-AG	3	2	2	NDA	1	1	0	ENST00000280551	chr4:118740662-118740663	transcript	4	118722823	118836126	protein_coding	11	1	SEC24D	ENSG00000150961	chr4	118740662	118740663	C	T	ENST00000280551.11	protein_coding	Q	caG/caA	ENST00000280551.11:c.2238G>A	ENSP00000280551.6:p.Gln746=	splice_region_variant&synonymous_variant	746	40.516	67.2861784046885	117	0.0	171	0.20468	575.0	0.12	118740662	118740663	SNV	SEC24D.ENST00000280551.JUNC00000153.chr4:118740662-118740663.NDA	1032	937	no
chr4	118739287	118740651	JUNC00000155	55	-1	GT-AG	0	0	0	A	0	1	0	ENST00000280551	chr4:118740662-118740663	transcript	4	118722823	118836126	protein_coding	11	1	SEC24D	ENSG00000150961	chr4	118740662	118740663	C	T	ENST00000280551.11	protein_coding	Q	caG/caA	ENST00000280551.11:c.2238G>A	ENSP00000280551.6:p.Gln746=	splice_region_variant&synonymous_variant	746	40.516	67.2861784046885	117	0.0	171	0.20468	575.0	0.12	118740662	118740663	SNV	SEC24D.ENST00000280551.JUNC00000155.chr4:118740662-118740663.A	1032	1036	no
chr4	118738379	118740941	JUNC00000153	12	-1	GT-AG	3	2	2	NDA	1	1	0	ENST00000419654	chr4:118740662-118740663	transcript	4	118736552	118836171	protein_coding	6	5	SEC24D	ENSG00000150961	chr4	118740662	118740663	C	T	ENST00000419654.6	protein_coding	Q	caG/caA	ENST00000419654.6:c.906G>A	ENSP00000388324.2:p.Gln302=	splice_region_variant&synonymous_variant	302	9.57246	67.2861784046885	117	0.0	171	0.20468	575.0	0.12	118740662	118740663	SNV	SEC24D.ENST00000419654.JUNC00000153.chr4:118740662-118740663.NDA	393	298	no
chr4	118739287	118740651	JUNC00000155	55	-1	GT-AG	0	0	0	A	0	1	0	ENST00000419654	chr4:118740662-118740663	transcript	4	118736552	118836171	protein_coding	6	5	SEC24D	ENSG00000150961	chr4	118740662	118740663	C	T	ENST00000419654.6	protein_coding	Q	caG/caA	ENST00000419654.6:c.906G>A	ENSP00000388324.2:p.Gln302=	splice_region_variant&synonymous_variant	302	9.57246	67.2861784046885	117	0.0	171	0.20468	575.0	0.12	118740662	118740663	SNV	SEC24D.ENST00000419654.JUNC00000155.chr4:118740662-118740663.A	393	397	no
chr4	118738379	118740941	JUNC00000153	12	-1	GT-AG	3	2	2	NDA	1	1	0	ENST00000511481	chr4:118740662-118740663	transcript	4	118723024	118769840	protein_coding	5	1	SEC24D	ENSG00000150961	chr4	118740662	118740663	C	T	ENST00000511481.5	protein_coding	Q	caG/caA	ENST00000511481.5:c.1131G>A	ENSP00000425491.1:p.Gln377=	splice_region_variant&synonymous_variant	377	6.408	67.2861784046885	117	0.0	171	0.20468	575.0	0.12	118740662	118740663	SNV	SEC24D.ENST00000511481.JUNC00000153.chr4:118740662-118740663.NDA	663	568	no
chr4	118739287	118740651	JUNC00000155	55	-1	GT-AG	0	0	0	A	0	1	0	ENST00000511481	chr4:118740662-118740663	transcript	4	118723024	118769840	protein_coding	5	1	SEC24D	ENSG00000150961	chr4	118740662	118740663	C	T	ENST00000511481.5	protein_coding	Q	caG/caA	ENST00000511481.5:c.1131G>A	ENSP00000425491.1:p.Gln377=	splice_region_variant&synonymous_variant	377	6.408	67.2861784046885	117	0.0	171	0.20468	575.0	0.12	118740662	118740663	SNV	SEC24D.ENST00000511481.JUNC00000155.chr4:118740662-118740663.A	663	667	no
chr5	177460548	177460644	JUNC00000177	25	-1	GT-AG	2	0	0	D	1	0	0	ENST00000292385	chr5:177460554-177460555	transcript	5	177456927	177473198	protein_coding	9	1	DBN1	ENSG00000113758	chr5	177460554	177460555	C	T	ENST00000292385.9	protein_coding	E/K	Gag/Aag	ENST00000292385.9:c.838G>A	ENSP00000292385.5:p.Glu280Lys	missense_variant&splice_region_variant	280	2.22574	109.086528368428	93	0.01075	137	0.28467	1076.0	0.00929	177460554	177460555	SNV	DBN1.ENST00000292385.JUNC00000177.chr5:177460554-177460555.D	651	351	yes
chr5	177460552	177460644	JUNC00000178	1254	-1	GT-AG	2	0	0	D	1	0	0	ENST00000292385	chr5:177460554-177460555	transcript	5	177456927	177473198	protein_coding	9	1	DBN1	ENSG00000113758	chr5	177460554	177460555	C	T	ENST00000292385.9	protein_coding	E/K	Gag/Aag	ENST00000292385.9:c.838G>A	ENSP00000292385.5:p.Glu280Lys	missense_variant&splice_region_variant	280	2.22574	109.086528368428	93	0.01075	137	0.28467	1076.0	0.00929	177460554	177460555	SNV	DBN1.ENST00000292385.JUNC00000178.chr5:177460554-177460555.D	651	650	no
chr5	177460548	177460644	JUNC00000177	25	-1	GT-AG	2	0	0	D	1	0	0	ENST00000292385	chr5:177460555-177460556	transcript	5	177456927	177473198	protein_coding	9	1	DBN1	ENSG00000113758	chr5	177460555	177460556	C	A	ENST00000292385.9	protein_coding	NA	NA	ENST00000292385.9:c.838-1G>T	NA	splice_acceptor_variant	NA	2.22574	109.086528368428	94	0.0	138	0.28986	129.0	0.06977	177460555	177460556	SNV	DBN1.ENST00000292385.JUNC00000177.chr5:177460555-177460556.D	651	351	yes
chr5	177460552	177460644	JUNC00000178	1254	-1	GT-AG	2	0	0	D	1	0	0	ENST00000292385	chr5:177460555-177460556	transcript	5	177456927	177473198	protein_coding	9	1	DBN1	ENSG00000113758	chr5	177460555	177460556	C	A	ENST00000292385.9	protein_coding	NA	NA	ENST00000292385.9:c.838-1G>T	NA	splice_acceptor_variant	NA	2.22574	109.086528368428	94	0.0	138	0.28986	129.0	0.06977	177460555	177460556	SNV	DBN1.ENST00000292385.JUNC00000178.chr5:177460555-177460556.D	651	650	no
chr5	177460548	177460644	JUNC00000177	25	-1	GT-AG	2	0	0	D	1	0	0	ENST00000309007	chr5:177460554-177460555	transcript	5	177456608	177473741	protein_coding	9	1	DBN1	ENSG00000113758	chr5	177460554	177460555	C	T	ENST00000309007.9	protein_coding	E/K	Gag/Aag	ENST00000309007.9:c.832G>A	ENSP00000308532.5:p.Glu278Lys	missense_variant&splice_region_variant	278	56.19	109.086528368428	93	0.01075	137	0.28467	1076.0	0.00929	177460554	177460555	SNV	DBN1.ENST00000309007.JUNC00000177.chr5:177460554-177460555.D	649	349	yes
chr5	177460552	177460644	JUNC00000178	1254	-1	GT-AG	2	0	0	D	1	0	0	ENST00000309007	chr5:177460554-177460555	transcript	5	177456608	177473741	protein_coding	9	1	DBN1	ENSG00000113758	chr5	177460554	177460555	C	T	ENST00000309007.9	protein_coding	E/K	Gag/Aag	ENST00000309007.9:c.832G>A	ENSP00000308532.5:p.Glu278Lys	missense_variant&splice_region_variant	278	56.19	109.086528368428	93	0.01075	137	0.28467	1076.0	0.00929	177460554	177460555	SNV	DBN1.ENST00000309007.JUNC00000178.chr5:177460554-177460555.D	649	648	no
chr5	177460548	177460644	JUNC00000177	25	-1	GT-AG	2	0	0	D	1	0	0	ENST00000309007	chr5:177460555-177460556	transcript	5	177456608	177473741	protein_coding	9	1	DBN1	ENSG00000113758	chr5	177460555	177460556	C	A	ENST00000309007.9	protein_coding	NA	NA	ENST00000309007.9:c.832-1G>T	NA	splice_acceptor_variant	NA	56.19	109.086528368428	94	0.0	138	0.28986	129.0	0.06977	177460555	177460556	SNV	DBN1.ENST00000309007.JUNC00000177.chr5:177460555-177460556.D	649	349	yes
chr5	177460552	177460644	JUNC00000178	1254	-1	GT-AG	2	0	0	D	1	0	0	ENST00000309007	chr5:177460555-177460556	transcript	5	177456608	177473741	protein_coding	9	1	DBN1	ENSG00000113758	chr5	177460555	177460556	C	A	ENST00000309007.9	protein_coding	NA	NA	ENST00000309007.9:c.832-1G>T	NA	splice_acceptor_variant	NA	56.19	109.086528368428	94	0.0	138	0.28986	129.0	0.06977	177460555	177460556	SNV	DBN1.ENST00000309007.JUNC00000178.chr5:177460555-177460556.D	649	648	no
chr5	177460548	177460644	JUNC00000177	25	-1	GT-AG	2	0	0	D	1	0	0	ENST00000393565	chr5:177460554-177460555	transcript	5	177456610	177473634	protein_coding	6	5	DBN1	ENSG00000113758	chr5	177460554	177460555	C	T	ENST00000393565.6	protein_coding	E/K	Gag/Aag	ENST00000393565.6:c.832G>A	ENSP00000377195.1:p.Glu278Lys	missense_variant&splice_region_variant	278	3.00596	109.086528368428	93	0.01075	137	0.28467	1076.0	0.00929	177460554	177460555	SNV	DBN1.ENST00000393565.JUNC00000177.chr5:177460554-177460555.D	695	323	yes
chr5	177460552	177460644	JUNC00000178	1254	-1	GT-AG	2	0	0	D	1	0	0	ENST00000393565	chr5:177460554-177460555	transcript	5	177456610	177473634	protein_coding	6	5	DBN1	ENSG00000113758	chr5	177460554	177460555	C	T	ENST00000393565.6	protein_coding	E/K	Gag/Aag	ENST00000393565.6:c.832G>A	ENSP00000377195.1:p.Glu278Lys	missense_variant&splice_region_variant	278	3.00596	109.086528368428	93	0.01075	137	0.28467	1076.0	0.00929	177460554	177460555	SNV	DBN1.ENST00000393565.JUNC00000178.chr5:177460554-177460555.D	695	694	no
chr5	177460548	177460644	JUNC00000177	25	-1	GT-AG	2	0	0	D	1	0	0	ENST00000393565	chr5:177460555-177460556	transcript	5	177456610	177473634	protein_coding	6	5	DBN1	ENSG00000113758	chr5	177460555	177460556	C	A	ENST00000393565.6	protein_coding	NA	NA	ENST00000393565.6:c.832-1G>T	NA	splice_acceptor_variant	NA	3.00596	109.086528368428	94	0.0	138	0.28986	129.0	0.06977	177460555	177460556	SNV	DBN1.ENST00000393565.JUNC00000177.chr5:177460555-177460556.D	695	323	yes
chr5	177460552	177460644	JUNC00000178	1254	-1	GT-AG	2	0	0	D	1	0	0	ENST00000393565	chr5:177460555-177460556	transcript	5	177456610	177473634	protein_coding	6	5	DBN1	ENSG00000113758	chr5	177460555	177460556	C	A	ENST00000393565.6	protein_coding	NA	NA	ENST00000393565.6:c.832-1G>T	NA	splice_acceptor_variant	NA	3.00596	109.086528368428	94	0.0	138	0.28986	129.0	0.06977	177460555	177460556	SNV	DBN1.ENST00000393565.JUNC00000178.chr5:177460555-177460556.D	695	694	no
chr5	177460548	177460644	JUNC00000177	25	-1	GT-AG	2	0	0	D	1	0	0	ENST00000477391	chr5:177460554-177460555	transcript	5	177460432	177473613	protein_coding	6	3	DBN1	ENSG00000113758	chr5	177460554	177460555	C	T	ENST00000477391.6	protein_coding	E/K	Gag/Aag	ENST00000477391.6:c.829G>A	ENSP00000422854.1:p.Glu277Lys	missense_variant&splice_region_variant	277	3.86447	109.086528368428	93	0.01075	137	0.28467	1076.0	0.00929	177460554	177460555	SNV	DBN1.ENST00000477391.JUNC00000177.chr5:177460554-177460555.D	318	315	no
chr5	177460552	177460644	JUNC00000178	1254	-1	GT-AG	2	0	0	D	1	0	0	ENST00000477391	chr5:177460554-177460555	transcript	5	177460432	177473613	protein_coding	6	3	DBN1	ENSG00000113758	chr5	177460554	177460555	C	T	ENST00000477391.6	protein_coding	E/K	Gag/Aag	ENST00000477391.6:c.829G>A	ENSP00000422854.1:p.Glu277Lys	missense_variant&splice_region_variant	277	3.86447	109.086528368428	93	0.01075	137	0.28467	1076.0	0.00929	177460554	177460555	SNV	DBN1.ENST00000477391.JUNC00000178.chr5:177460554-177460555.D	318	317	yes
chr5	177460548	177460644	JUNC00000177	25	-1	GT-AG	2	0	0	D	1	0	0	ENST00000477391	chr5:177460555-177460556	transcript	5	177460432	177473613	protein_coding	6	3	DBN1	ENSG00000113758	chr5	177460555	177460556	C	A	ENST00000477391.6	protein_coding	NA	NA	ENST00000477391.6:c.829-1G>T	NA	splice_acceptor_variant	NA	3.86447	109.086528368428	94	0.0	138	0.28986	129.0	0.06977	177460555	177460556	SNV	DBN1.ENST00000477391.JUNC00000177.chr5:177460555-177460556.D	318	315	no
chr5	177460552	177460644	JUNC00000178	1254	-1	GT-AG	2	0	0	D	1	0	0	ENST00000477391	chr5:177460555-177460556	transcript	5	177460432	177473613	protein_coding	6	3	DBN1	ENSG00000113758	chr5	177460555	177460556	C	A	ENST00000477391.6	protein_coding	NA	NA	ENST00000477391.6:c.829-1G>T	NA	splice_acceptor_variant	NA	3.86447	109.086528368428	94	0.0	138	0.28986	129.0	0.06977	177460555	177460556	SNV	DBN1.ENST00000477391.JUNC00000178.chr5:177460555-177460556.D	318	317	yes
chr5	177460548	177460644	JUNC00000177	25	-1	GT-AG	2	0	0	D	1	0	0	ENST00000512501	chr5:177460554-177460555	transcript	5	177457367	177462413	protein_coding	1	3	DBN1	ENSG00000113758	chr5	177460554	177460555	C	T	ENST00000512501.1	protein_coding	E/K	Gag/Aag	ENST00000512501.1:c.28G>A	ENSP00000423208.1:p.Glu10Lys	missense_variant&splice_region_variant	10	0.364878	109.086528368428	93	0.01075	137	0.28467	1076.0	0.00929	177460554	177460555	SNV	DBN1.ENST00000512501.JUNC00000177.chr5:177460554-177460555.D	391	81	yes
chr5	177460552	177460644	JUNC00000178	1254	-1	GT-AG	2	0	0	D	1	0	0	ENST00000512501	chr5:177460554-177460555	transcript	5	177457367	177462413	protein_coding	1	3	DBN1	ENSG00000113758	chr5	177460554	177460555	C	T	ENST00000512501.1	protein_coding	E/K	Gag/Aag	ENST00000512501.1:c.28G>A	ENSP00000423208.1:p.Glu10Lys	missense_variant&splice_region_variant	10	0.364878	109.086528368428	93	0.01075	137	0.28467	1076.0	0.00929	177460554	177460555	SNV	DBN1.ENST00000512501.JUNC00000178.chr5:177460554-177460555.D	391	390	no
chr5	177460548	177460644	JUNC00000177	25	-1	GT-AG	2	0	0	D	1	0	0	ENST00000512501	chr5:177460555-177460556	transcript	5	177457367	177462413	protein_coding	1	3	DBN1	ENSG00000113758	chr5	177460555	177460556	C	A	ENST00000512501.1	protein_coding	NA	NA	ENST00000512501.1:c.28-1G>T	NA	splice_acceptor_variant	NA	0.364878	109.086528368428	94	0.0	138	0.28986	129.0	0.06977	177460555	177460556	SNV	DBN1.ENST00000512501.JUNC00000177.chr5:177460555-177460556.D	391	81	yes
chr5	177460552	177460644	JUNC00000178	1254	-1	GT-AG	2	0	0	D	1	0	0	ENST00000512501	chr5:177460555-177460556	transcript	5	177457367	177462413	protein_coding	1	3	DBN1	ENSG00000113758	chr5	177460555	177460556	C	A	ENST00000512501.1	protein_coding	NA	NA	ENST00000512501.1:c.28-1G>T	NA	splice_acceptor_variant	NA	0.364878	109.086528368428	94	0.0	138	0.28986	129.0	0.06977	177460555	177460556	SNV	DBN1.ENST00000512501.JUNC00000178.chr5:177460555-177460556.D	391	390	no
chr6	43186455	43187246	JUNC00000183	20	1	GT-AG	1	1	1	NDA	1	1	0	ENST00000252050	chr6:43187095-43187096	transcript	6	43182196	43224587	protein_coding	9	5	CUL9	ENSG00000112659	chr6	43187095	43187096	G	T	ENST00000252050.9	protein_coding	NA	NA	ENST00000252050.9:c.1387+1G>T	NA	splice_donor_variant	NA	5.72275	16.6833246361284	40	0.0	123	0.25203	6.0	0.0	43187095	43187096	SNV	CUL9.ENST00000252050.JUNC00000183.chr6:43187095-43187096.NDA	2517	448	yes
chr6	43186455	43187246	JUNC00000183	20	1	GT-AG	1	1	1	NDA	1	1	0	ENST00000372647	chr6:43187095-43187096	transcript	6	43182185	43224585	protein_coding	6	1	CUL9	ENSG00000112659	chr6	43187095	43187096	G	T	ENST00000372647.6	protein_coding	NA	NA	ENST00000372647.6:c.1387+1G>T	NA	splice_donor_variant	NA	3.26095e-08	16.6833246361284	40	0.0	123	0.25203	6.0	0.0	43187095	43187096	SNV	CUL9.ENST00000372647.JUNC00000183.chr6:43187095-43187096.NDA	2489	448	yes
chr7	131504505	131505868	JUNC00000200	15	-1	GT-AG	0	0	0	D	1	0	0	ENST00000322985	chr7:131504507-131504508	transcript	7	131504131	131556609	protein_coding	9	1	PODXL	ENSG00000128567	chr7	131504507	131504508	G	A	ENST00000322985.9	protein_coding	Q/*	Cag/Tag	ENST00000322985.9:c.1384C>T	ENSP00000319782.9:p.Gln462Ter	stop_gained&splice_region_variant	462	0.112159	0.629873137776177	80	0.0	178	0.1236	11.0	0.45455	131504507	131504508	SNV	PODXL.ENST00000322985.JUNC00000200.chr7:131504507-131504508.D	461	525	no
chr7	131504505	131505868	JUNC00000200	15	-1	GT-AG	0	0	0	D	1	0	0	ENST00000378555	chr7:131504507-131504508	transcript	7	131500271	131556628	protein_coding	8	1	PODXL	ENSG00000128567	chr7	131504507	131504508	G	A	ENST00000378555.8	protein_coding	Q/*	Cag/Tag	ENST00000378555.8:c.1480C>T	ENSP00000367817.3:p.Gln494Ter	stop_gained&splice_region_variant	494	0.495292	0.629873137776177	80	0.0	178	0.1236	11.0	0.45455	131504507	131504508	SNV	PODXL.ENST00000378555.JUNC00000200.chr7:131504507-131504508.D	493	557	no
chr8	125063651	125073153	JUNC00000205	47	-1	GT-AG	1	1	1	NDA	1	1	0	ENST00000318410	chr8:125067719-125067720	transcript	8	125024260	125091792	protein_coding	12	1	WASHC5	ENSG00000164961	chr8	125067720	125067746	CTAGAAACAGGAAAAGTGTTACCTGCT	C	ENST00000318410.12	protein_coding	NA	NA	ENST00000318410.12:c.1151-27_1151-2del	NA	splice_acceptor_variant&splice_polypyrimidine_tract_variant&intron_variant	NA	44.7861	65.0883238858158	255	0.0	709	0.06206	25.0	0.0	125067719	125067720	DEL	WASHC5.ENST00000318410.JUNC00000205.chr8:125067719-125067720.NDA	1159	408	yes
chr8	125067719	125067746	JUNC00000207	28	-1	GC-AG	0	0	0	A	0	1	0	ENST00000318410	chr8:125067719-125067720	transcript	8	125024260	125091792	protein_coding	12	1	WASHC5	ENSG00000164961	chr8	125067720	125067746	CTAGAAACAGGAAAAGTGTTACCTGCT	C	ENST00000318410.12	protein_coding	NA	NA	ENST00000318410.12:c.1151-27_1151-2del	NA	splice_acceptor_variant&splice_polypyrimidine_tract_variant&intron_variant	NA	44.7861	65.0883238858158	255	0.0	709	0.06206	25.0	0.0	125067719	125067720	DEL	WASHC5.ENST00000318410.JUNC00000207.chr8:125067719-125067720.A	1159	425	yes
chr8	125067767	125073153	JUNC00000210	30	-1	GT-AG	0	0	0	D	1	0	0	ENST00000318410	chr8:125067719-125067720	transcript	8	125024260	125091792	protein_coding	12	1	WASHC5	ENSG00000164961	chr8	125067720	125067746	CTAGAAACAGGAAAAGTGTTACCTGCT	C	ENST00000318410.12	protein_coding	NA	NA	ENST00000318410.12:c.1151-27_1151-2del	NA	splice_acceptor_variant&splice_polypyrimidine_tract_variant&intron_variant	NA	44.7861	65.0883238858158	255	0.0	709	0.06206	25.0	0.0	125067719	125067720	DEL	WASHC5.ENST00000318410.JUNC00000210.chr8:125067719-125067720.D	1159	1175	no
chr8	125063651	125073153	JUNC00000205	47	-1	GT-AG	1	1	1	NDA	1	1	0	ENST00000517845	chr8:125067719-125067720	transcript	8	125024267	125091783	protein_coding	5	2	WASHC5	ENSG00000164961	chr8	125067720	125067746	CTAGAAACAGGAAAAGTGTTACCTGCT	C	ENST00000517845.5	protein_coding	NA	NA	ENST00000517845.5:c.707-27_707-2del	NA	splice_acceptor_variant&splice_polypyrimidine_tract_variant&intron_variant	NA	6.54209	65.0883238858158	255	0.0	709	0.06206	25.0	0.0	125067719	125067720	DEL	WASHC5.ENST00000517845.JUNC00000205.chr8:125067719-125067720.NDA	1011	260	yes
chr8	125067719	125067746	JUNC00000207	28	-1	GC-AG	0	0	0	A	0	1	0	ENST00000517845	chr8:125067719-125067720	transcript	8	125024267	125091783	protein_coding	5	2	WASHC5	ENSG00000164961	chr8	125067720	125067746	CTAGAAACAGGAAAAGTGTTACCTGCT	C	ENST00000517845.5	protein_coding	NA	NA	ENST00000517845.5:c.707-27_707-2del	NA	splice_acceptor_variant&splice_polypyrimidine_tract_variant&intron_variant	NA	6.54209	65.0883238858158	255	0.0	709	0.06206	25.0	0.0	125067719	125067720	DEL	WASHC5.ENST00000517845.JUNC00000207.chr8:125067719-125067720.A	1011	277	yes
chr8	125067767	125073153	JUNC00000210	30	-1	GT-AG	0	0	0	D	1	0	0	ENST00000517845	chr8:125067719-125067720	transcript	8	125024267	125091783	protein_coding	5	2	WASHC5	ENSG00000164961	chr8	125067720	125067746	CTAGAAACAGGAAAAGTGTTACCTGCT	C	ENST00000517845.5	protein_coding	NA	NA	ENST00000517845.5:c.707-27_707-2del	NA	splice_acceptor_variant&splice_polypyrimidine_tract_variant&intron_variant	NA	6.54209	65.0883238858158	255	0.0	709	0.06206	25.0	0.0	125067719	125067720	DEL	WASHC5.ENST00000517845.JUNC00000210.chr8:125067719-125067720.D	1011	1027	no
