ID	A*29:02	B*45:01	Gene	AA Change	Num Passing Transcripts	Best Peptide	Best Transcript	TSL	Allele	Pos	Prob Pos	Num Passing Peptides	IC50 MT	IC50 WT	%ile MT	%ile WT	RNA Expr	RNA VAF	Allele Expr	RNA Depth	DNA VAF	Tier	Evaluation
chrX-41344254-41344255-G-C	2		DDX3X	R293T	25	STVRPCVVY	ENST00000399959.7	1	HLA-A*29:02	2	None	2	288.965	6058.730	0.910	4.900	158.794	0.999	158.635	1381.000	0.966	Pass	Pending
chr1-154590262-154590263-T-A	2	5	ADAR	E806V	15	AERMGFTVVT	ENST00000368474.9	1	HLA-B*45:01	8	None	7	214.664	219.260	0.330	0.462	131.835	0.348	45.879	1233.000	0.302	Pass	Pending
chr17-5007046-5007047-C-T	1	2	KIF1C	S433F	1	TEFQIGPEEA	ENST00000320785.10	1	HLA-B*45:01	3	None	3	152.100	166.310	0.350	0.473	121.453	0.297	36.072	1679.000	0.316	Pass	Pending
chr17-45119014-45119029-TAGACGGTCGTTGTTG-T		3	PLCD3	SNNDRL233-238S	1	KECDHSEGA	ENST00000619929.5	1	HLA-B*45:01	6-7	None	3	287.610	6773.136	0.569	7.350	26.946	1.000	26.946	64.000	0.941	Pass	Pending
chr2-47806319-47806320-G-A	2	3	MSH6	D1255N	6	VENYSQNVA	ENST00000234420.11	1	HLA-B*45:01	3	None	5	66.515	332.805	0.254	0.665	48.832	0.338	16.505	352.000	0.318	Pass	Pending
chr18-36067341-36067342-C-G		2	RPRD1A	Q21H	4	SELSNSQHSV	ENST00000399022.9	1	HLA-B*45:01	8	None	2	368.845	354.640	0.430	0.415	57.249	0.500	28.625	602.000	0.417	Pass	Pending
chr14-60724007-60724008-C-G		3	SIX4	E23Q	2	QENGMQSA	ENST00000216513.5	1	HLA-B*45:01	6	None	3	222.020	324.685	0.230	0.405	15.017	0.987	14.822	76.000	1.000	Pass	Pending
chr15-100900576-100900577-G-T	2	4	ALDH1A3	D296Y	2	IVCADADLY	ENST00000329841.10	1	HLA-A*29:02	9	None	6	88.086	19997.861	0.425	35.100	15.852	0.542	8.592	153.000	0.359	Pass	Pending
chr19-57397065-57397066-G-T	9	5	ZNF548	D12Y	9	VVFEYVAIY	ENST00000366197.9	1	HLA-A*29:02	5	None	13	41.063	75.490	0.115	0.260	13.433	0.378	5.078	127.000	0.468	Pass	Pending
chr17-4545724-4545725-T-C	1	2	MYBBP1A	E653G	3	VEVLVGILLA	ENST00000254718.9	1	HLA-B*45:01	6	None	3	331.250	403.175	0.730	1.030	47.493	0.319	15.150	420.000	0.352	Pass	Pending
chr16-58516554-58516555-G-A	3	1	SETD6	R185H	4	DLANIHSEY	ENST00000219315.9	1	HLA-A*29:02	6	None	4	103.730	277.900	0.483	0.940	11.622	0.340	3.951	100.000	0.335	Pass	Pending
chr13-113425167-113425168-G-T	7	8	ADPRHL1	H220N	4	QENWFYFEA	ENST00000375418.8	1	HLA-B*45:01	3	None	13	11.080	11.610	0.027	0.033	2.743	0.917	2.515	24.000	0.517	Pass	Pending
chr11-62752450-62752451-G-A	7	2	ZBTB3	S405F	2	EPLYLSFEY	ENST00000394807.5	1	HLA-A*29:02	7	None	8	382.420	2333.530	1.167	2.800	13.703	0.601	8.236	148.000	0.670	Pass	Pending
chr10-37957500-37957501-C-T		3	ZNF25	E21K	1	KEKWKLLTPA	ENST00000302609.8	1	HLA-B*45:01	3	None	3	377.255	137.860	0.640	0.470	13.090	0.471	6.165	187.000	0.485	Pass	Pending
chr5-177460554-177460555-C-T		12	DBN1	E280K	5	SESEVEKAA	ENST00000292385.9	1	HLA-B*45:01	7	None	12	58.840	48.155	0.200	0.145	109.087	0.009	0.982	1076.000	0.285	LowExpr	Pending
chr14-32600790-32600791-A-T	3	3	AKAP6	K910M	3	PMAEVQLCY	ENST00000280979.9	1	HLA-A*29:02	2	None	6	31.665	3170.065	0.225	3.200	2.905	0.250	0.726	8.000	0.708	LowExpr	Pending
chr1-204125889-204125890-C-T	3	1	SOX13	S542L	2	QMSSLDVLY	ENST00000367204.6	1	HLA-A*29:02	5	None	4	10.785	19.095	0.155	0.200	2.664	0.105	0.280	19.000	0.339	LowExpr	Pending
chr6-32181195-32181196-G-T		7	AGER	L404M	3	AEMNQSEEP	ENST00000375069.7	1	HLA-B*45:01	3	None	7	262.310	415.285	0.600	1.095	2.211	0.462	1.021	26.000	0.510	LowExpr	Pending
chr4-373601-373602-C-T	3	1	ZNF141	H389Y	1	KIYTGEKPY	ENST00000240499.8	1	HLA-A*29:02	3	None	4	489.770	2460.050	1.205	2.750	2.222	0.821	1.824	39.000	0.917	LowExpr	Pending
chr3-171138369-171138370-G-T		6	TNIK	R448S	8	AEHEQEYKS	ENST00000357327.9	1	HLA-B*45:01	9	None	6	413.990	1410.590	0.690	2.750	3.976	0.167	0.664	12.000	0.270	LowExpr	Pending
chr7-155462475-155462476-A-G	2	2	EN2	Q264R	1	AEFRTNRYLT	ENST00000297375.4	1	HLA-B*45:01	4	None	4	371.485	242.275	0.900	0.607	0.408	0.375	0.153	16.000	0.263	LowExpr	Pending
chrX-1419095-1419096-G-A	2	2	ASMTL	P422S	3	SETRLRFMRA	ENST00000381317.9	1	HLA-B*45:01	1	None	4	104.095	2967.105	0.400	4.550	74.609	0.223	16.638	847.000	0.226	Subclonal	Pending
chr8-125436370-125436371-C-T	4	1	TRIB1	S340F	3	WFEFVLEPGY	ENST00000311922.4	1	HLA-A*29:02	4	None	5	107.970	111.211	0.500	0.432	78.491	0.102	8.006	795.000	0.133	Subclonal	Pending
chr7-140024672-140024681-TCAAAGATCA-T	2		PARP12	VIFE662-665E	1	SIFEKHQVY	ENST00000263549.8	1	HLA-A*29:02	3-4	None	2	126.800	144.030	0.265	0.295	29.767	0.153	4.554	307.000	0.108	Subclonal	Pending
chr10-125729432-125729433-C-G	5		EDRF1	P324A	6	NMAIFGGGRY	ENST00000356792.9	1	HLA-A*29:02	3	None	5	195.695	278.385	0.689	1.015	17.377	0.185	3.215	205.000	0.155	Subclonal	Pending
chr8-125436370-125436372-CC-TT	4	1	TRIB1	S340F	3	WFEFVLEPGY	ENST00000311922.4	1	HLA-A*29:02	4	None	5	107.970	111.211	0.500	0.432	78.491	NA	NA	NA	0.136	Subclonal	Pending
chr19-16093698-16093699-G-C		6	TPM4	E201Q	10	KEAETRAQFA	ENST00000586833.7	5	HLA-B*45:01	8	None	6	190.315	166.200	0.294	0.359	370.472	0.654	242.289	4066.000	0.480	Poor	Pending
chr7-75881385-75881386-G-A		3	RHBDD2	R67K	1	MEGGVKITA	ENST00000454791.1	2	HLA-B*45:01	6	None	3	61.465	53.445	0.150	0.150	84.058	0.283	23.788	329.000	0.189	Poor	Pending
chr4-108650681-108650682-C-G	1	2	OSTC	F9L	3	METLYRVPL	ENST00000361564.9	1	HLA-B*45:01	9	None	3	574.855	909.225	1.105	1.628	173.877	0.486	84.504	1028.000	0.462	Poor	Pending
chr12-889169-889170-C-G		3	WNK1	Q2212E	7	AELRRTLSP	ENST00000530271.6	1	HLA-B*45:01	2	None	3	630.500	9432.691	1.250	9.478	97.460	0.700	68.222	593.000	0.604	Poor	Pending
chrX-1419025-1419026-G-A	3		ASMTL	T445M	3	AMAFNLSRF	ENST00000381317.9	1	HLA-A*29:02	2	None	3	618.761	2037.415	1.579	2.250	74.609	0.460	34.320	804.000	0.467	Poor	Pending
chr5-133103958-133103959-T-C		1	HSPA4	L751P	1	MEWMNNKLNP	ENST00000304858.7	1	HLA-B*45:01	10	None	1	992.164	1329.710	1.800	2.932	114.662	0.996	114.203	1368.000	1.000	Poor	Pending
chr22-41524890-41524891-G-C	3		ACO2	E510Q	10	TLKFNPQTDY	ENST00000216254.9	1	HLA-A*29:02	7	None	3	710.204	789.700	1.778	1.939	119.616	0.238	28.469	1640.000	0.216	Poor	Pending
chr10-125859825-125859826-G-C		2	DHX32	P209R	1	RELKLIINS	ENST00000284690.4	1	HLA-B*45:01	1	None	2	940.155	9356.630	1.250	7.400	53.951	0.998	53.843	518.000	1.000	Poor	Pending
chr3-121697676-121697677-G-C		3	GOLGB1	A949G	5	AEEGKKEQV	ENST00000393667.7	1	HLA-B*45:01	4	None	3	865.085	588.880	1.300	0.990	45.429	0.967	43.930	307.000	1.000	Poor	Pending
chr3-172353066-172353067-C-T	2	2	FNDC3B	P927S	3	SETTYRIRI	ENST00000336824.8	1	HLA-B*45:01	1	None	4	757.790	10883.952	1.175	10.800	92.076	0.317	29.188	928.000	0.356	Poor	Pending
chr8-133256733-133256734-C-G		1	NDRG1	E44Q	1	QEQGQISGWT	ENST00000674925.1	NA	HLA-B*45:01	3	None	1	1438.699	2225.090	2.000	2.800	678.195	0.274	185.825	223.000	0.402	Poor	Pending
chr19-19336157-19336158-A-C	2	2	MAU2	S111R	1	AARLLSELY	ENST00000262815.13	1	HLA-A*29:02	3	None	4	566.595	206.670	1.600	0.485	34.844	0.437	15.227	238.000	0.345	Poor	Pending
chrX-77681732-77681733-T-C		3	ATRX	K1175E	4	SEKKAVIV	ENST00000373344.11	1	HLA-B*45:01	2	None	3	1330.390	29762.686	0.835	26.634	57.053	0.990	56.482	293.000	1.000	Poor	Pending
chr19-21536794-21536799-TAAGAG-T	3		ZNF429	FS248-249	1	STLTNHNSY	ENST00000358491.9	3	HLA-A*29:02	7-9	None	3	144.915	19994.995	0.335	26.500	14.439	0.298	4.303	84.000	0.212	Poor	Pending
chr13-98431277-98431278-G-T		1	FARP1	R714L	5	ADFRDCLAA	ENST00000595437.5	1	HLA-B*45:01	7	None	1	1008.315	1427.830	1.250	1.100	26.190	0.994	26.033	169.000	1.000	Poor	Pending
chrX-40655057-40655058-G-T		2	MED14	F1325L	3	LELLPDQA	ENST00000324817.6	1	HLA-B*45:01	4	None	2	838.855	1054.040	1.281	1.250	18.572	1.000	18.572	146.000	1.000	Poor	Pending
chr2-53901384-53901385-G-C	1	3	PSME4	H1084D	1	AEKIDRQYET	ENST00000404125.6	1	HLA-B*45:01	5	None	4	751.770	797.505	0.935	0.870	57.847	0.276	15.966	601.000	0.350	Poor	Pending
chr20-23354058-23354059-C-G	1		NXT1	F6L	1	MASVDLKTY	ENST00000254998.3	1	HLA-A*29:02	6	None	1	824.715	411.115	1.435	1.205	38.946	0.422	16.435	519.000	0.375	Poor	Pending
chr9-35609475-35609476-C-T	1	2	TESK1	H539Y	2	AQYSLPRAA	ENST00000336395.6	1	HLA-B*45:01	3	None	3	580.639	539.030	0.838	0.812	9.206	1.000	9.206	97.000	1.000	Poor	Pending
chr9-137255473-137255474-G-C		3	NELFB	G37R	1	GERAGDRAP	ENST00000343053.6	1	HLA-B*45:01	7	None	3	1287.920	1556.750	2.100	2.200	32.319	0.812	26.243	80.000	0.600	Poor	Pending
chr15-49282070-49282071-G-T		2	GALK2	A197S	5	SEEGTAKLI	ENST00000560031.6	1	HLA-B*45:01	1	None	2	1350.480	625.225	1.850	1.000	24.473	1.000	24.473	184.000	1.000	Poor	Pending
chr5-1814504-1814505-G-A	1		NDUFS6	R118H	1	MLGQPAHPH	ENST00000469176.1	2	HLA-A*29:02	7	None	1	2420.905	6625.745	3.600	7.600	181.433	0.500	90.716	6.000	0.410	Poor	Pending
chr1-36179727-36179728-G-A		3	MAP7D1	E765K	4	KEKPIPQEP	ENST00000373151.6	1	HLA-B*45:01	3	None	3	1880.870	1720.405	3.850	3.210	93.193	0.326	30.381	1643.000	0.309	Poor	Pending
chr9-120858190-120858191-G-A		3	PHF19	P518L	3	AELDGRCLSD	ENST00000616568.5	1	HLA-B*45:01	8	None	3	1481.960	1416.205	2.187	2.300	47.989	0.447	21.451	103.000	0.517	Poor	Pending
chr16-3745299-3745300-G-C	4		CREBBP	H1297Q	4	QYDIIWPSGF	ENST00000262367.10	1	HLA-A*29:02	1	None	4	1286.840	1130.355	2.400	1.500	54.323	0.303	16.460	251.000	0.239	Poor	Pending
chr5-7886679-7886680-G-C	3		MTRR	E402Q	2	FIFTWCLQI	ENST00000264668.6	1	HLA-A*29:02	8	None	3	1126.760	746.645	2.249	2.200	64.271	0.204	13.111	372.000	0.194	Poor	Pending
chr4-103145955-103145956-C-G		2	CENPE	R1404T	2	IEMLGLSKT	ENST00000380026.8	1	HLA-B*45:01	9	None	2	834.380	8114.150	1.392	7.850	29.958	0.242	7.250	380.000	0.239	Poor	Pending
chr17-29286059-29286060-C-G		1	NUFIP2	R645T	1	KEQRYQTGL	ENST00000225388.9	1	HLA-B*45:01	7	None	1	2344.060	3043.830	2.400	3.250	31.008	0.998	30.946	661.000	1.000	Poor	Pending
chr11-862686-862687-C-G	3		TSPAN4	I67M	10	GAFVMAMGF	ENST00000397397.7	1	HLA-A*29:02	7	None	3	2810.010	4008.940	3.495	4.400	72.214	0.996	71.925	550.000	1.000	Poor	Pending
chr6-70190343-70190344-G-C	3	1	COL19A1	K1019N	1	VSFEEINKY	ENST00000620364.5	1	HLA-A*29:02	7	None	4	536.890	1078.040	1.015	1.410	10.708	0.269	2.880	52.000	0.255	Poor	Pending
chr20-4182496-4182497-C-A	2		SMOX	Q340K	4	SLGVLKRKY	ENST00000621355.4	1	HLA-A*29:02	8	None	2	1564.540	1069.915	1.750	1.500	34.520	0.539	18.606	456.000	0.600	Poor	Pending
chr2-216428741-216428742-C-G	1	3	SMARCAL1	L432V	4	SEVDPKVVS	ENST00000358207.9	1	HLA-B*45:01	7	None	4	939.435	1105.330	1.550	1.950	14.405	0.520	7.491	179.000	0.457	Poor	Pending
chr1-27793606-27793607-C-G		2	STX12	P88R	2	KELGSLRLP	ENST00000373943.9	1	HLA-B*45:01	7	None	2	2160.065	1360.255	3.500	2.750	26.914	1.000	26.914	432.000	1.000	Poor	Pending
chr22-50243800-50243801-T-C	3		TUBGCP6	H220R	2	FGALVRSRTY	ENST00000248846.10	1	HLA-A*29:02	6	None	3	1625.740	610.934	2.387	1.750	24.241	0.775	18.787	334.000	0.750	Poor	Pending
chr19-16572288-16572289-C-G		1	SLC35E1	E26Q	2	ARQGARVAA	ENST00000595753.6	1	HLA-B*45:01	3	None	1	2439.680	4546.785	3.963	5.150	38.810	0.816	31.669	38.000	0.698	Poor	Pending
chr2-63942505-63942506-C-G	5		VPS54	D441H	3	QWFDLLKHIF	ENST00000409558.8	1	HLA-A*29:02	8	None	5	1288.480	2008.260	1.995	3.700	12.384	1.000	12.384	86.000	1.000	Poor	Pending
chr2-190982493-190982494-G-C	2		STAT1	P491A	16	FFLTPACARW	ENST00000361099.8	1	HLA-A*29:02	6	None	2	3252.955	3367.450	3.550	3.550	172.622	0.520	89.763	1475.000	0.583	Poor	Pending
chr5-14507134-14507135-C-T		2	TRIO	R2876C	2	LEMADQGCL	ENST00000344204.9	1	HLA-B*45:01	8	None	2	1840.205	3975.300	2.630	3.385	74.348	0.250	18.587	376.000	0.259	Poor	Pending
chr6-157133135-157133136-G-C	1		ARID1B	G910A	9	QMHAAISSF	ENST00000346085.10	1	HLA-A*29:02	5	None	1	2963.505	1896.095	4.100	3.000	39.757	1.000	39.757	163.000	1.000	Poor	Pending
chr3-154284949-154284950-C-T		7	DHX36	G690E	6	QEELTPLEV	ENST00000496811.6	1	HLA-B*45:01	8	None	7	484.245	655.110	0.620	1.095	66.432	0.022	1.462	446.000	0.107	Poor	Pending
chr5-145817966-145817967-A-G	2		PRELID2	C70R	5	RSHRLTWTQY	ENST00000394450.6	1	HLA-A*29:02	4	None	2	655.485	580.445	1.790	1.500	7.144	0.386	2.758	88.000	0.324	Poor	Pending
chr19-5928080-5928081-C-G		3	RANBP3	E229Q	5	SEAADEEKQP	ENST00000439268.6	1	HLA-B*45:01	9	None	3	3043.580	2190.005	2.750	2.060	36.036	1.000	36.036	320.000	0.987	Poor	Pending
chr5-134893641-134893642-T-C	1		TXNDC15	S248P	2	FLALDAPQH	ENST00000358387.9	1	HLA-A*29:02	7	None	1	3223.100	3817.245	3.865	4.150	42.950	0.996	42.778	447.000	0.993	Poor	Pending
chr17-4818361-4818376-TGGACAGAATCCTGAA-T	2		PLD2	VDRILK662-667V	3	IVAHKQGWCY	ENST00000263088.11	1	HLA-A*29:02	2-3	None	2	268.160	5002.411	0.682	3.635	35.110	0.012	0.421	328.000	0.225	Poor	Pending
chr17-80086142-80086143-G-C		6	CCDC40	E792D	2	QEQDEQLA	ENST00000397545.9	5	HLA-B*45:01	4	None	6	633.110	723.495	0.740	0.610	5.546	0.300	1.664	10.000	0.181	Poor	Pending
chr2-236392010-236392011-C-T		1	IQCA1	E460K	5	RERKRPVKA	ENST00000409907.8	1	HLA-B*45:01	4	None	1	569.810	406.695	0.855	0.596	14.414	0.087	1.254	149.000	0.233	Poor	Pending
chr19-52384796-52384797-A-G	2	1	ZNF880	Q406R	1	RMHTGERPY	ENST00000422689.3	2	HLA-A*29:02	7	None	3	370.480	120.945	0.785	0.510	31.855	0.012	0.382	82.000	0.647	Poor	Pending
chr3-52395054-52395055-C-T		2	DNAH1	P3655L	2	IELQTANLSV	ENST00000420323.7	1	HLA-B*45:01	3	None	2	729.245	2660.150	1.453	3.250	3.000	0.550	1.650	20.000	0.263	Poor	Pending
chr17-7675087-7675088-C-T		1	TP53	R175H	20	TEVVRHCP	ENST00000269305.9	1	HLA-B*45:01	6	None	1	4497.990	6512.970	2.869	4.200	165.032	1.000	165.032	1415.000	0.989	Poor	Pending
chr1-42775287-42775288-A-G		1	C1orf50	D165G	1	YEGIEKQDA	ENST00000372525.7	1	HLA-B*45:01	3	None	1	726.000	1157.000	1.184	1.750	20.783	0.062	1.289	226.000	0.101	Poor	Pending
chr22-50177151-50177152-C-T	3	2	PANX2	S147F	2	ALGWEFLAF	ENST00000159647.9	1	HLA-A*29:02	9	None	5	1836.230	16671.400	1.950	24.500	10.842	1.000	10.842	124.000	0.996	Poor	Pending
chr6-3723707-3723708-C-G		3	PXDC1	E203Q	2	SEFPSQLEDG	ENST00000380283.5	1	HLA-B*45:01	6	None	3	1952.725	2692.965	2.800	3.050	22.483	0.539	12.118	406.000	0.418	Poor	Pending
chr12-48693119-48693120-G-C	1		CCNT1	I698M	1	YLNPRSGGM	ENST00000261900.8	1	HLA-A*29:02	9	None	1	3091.605	8698.930	3.610	9.420	23.125	1.000	23.125	230.000	1.000	Poor	Pending
chr1-227091907-227091908-T-G		4	CDC42BPA	K778T	6	EENKTLTSEL	ENST00000366769.7	1	HLA-B*45:01	5	None	4	967.655	1574.450	1.450	2.200	40.050	0.063	2.523	317.000	0.231	Poor	Pending
chr6-118491773-118491774-G-A		5	CEP85L	S450F	6	GEFEQKLAFT	ENST00000368491.8	1	HLA-B*45:01	9	None	5	1514.345	919.750	1.730	1.200	16.147	0.421	6.798	95.000	0.581	Poor	Pending
chr7-112342710-112342711-G-C	2		ZNF277	L445F	2	SSIFNQLLL	ENST00000361822.8	1	HLA-A*29:02	4	None	2	3085.745	5117.275	3.033	5.250	58.592	0.347	20.331	505.000	0.434	Poor	Pending
chr19-52384795-52384796-C-A	2	1	ZNF880	Q406K	1	RMHTGEKPY	ENST00000422689.3	2	HLA-A*29:02	7	None	3	516.495	120.945	0.800	0.510	31.855	0.012	0.382	85.000	0.588	Poor	Pending
chr6-33211510-33211511-C-A	5	1	RING1	P270H	1	HLLVEKGEY	ENST00000374656.5	1	HLA-A*29:02	1	None	6	616.365	2296.565	1.600	2.350	27.953	0.022	0.615	276.000	0.060	Poor	Pending
chr16-2295600-2295601-C-G	2	1	ABCA3	E801D	2	AELSFILPRD	ENST00000301732.10	1	HLA-B*45:01	10	None	3	1335.660	966.020	2.185	2.019	6.120	0.628	3.843	86.000	0.578	Poor	Pending
chr1-179109009-179109010-T-C	1		ABL2	T753A	3	FFAPRLIKK	ENST00000502732.6	1	HLA-A*29:02	3	None	1	3680.764	4829.695	2.822	4.479	50.587	0.429	21.702	28.000	0.373	Poor	Pending
chr19-35841840-35841841-C-A		3	NPHS1	G897C	2	TEHTYHQCG	ENST00000378910.10	1	HLA-B*45:01	8	None	3	685.930	1092.140	1.800	1.739	0.377	1.000	0.377	2.000	0.081	Poor	Pending
chr18-14106118-14106119-G-C	3		ZNF519	P141A	1	AMNKYQHKF	ENST00000590202.3	1	HLA-A*29:02	1	None	3	1342.785	3172.260	1.650	4.277	8.050	0.350	2.817	20.000	0.453	Poor	Pending
chr15-74280668-74280669-G-T		1	CCDC33	M178I	2	LEYYSSTSI	ENST00000558659.5	1	HLA-B*45:01	9	None	1	636.165	2295.485	1.002	2.350	0.158	1.000	0.158	1.000	0.585	Poor	Pending
chr11-64320894-64320895-T-C			PRDX5	F157L	0	LLADPTGAL	ENST00000265462.9	1	HLA-A*29:02	9	None	0	6583.990	1039.870	7.920	1.685	580.692	0.439	254.924	6089.000	0.427	Poor	Pending
chr14-55180753-55180754-G-A	1		DLGAP5	S202L	3	PVMPTLLRM	ENST00000247191.7	1	HLA-A*29:02	6	None	1	2937.570	2712.850	3.700	3.450	53.642	0.224	12.016	825.000	0.240	Poor	Pending
chr5-1331835-1331836-C-A			CLPTM1L	K313N	0	SFWNKKKSM	ENST00000320895.10	1	HLA-A*29:02	4	None	0	5520.520	8286.575	7.090	9.880	169.373	0.325	55.046	1031.000	0.378	Poor	Pending
chr10-32567832-32567833-C-T		3	CCDC7	S454L	5	KETRKLLVS	ENST00000277657.12	1	HLA-B*45:01	6	None	3	1996.650	1671.175	2.826	2.895	20.750	0.208	4.316	226.000	0.359	Poor	Pending
chr20-59944225-59944226-A-G		1	FAM217B	S95G	2	KENADEDSAG	ENST00000360816.8	1	HLA-B*45:01	10	None	1	2469.290	2335.780	3.780	2.750	16.580	0.446	7.395	130.000	0.578	Poor	Pending
chr12-31697921-31697922-G-T	1	2	AMN1	H118N	4	NEASLKRCC	ENST00000281471.11	1	HLA-B*45:01	1	None	3	1539.545	1902.735	1.941	2.150	15.000	0.178	2.670	73.000	0.453	Poor	Pending
chr20-41165771-41165772-C-G			PLCG1	S582C	0	CFLVRESETF	ENST00000373271.5	1	HLA-A*29:02	1	None	0	5123.630	4236.635	5.527	3.879	67.838	0.444	30.120	392.000	0.429	Poor	Pending
chr7-77600798-77600799-C-T		1	PTPN12	H230Y	5	HEDVPICIYC	ENST00000248594.11	1	HLA-B*45:01	9	None	1	4446.550	5566.405	3.850	4.750	128.676	0.161	20.717	732.000	0.203	Poor	Pending
chr15-45133932-45133933-G-A		2	DUOX1	R43K	3	MEHKWGSKG	ENST00000321429.8	1	HLA-B*45:01	4	None	2	1211.600	1253.160	1.550	1.906	0.947	1.000	0.947	2.000	1.000	Poor	Pending
chr7-82916602-82916603-C-A	3	8	PCLO	D515Y	3	EEEKEIYA	ENST00000437081.1	1	HLA-B*45:01	7	None	11	1183.510	1933.093	1.264	1.750	4.482	0.171	0.766	35.000	0.222	Poor	Pending
chr11-46728135-46728136-T-C		3	F2	V424A	2	TENDLLARI	ENST00000311907.10	1	HLA-B*45:01	7	None	3	699.770	616.890	1.120	0.995	0.048	1.000	0.048	1.000	0.357	Poor	Pending
chr19-12580947-12580948-G-A		2	ZNF490	S376F	2	GEAFKSSSF	ENST00000311437.11	1	HLA-B*45:01	9	None	2	2089.880	849.755	2.200	2.050	15.981	0.257	4.107	167.000	0.351	Poor	Pending
chr7-82908982-82908983-C-G		2	PCLO	W4444S	2	EETDSFDKP	ENST00000333891.14	2	HLA-B*45:01	5	None	2	1687.110	1650.120	3.750	3.600	4.482	0.567	2.541	30.000	0.409	Poor	Pending
chr19-6755017-6755018-T-C		3	SH2D3A	E265G	2	AEEDEGEEN	ENST00000245908.11	1	HLA-B*45:01	6	None	3	2187.524	1879.948	4.253	5.173	3.820	1.000	3.820	5.000	0.985	Poor	Pending
chr6-29726902-29726904-AA-CT	3		HLA-F	N353L	2	YSVVSGLLM	ENST00000259951.12	NA	HLA-A*29:02	7	None	3	688.260	3512.527	2.325	4.996	74.251	NA	NA	NA	0.648	Poor	Pending
chr16-25246937-25246938-C-T	4	1	ZKSCAN2	E420K	1	FFKDMDALL	ENST00000328086.12	1	HLA-A*29:02	3	None	5	1700.785	1864.320	1.949	1.947	4.925	0.441	2.172	68.000	0.454	Poor	Pending
chr22-18606897-18606898-G-A			RIMBP3	R1513C	0	GNIPGCLVA	ENST00000619918.1	NA	HLA-B*45:01	6	None	0	8044.275	13925.956	6.600	11.558	207.888	1.000	207.888	2.000	0.504	Poor	Pending
chrX-9967396-9967397-G-A	3	3	CLDN34	V14I	1	ADCQFSIFA	ENST00000445307.4	NA	HLA-B*45:01	7	None	6	834.053	710.211	1.200	1.100	0.013	1.000	0.013	1.000	0.989	Poor	Pending
chr8-143795429-143795430-C-T		1	SCRIB	G1235D	5	RELSPEDPG	ENST00000320476.7	1	HLA-B*45:01	7	None	1	3498.040	2819.815	3.900	3.750	61.627	0.141	8.689	687.000	0.162	Poor	Pending
chrX-78015862-78015863-G-C		4	ATP7A	D870H	13	VHESLITGEA	ENST00000341514.11	1	HLA-B*45:01	2	None	4	2827.710	3554.718	5.375	2.096	5.153	0.951	4.901	41.000	0.982	Poor	Pending
chr8-38428419-38428420-G-A			FGFR1	S36L	0	PEQDALPSL	ENST00000356207.9	1	HLA-B*45:01	9	None	0	9052.655	5989.315	5.900	6.100	143.964	0.999	143.820	1501.000	1.000	Poor	Pending
chr19-14049194-14049195-C-T		1	IL27RA	A428V	1	QDVPPGTPA	ENST00000263379.4	1	HLA-B*45:01	3	None	1	2943.720	1800.660	4.350	2.300	13.617	0.305	4.153	197.000	0.262	Poor	Pending
chr8-143805313-143805314-A-C		1	SCRIB	V823G	6	PENAGTITP	ENST00000320476.7	1	HLA-B*45:01	5	None	1	2734.350	2170.995	4.800	3.200	61.627	0.055	3.389	402.000	0.164	Poor	Pending
chr16-74391670-74391671-C-T	1	1	NPIPB15	P308L	2	KEYLLVPLPL	ENST00000429990.1	5	HLA-B*45:01	10	None	2	1233.525	1038.220	1.709	2.130	10.432	0.015	0.156	68.000	0.409	Poor	Pending
chr8-125102410-125102411-G-C			NSMCE2	L27F	0	VESALSSFK	ENST00000287437.8	1	HLA-B*45:01	8	None	0	5585.211	5058.075	6.500	5.950	78.578	0.242	19.016	996.000	0.262	Poor	Pending
chr1-43432295-43432296-G-C		1	SZT2	G1767R	2	EEFRRLHLPR	ENST00000634258.3	5	HLA-B*45:01	10	None	1	4278.255	1522.130	3.998	2.649	34.708	0.344	11.940	96.000	0.338	Poor	Pending
chr6-33723018-33723020-CA-TG	2		IP6K3	SV311-312SI	2	LSIIRSQSSY	ENST00000293756.5	1	HLA-A*29:02	3	None	2	978.755	1520.150	1.950	2.450	0.009	NA	NA	NA	0.718	Poor	Pending
chr2-61348284-61348285-C-G			USP34	D624H	0	EEHEDDDHG	ENST00000398571.7	5	HLA-B*45:01	3	None	0	5162.410	11829.610	7.196	14.999	47.363	0.355	16.814	591.000	0.284	Poor	Pending
chr6-43587456-43587457-G-A		1	POLH	G153D	2	IEGLPQDPT	ENST00000372236.9	1	HLA-B*45:01	7	None	1	2977.985	3031.475	2.900	2.898	12.570	0.291	3.658	237.000	0.230	Poor	Pending
chr11-6401000-6401001-C-T	1		APBB1	A552T	11	YYLGNVPVTK	ENST00000311051.7	1	HLA-A*29:02	9	None	1	3685.900	3431.630	2.399	2.672	6.678	1.000	6.678	85.000	0.990	Poor	Pending
chr9-133354714-133354715-G-C			SURF1	N89K	0	RKWKLKLIA	ENST00000371974.8	1	HLA-B*45:01	6	None	0	8318.575	5691.345	7.228	6.550	46.709	0.762	35.592	563.000	0.700	Poor	Pending
chr9-129102403-129102404-T-C	4		CRAT	Y209C	6	TVVHNCQFF	ENST00000318080.7	1	HLA-A*29:02	6	None	4	1355.020	1321.090	2.304	1.964	11.624	0.018	0.209	169.000	0.275	Poor	Pending
chr2-669669-669670-C-T			TMEM18	M111I	0	MIIVVIWVW	ENST00000281017.8	1	HLA-A*29:02	6	None	0	5621.880	5872.154	8.750	6.900	55.263	0.306	16.910	980.000	0.262	Poor	Pending
chr11-6410863-6410864-C-T		1	APBB1	E162K	4	GEAEEEEKD	ENST00000311051.7	1	HLA-B*45:01	8	None	1	3743.880	2485.220	8.300	5.850	6.678	1.000	6.678	65.000	1.000	Poor	Pending
chr22-37374977-37374978-G-A	3	3	ELFN2	P186L	1	CELAGNLFNC	ENST00000402918.7	4	HLA-B*45:01	7	None	6	1464.895	1705.490	2.127	2.300	0.890	0.368	0.328	19.000	0.168	Poor	Pending
chr10-132163376-132163377-C-G		3	JAKMIP3	R795G	20	RERDAQILG	ENST00000298622.9	5	HLA-B*45:01	9	None	3	2636.760	6524.485	3.300	5.150	3.848	0.625	2.405	24.000	0.462	Poor	Pending
chr12-112043094-112043095-A-C			NAA25	S789R	0	YELDTRGLED	ENST00000261745.9	1	HLA-B*45:01	6	None	0	7553.065	8834.680	5.350	5.516	23.927	1.000	23.927	192.000	1.000	Poor	Pending
chr7-128815875-128815876-C-G		5	CCDC136	S1103C	2	SEEEEDDADC	ENST00000297788.9	1	HLA-B*45:01	10	None	5	2356.280	2591.061	4.350	5.425	4.998	0.250	1.250	32.000	0.200	Poor	Pending
chr15-30089755-30089756-C-G		3	GOLGA8J	L311V	1	SEVELQHV	ENST00000567927.2	5	HLA-B*45:01	8	None	3	1580.310	4878.700	0.955	2.200	0.354	1.000	0.354	10.000	0.119	Poor	Pending
chr6-109451607-109451608-G-T			MICAL1	L309M	0	VMRQPFWPL	ENST00000358577.7	1	HLA-A*29:02	2	None	0	5082.780	10672.890	6.250	12.903	12.825	1.000	12.825	96.000	0.981	Poor	Pending
chr20-10054508-10054509-G-C		1	ANKEF1	K694N	2	SEGNKVQKG	ENST00000378392.6	1	HLA-B*45:01	4	None	1	2509.040	2375.340	3.300	3.600	3.908	0.382	1.493	34.000	0.521	Poor	Pending
chr12-49526214-49526215-G-A			SPATS2	R533H	0	SFKKGLPQH	ENST00000321898.10	1	HLA-A*29:02	9	None	0	7756.855	17144.170	7.135	14.080	23.424	1.000	23.424	334.000	0.968	Poor	Pending
chr7-112821984-112821985-G-T	1		BMT2	T326K	2	KSDLVSRNY	ENST00000297145.9	1	HLA-A*29:02	1	None	1	3962.365	2481.540	5.110	3.255	34.269	0.188	6.443	224.000	0.179	Poor	Pending
chrX-154349376-154349377-C-G			FLNA	D2581H	0	SSFTVHCSK	ENST00000369850.10	1	HLA-A*29:02	6	None	0	12818.703	17958.420	16.120	21.990	706.463	0.998	705.050	5609.000	0.992	Poor	Pending
chr1-39429921-39429922-G-C			MACF1	E5699Q	0	SKALRTLQQA	ENST00000567887.5	5	HLA-B*45:01	8	None	0	10421.945	13712.205	10.300	12.500	126.838	0.372	47.184	819.000	0.333	Poor	Pending
chr14-21403125-21403126-C-A	1		CHD8	R923L	7	RFSKPDSDLF	ENST00000430710.8	1	HLA-A*29:02	9	None	1	3112.380	5276.515	3.300	4.250	62.447	0.042	2.623	518.000	0.071	Poor	Pending
chr15-62819536-62819537-G-A	2		TLN2	E2265K	3	ILQKPTPKF	ENST00000561311.5	5	HLA-A*29:02	8	None	2	4310.605	3185.955	3.950	2.850	20.006	0.351	7.022	154.000	0.452	Poor	Pending
chr18-80138228-80138229-G-T			ADNP2	R939I	0	AVHLVRCISA	ENST00000262198.9	1	HLA-B*45:01	8	None	0	7262.155	10890.455	7.600	9.750	19.521	0.959	18.721	122.000	1.000	Poor	Pending
chr15-50643416-50643417-T-G			TRPM7	K153T	0	FELHPRIT	ENST00000560955.5	1	HLA-B*45:01	8	None	0	5450.200	9255.798	4.600	8.400	28.628	0.450	12.883	416.000	0.500	Poor	Pending
chr6-46662451-46662452-C-G		1	SLC25A27	Q154E	3	VEMQMEGKR	ENST00000371347.10	1	HLA-B*45:01	2	None	1	4717.186	35656.275	8.647	39.000	14.615	0.521	7.614	71.000	0.484	Poor	Pending
chr17-82961144-82961145-G-C	2	1	B3GNTL1	L198V	3	LFFYEHVRK	ENST00000320865.4	1	HLA-A*29:02	7	None	3	3140.125	974.350	4.550	2.250	10.001	0.235	2.350	81.000	0.221	Poor	Pending
chr14-91783159-91783160-T-A		3	TC2N	K471N	5	IEAVNQWNET	ENST00000340892.9	1	HLA-B*45:01	8	None	3	1901.265	3255.500	2.750	3.450	1.985	0.125	0.248	16.000	0.151	Poor	Pending
chr19-17052841-17052842-C-G		1	HAUS8	K304N	3	SELKDVTAKN	ENST00000253669.10	1	HLA-B*45:01	10	None	1	4520.046	7503.075	5.050	3.950	10.348	0.602	6.229	98.000	0.548	Poor	Pending
chr2-175093191-175093192-C-G			ATF2	D352H	0	HEKRRKFLE	ENST00000264110.7	1	HLA-B*45:01	1	None	0	11919.840	19454.849	10.350	17.500	100.906	0.445	44.903	878.000	0.461	Poor	Pending
chr2-219471924-219471925-A-G			SPEG	Y1258C	0	AGVCKSVIA	ENST00000312358.12	5	HLA-B*45:01	4	None	0	9580.850	8433.635	9.700	9.285	66.211	0.397	26.286	126.000	0.333	Poor	Pending
chr8-125028638-125028639-T-C			WASHC5	Y1135C	0	YVRCTKLPR	ENST00000318410.12	1	HLA-A*29:02	4	None	0	6455.975	5628.810	8.650	7.681	65.088	0.212	13.799	448.000	0.139	Poor	Pending
chr9-37784015-37784016-T-A			EXOSC3	K124N	0	VTANSGDIF	ENST00000327304.10	1	HLA-A*29:02	4	None	0	6920.210	9886.520	9.825	15.230	28.784	0.533	15.342	255.000	0.480	Poor	Pending
chr4-48420360-48420361-A-G			SLAIN2	R533G	0	TAMGSGLPR	ENST00000264313.11	1	HLA-A*29:02	4	None	0	7947.620	10844.016	6.500	12.594	58.280	0.312	18.183	365.000	0.290	Poor	Pending
chr7-157005551-157005552-G-A		1	MNX1	P392S	2	SEDDSPPSRP	ENST00000252971.11	1	HLA-B*45:01	8	None	1	2653.235	2299.625	4.670	3.855	18.982	0.040	0.759	101.000	0.054	Poor	Pending
chr5-141332647-141332648-C-T	1		PCDHGA1	S655F	2	LFATVTLTV	ENST00000517417.3	1	HLA-A*29:02	2	None	1	2028.967	8022.440	3.200	12.650	0.326	0.571	0.186	7.000	0.681	Poor	Pending
chr20-17659330-17659331-C-T			RRBP1	E393K	0	NQGKKVKGA	ENST00000246043.8	1	HLA-B*45:01	7	None	0	15310.574	12423.337	8.700	7.800	153.904	0.493	75.875	676.000	0.574	Poor	Pending
chr1-86453473-86453474-G-A		2	CLCA2	G754E	1	LEVPAGPHP	ENST00000370565.5	1	HLA-B*45:01	2	None	2	2487.725	36247.860	5.200	52.612	0.509	1.000	0.509	2.000	0.575	Poor	Pending
chr19-13765994-13765995-G-C		1	MRI1	R138T	1	TEDMLEKDLT	ENST00000040663.8	1	HLA-B*45:01	10	None	1	4861.945	18342.410	4.750	9.100	24.532	0.201	4.931	389.000	0.224	Poor	Pending
chr11-63544840-63544860-GTGAGCACTTTGTCACCCAGC-G			PLAAT4	FS113-120	0	CEIWQVPL	ENST00000255688.8	1	HLA-B*45:01	3-8	None	0	5039.270	NA	3.153	NA	43.703	0.115	5.026	426.000	0.071	Poor	Pending
chr1-52961569-52961570-C-A			SCP2	A155D	0	SDHPVAPQMF	ENST00000371514.8	1	HLA-A*29:02	2	None	0	11822.960	6381.940	13.403	7.700	51.669	0.534	27.591	219.000	0.482	Poor	Pending
chr1-36179726-36179728-GG-AA		3	MAP7D1	EE764-765EK	4	KEKPIPQEP	ENST00000373151.6	1	HLA-B*45:01	3	None	3	1880.870	1720.405	3.850	3.210	93.193	NA	NA	NA	0.361	Poor	Pending
chrX-43656385-43656386-C-A	1	2	MAOA	D15E	2	SIAGHMFEV	ENST00000338702.4	1	HLA-A*29:02	8	None	3	3238.095	4035.900	3.551	6.650	0.784	1.000	0.784	2.000	1.000	Poor	Pending
chr3-33053544-33053545-G-T			GLB1	S246R	0	RNITDAFLS	ENST00000307363.10	1	HLA-A*29:02	1	None	0	10770.730	8498.385	17.500	15.000	77.589	0.253	19.630	782.000	0.314	Poor	Pending
chr15-43149136-43149137-G-C		1	TMEM62	W284C	2	LELEVGDCK	ENST00000260403.7	1	HLA-B*45:01	8	None	1	4702.850	5491.988	6.810	12.094	3.179	1.000	3.179	39.000	0.960	Poor	Pending
chr4-40808808-40808809-A-G		2	NSUN7	Y676C	1	TQHLCCRWVA	ENST00000381782.7	1	HLA-B*45:01	5	None	2	2476.125	2010.980	5.650	4.800	0.405	0.333	0.135	6.000	0.471	Poor	Pending
chr8-22566400-22566401-G-C			SORBS3	R336P	0	YLGSAPSLS	ENST00000240123.12	1	HLA-A*29:02	6	None	0	6955.165	9245.345	13.000	18.000	23.107	0.374	8.642	195.000	0.464	Poor	Pending
chr1-168179177-168179178-A-T			TIPRL	E34V	0	VVKLADELH	ENST00000367833.7	1	HLA-A*29:02	2	None	0	10081.884	31690.325	15.000	47.500	55.746	0.332	18.508	927.000	0.273	Poor	Pending
chr2-31366060-31366061-G-C			XDH	R791G	0	GVKRMGGGF	ENST00000379416.4	1	HLA-A*29:02	1	None	0	8019.631	8489.545	13.000	11.850	9.677	1.000	9.677	83.000	1.000	Poor	Pending
chr6-43340177-43340178-C-G			ZNF318	G1274R	0	SSFRKFSWKK	ENST00000361428.3	1	HLA-A*29:02	4	None	0	6805.415	5353.035	13.000	9.020	12.831	0.377	4.837	106.000	0.347	Poor	Pending
chr22-26540809-26540810-G-T			TPST2	P274H	0	HEDLIGKHGG	ENST00000338754.9	1	HLA-B*45:01	8	None	0	7433.355	7272.905	9.500	9.050	28.333	0.210	5.950	371.000	0.203	Poor	Pending
chr7-97006043-97006044-G-C	2		DLX6	E23Q	1	FMQFGQQQQ	ENST00000518156.3	1	HLA-A*29:02	3	None	2	4505.550	6295.350	5.950	10.433	2.584	0.424	1.096	33.000	0.411	Poor	Pending
chr1-223264671-223264672-G-C			SUSD4	L228V	0	LECLQNVIWS	ENST00000366878.9	1	HLA-B*45:01	7	None	0	7615.945	8447.660	7.365	8.800	24.362	0.203	4.945	236.000	0.374	Poor	Pending
chr19-14049194-14049196-CC-TT		1	IL27RA	A428V	1	QDVPPGTPA	ENST00000263379.4	1	HLA-B*45:01	3	None	1	2943.720	1800.660	4.350	2.300	13.617	NA	NA	NA	0.268	Poor	Pending
chr8-123220246-123220247-C-A			C8orf76	E333D	0	DEVHPDVKCV	ENST00000276704.6	1	HLA-B*45:01	6	None	0	8863.500	7758.295	4.650	4.600	45.915	0.173	7.943	352.000	0.129	Poor	Pending
chr22-37631020-37631021-C-G			GGA1	P501A	0	LHTVSPEPA	ENST00000381756.9	1	HLA-B*45:01	9	None	0	19041.279	38381.280	17.500	60.500	51.482	0.435	22.395	386.000	0.436	Poor	Pending
chr3-56617278-56617279-G-C			CCDC66	E671Q	0	QKENNRCNDQ	ENST00000394672.8	1	HLA-B*45:01	1	None	0	26644.625	27135.479	39.500	46.000	24.974	1.000	24.974	133.000	1.000	Poor	Pending
chr13-45399008-45399009-C-T			SLC25A30	M228I	0	RIMNQRVLR	ENST00000519676.6	1	HLA-A*29:02	2	None	0	10953.559	4801.523	5.861	5.272	20.311	0.520	10.562	223.000	0.451	Poor	Pending
chr9-137199427-137199428-T-A			TPRN	E428D	0	DEAEPAEGL	ENST00000409012.6	1	HLA-B*45:01	1	None	0	7302.025	2372.690	4.900	2.300	10.805	0.333	3.598	93.000	0.296	Poor	Pending
chr18-80136551-80136552-C-T			ADNP2	P380L	0	PLSQPVGLV	ENST00000262198.9	1	HLA-A*29:02	8	None	0	19743.070	27068.145	26.000	41.000	19.521	1.000	19.521	143.000	0.932	Poor	Pending
chr9-35750917-35750918-C-T			RGP1	T139I	0	YVYKLIIGC	ENST00000378078.5	1	HLA-A*29:02	6	None	0	12007.495	8961.610	11.209	7.463	12.548	0.995	12.485	194.000	0.979	Poor	Pending
chr2-71611503-71611504-C-G		1	DYSF	L1367V	11	RNMKSYQVA	ENST00000410020.8	1	HLA-B*45:01	8	None	1	3710.915	5311.435	3.650	5.100	0.119	1.000	0.119	2.000	1.000	Poor	Pending
chrX-71378281-71378287-GAGATAT-G			TAF1	GDI306-308G	0	KFSQSTGDK	ENST00000373790.9	1	HLA-A*29:02	8-9	None	0	13926.875	8908.985	17.000	16.000	18.137	0.745	13.512	153.000	0.894	Poor	Pending
chr6-1930220-1930221-A-T			GMDS	F218Y	0	HESPRRGANY	ENST00000380815.5	1	HLA-A*29:02	10	None	0	5513.520	22086.255	7.100	27.500	52.423	0.020	1.048	498.000	0.212	Poor	Pending
chr7-27130623-27130624-C-T			HOXA4	G37D	0	GGPDGGPGY	ENST00000360046.10	1	HLA-A*29:02	4	None	0	5038.820	5061.965	3.800	3.800	1.689	0.375	0.633	16.000	0.375	Poor	Pending
chr7-102317255-102317256-A-G			SH2B2	H462R	0	ELSDYPWFR	ENST00000536178.3	1	HLA-A*29:02	9	None	0	5981.995	3205.479	4.365	3.048	6.055	0.223	1.350	94.000	0.181	Poor	Pending
chr13-25541936-25541938-GA-CT	1		ATP8A2	D224L	6	LMQTREVLM	ENST00000381655.7	1	HLA-A*29:02	1	None	1	3537.465	7111.135	4.100	7.700	0.145	NA	NA	NA	0.319	Poor	Pending
chr2-102015965-102015966-C-T	1		IL1R2	T143I	4	FISYPQILI	ENST00000332549.8	1	HLA-A*29:02	9	None	1	4213.895	8236.105	6.280	12.790	0.517	0.300	0.155	10.000	0.200	Poor	Pending
chr19-6044262-6044263-G-C			RFX2	A37G	0	AGSSNPKGA	ENST00000303657.10	1	HLA-B*45:01	2	None	0	18548.787	21160.558	17.170	14.500	15.809	1.000	15.809	45.000	0.989	Poor	Pending
chr9-4286160-4286161-G-T	1		GLIS3	Q89K	4	KMLTNGKPRF	ENST00000477901.5	1	HLA-A*29:02	1	None	1	4069.043	3901.198	3.979	3.750	2.761	0.043	0.119	23.000	0.153	Poor	Pending
chr1-16972417-16972418-C-G			CROCC	S2009C	0	SSAPFCPPS	ENST00000375541.10	5	HLA-B*45:01	6	None	0	13779.640	13580.405	15.500	12.040	11.754	1.000	11.754	56.000	0.988	Poor	Pending
chr20-35384131-35384132-C-G		3	UQCC1	W44S	1	SPQMSQSRA	ENST00000374385.10	1	HLA-B*45:01	1	None	3	18964.750	26118.566	14.500	24.500	47.722	0.327	15.605	581.000	0.434	Poor	Pending
chr15-40622779-40622780-C-T			KNL1	P865L	0	SVQKPKFLK	ENST00000346991.9	1	HLA-A*29:02	8	None	0	11386.919	15028.915	6.335	11.955	13.527	0.492	6.655	128.000	0.444	Poor	Pending
chr16-49281350-49281351-C-T			CBLN1	D39N	0	LEGKCLVVCN	ENST00000219197.11	1	HLA-B*45:01	10	None	0	5071.920	5329.090	10.740	9.900	0.713	0.400	0.285	5.000	0.215	Poor	Pending
chr7-92077866-92077867-G-C			AKAP9	D2313H	0	QLKITTHNK	ENST00000356239.8	1	HLA-A*29:02	7	None	0	20518.143	27778.605	20.500	34.000	36.250	0.408	14.790	238.000	0.412	Poor	Pending
chr1-27359862-27359863-T-G			MAP3K6	I772L	0	RDLKGDNVLI	ENST00000357582.3	1	HLA-B*45:01	3	None	0	17128.240	17712.325	18.000	11.350	32.590	0.315	10.266	295.000	0.260	Poor	Pending
chr4-154491218-154491219-G-C			DCHS2	S46C	0	TQRCLLWLLV	ENST00000357232.10	1	HLA-B*45:01	4	None	0	8861.125	9012.520	12.670	13.165	2.425	1.000	2.425	17.000	0.963	Poor	Pending
chr19-422192-422193-G-C			SHC2	H525D	0	GMDAGQPKH	ENST00000264554.11	1	HLA-A*29:02	3	None	0	6285.960	4157.485	5.800	5.158	8.139	0.070	0.570	115.000	0.110	Poor	Pending
chr3-186164997-186164998-C-T			DGKG	E706K	0	KVVGLEGAM	ENST00000265022.8	1	HLA-A*29:02	1	None	0	6852.753	11717.509	12.000	15.500	0.612	1.000	0.612	2.000	0.518	Poor	Pending
chr15-40622778-40622779-C-T			KNL1	P865S	0	DESVQKPKFS	ENST00000346991.9	1	HLA-B*45:01	10	None	0	15822.606	11643.015	19.000	15.500	13.527	0.492	6.655	128.000	0.444	Poor	Pending
chr6-1930219-1930220-G-T			GMDS	F218L	0	HESPRRGANL	ENST00000380815.5	1	HLA-B*45:01	10	None	0	8055.225	7388.880	5.450	6.150	52.423	0.020	1.048	505.000	0.211	Poor	Pending
chr10-104021651-104021652-G-T			SLK	E1160D	0	VEHDTQKLKE	ENST00000369755.4	1	HLA-B*45:01	4	None	0	8577.985	7910.925	9.050	10.747	21.369	0.057	1.218	418.000	0.068	Poor	Pending
chr1-183880710-183880711-A-C			RGL1	Y209S	0	KLLDSLTRM	ENST00000304685.8	1	HLA-A*29:02	5	None	0	5795.190	3727.115	4.750	2.700	0.461	0.286	0.132	7.000	0.300	Poor	Pending
chr9-137436071-137436072-C-T			ENTPD8	G331S	0	SQEDCAFDGV	ENST00000344119.6	1	HLA-B*45:01	1	None	0	6325.619	12107.929	6.550	10.400	0.236	0.500	0.118	4.000	0.346	Poor	Pending
chr1-150261628-150261629-G-A			CA14	G83S	0	TEPLDLHNNS	ENST00000369111.9	1	HLA-B*45:01	10	None	0	6752.005	10119.155	6.735	7.965	0.137	0.500	0.069	4.000	0.321	Poor	Pending
chr1-232805681-232805682-C-T			MAP10	P78L	0	VYPPDGPGAL	ENST00000418460.4	NA	HLA-A*29:02	10	None	0	10383.320	32128.380	12.500	44.500	1.996	0.469	0.936	32.000	0.233	Poor	Pending
chr16-87417563-87417564-G-C			ZCCHC14	L290V	0	ILMPSSVQT	ENST00000268616.9	1	HLA-A*29:02	7	None	0	17165.590	6940.345	17.500	8.000	12.705	0.248	3.151	153.000	0.277	Poor	Pending
chrX-9937278-9937279-G-C			SHROOM2	D1245H	0	LEKHQIKTLS	ENST00000380913.8	1	HLA-B*45:01	4	None	0	9323.535	9436.910	6.600	5.957	0.608	1.000	0.608	4.000	1.000	Poor	Pending
chr6-152325133-152325134-C-T			SYNE1	E5203K	0	DQKKILEDA	ENST00000367255.10	1	HLA-B*45:01	3	None	0	12351.545	9854.270	13.500	12.895	5.739	0.286	1.641	7.000	0.323	Poor	Pending
chr12-116009024-116009025-G-C			MED13L	A463G	0	SLPPPGSSK	ENST00000281928.9	1	HLA-A*29:02	6	None	0	18804.715	17050.555	14.710	13.635	77.827	0.038	2.957	586.000	0.050	Poor	Pending
chrX-107601385-107601386-G-T			FRMPD3	S1116I	0	LESTPKRIKL	ENST00000276185.9	5	HLA-B*45:01	8	None	0	8012.715	9166.905	5.700	6.450	0.100	0.500	0.050	4.000	0.391	Poor	Pending
chr22-37570267-37570268-C-G			LGALS2	E132Q	0	NMSSFKLKQ	ENST00000215886.6	1	HLA-A*29:02	9	None	0	8035.340	10549.745	8.000	13.000	0.067	0.222	0.015	9.000	0.484	Poor	Pending
chr14-32773880-32773881-G-T			AKAP6	M1192I	0	IGKESETLNV	ENST00000280979.9	1	HLA-B*45:01	1	None	0	26663.053	19120.189	53.000	31.500	2.905	1.000	2.905	6.000	0.607	Poor	Pending
chrX-68717715-68717716-G-A			STARD8	G268S	0	AKNWAATSAS	ENST00000374599.8	1	HLA-B*45:01	10	None	0	13320.040	13900.995	17.000	15.500	0.753	1.000	0.753	3.000	1.000	Poor	Pending
chr4-176120050-176120052-AG-GA			WDR17	KV188-189KI	0	HTHQKGKIVF	ENST00000280190.8	1	HLA-A*29:02	8	None	0	8364.835	9623.640	10.400	13.135	0.514	NA	NA	NA	0.508	Poor	Pending
chr1-227091906-227091907-GC-G			CDC42BPA	FS778	0	VLLTEENKN	ENST00000366769.7	1	HLA-A*29:02	9	None	0	37126.609	26137.435	57.500	29.822	40.050	0.061	2.443	312.000	0.236	Poor	Pending
chrX-149930830-149930831-G-A			HSFX4	R243H	0	QSFRHSGMW	ENST00000457775.3	3	HLA-A*29:02	5	None	0	9111.604	13005.064	15.000	20.500	0.012	0.286	0.003	7.000	0.422	Poor	Pending
chr8-132141242-132141243-C-G			KCNQ3	D451H	0	KLFTPLNVH	ENST00000388996.10	1	HLA-A*29:02	9	None	0	9498.345	32680.610	5.814	45.500	0.019	1.000	0.019	2.000	0.291	Poor	Pending
chr8-66813873-66813874-C-T			SGK3	A92V	0	KQRRVGLNEF	ENST00000345714.8	1	HLA-A*29:02	5	None	0	20174.055	20565.870	21.000	21.000	2.109	0.571	1.204	7.000	0.230	Poor	Pending
chrX-15355261-15355262-C-T			VEGFD	E177K	0	SVPLTSVPK	ENST00000297904.4	1	HLA-A*29:02	9	None	0	17753.369	29272.610	11.175	39.000	0.674	1.000	0.674	5.000	0.987	Poor	Pending
chr2-219514658-219514659-C-A			ASIC4	P106T	0	GRATGLLA	ENST00000693692.1	NA	HLA-B*45:01	4	None	0	17753.904	18582.665	14.500	14.000	0.692	0.667	0.462	6.000	0.238	Poor	Pending
chr15-40622778-40622780-CC-TT			KNL1	P865L	0	SVQKPKFLK	ENST00000346991.9	1	HLA-A*29:02	8	None	0	11386.919	15028.915	6.335	11.955	13.527	NA	NA	NA	0.450	Poor	Pending
chr17-7588499-7588500-G-C			SOX15	Q194E	0	PESDPRLQG	ENST00000250055.3	1	HLA-B*45:01	2	None	0	18764.080	40942.520	13.750	66.872	0.580	0.692	0.401	13.000	0.722	Poor	Pending
chr3-184239802-184239803-C-T			VWA5B2	A836V	0	PQVPRCHVV	ENST00000426955.6	1	HLA-B*45:01	3	None	0	21460.445	20771.973	27.610	20.500	0.083	1.000	0.083	2.000	0.429	Poor	Pending
chr2-106425181-106425182-C-T			RGPD3	E929K	0	GFKFGISK	ENST00000409886.4	1	HLA-A*29:02	8	None	0	21312.443	31539.421	20.096	45.500	0.014	0.364	0.005	22.000	0.139	Poor	Pending
chr11-20638483-20638484-T-A	6	4	SLC6A5	V632E	1	YMFQLEDTY	ENST00000525748.6	1	HLA-A*29:02	6	None	10	11.735	9.050	0.107	0.065	0.006	0.000	0.000	1.000	0.452	NoExpr	Pending
chr20-59301546-59301547-G-T		3	EDN3	G64W	7	GEWTVAPTA	ENST00000337938.7	1	HLA-B*45:01	3	None	3	42.900	80.960	0.050	0.095	0.019	0.000	0.000	0.000	0.220	NoExpr	Pending
chr11-59364558-59364559-T-A	6	2	OR5AN1	V34E	3	VLFTIFLEIY	ENST00000313940.2	NA	HLA-A*29:02	8	None	8	53.390	63.505	0.290	0.240	0.154	0.000	0.000	0.000	0.116	NoExpr	Pending
chr2-195816717-195816718-T-G	6		DNAH7	E3224A	1	ANIAPMYQY	ENST00000312428.11	1	HLA-A*29:02	4	None	6	53.745	70.855	0.335	0.313	0.478	0.000	0.000	0.000	0.167	NoExpr	Pending
chr18-60371739-60371740-T-G	11		MC4R	M204L	1	MFFTLLALM	ENST00000299766.5	NA	HLA-A*29:02	5	None	11	60.515	56.745	0.410	0.410	0.000	0.000	0.000	0.000	1.000	NoExpr	Pending
chr16-25221522-25221523-G-C	4		AQP8	M109I	2	LNLVILLPY	ENST00000219660.6	1	HLA-A*29:02	5	None	4	67.053	74.412	0.400	0.485	0.000	0.000	0.000	0.000	0.247	NoExpr	Pending
chr11-124319973-124319974-G-A	6		OR8D2	S75F	1	SFIDLCYSF	ENST00000624618.2	NA	HLA-A*29:02	9	None	6	72.410	2258.115	0.205	3.500	0.000	0.000	0.000	0.000	1.000	NoExpr	Pending
chr12-10159995-10159996-G-C	2	2	OLR1	Q236E	2	SETYPSGTCA	ENST00000309539.8	1	HLA-B*45:01	2	None	4	75.430	3711.735	0.144	4.000	0.273	0.000	0.000	0.000	0.195	NoExpr	Pending
chr15-69049033-69049034-G-C	2	2	NOX5	D659H	5	LEMHQAEEA	ENST00000388866.8	1	HLA-B*45:01	4	None	4	116.010	142.260	0.300	0.300	0.160	0.000	0.000	0.000	0.396	NoExpr	Pending
chr10-60186848-60186849-G-T	4	3	ANK3	L651M	3	MDIATTLMEY	ENST00000280772.7	1	HLA-A*29:02	8	None	7	132.065	99.645	0.710	0.500	0.163	0.000	0.000	0.000	0.134	NoExpr	Pending
chr11-56542446-56542447-T-C	4	9	OR5M11	K271E	1	SEIIAVFYT	ENST00000528616.5	NA	HLA-B*45:01	2	None	11	132.820	14332.975	0.445	13.000	0.000	0.000	0.000	0.000	0.291	NoExpr	Pending
chr2-110933496-110933497-G-A		3	ACOXL	G143E	5	AEALLDEDV	ENST00000417074.5	1	HLA-B*45:01	2	None	3	185.905	15206.065	0.600	20.500	0.188	0.000	0.000	2.000	1.000	NoExpr	Pending
chr3-122927970-122927971-G-C	2	2	SEMA5B	I223M	8	KMNGVARCPY	ENST00000357599.8	1	HLA-A*29:02	2	None	4	233.670	869.910	0.968	2.050	0.169	0.000	0.000	0.000	1.000	NoExpr	Pending
chr22-46257698-46257699-G-A	12		PKDREJ	T1875I	1	LLHIYGSGGY	ENST00000253255.7	NA	HLA-A*29:02	4	None	12	237.219	234.675	0.950	0.900	0.020	0.000	0.000	1.000	0.270	NoExpr	Pending
chr3-154284954-154284982-GAGGTGTCAATTCTTCTTGTTTATCCAAA-G	4	5	DHX36	FS679-688	6	ALESTWHDY	ENST00000496811.6	1	HLA-A*29:02	3-9	None	9	242.825	NA	0.605	NA	66.432	0.000	0.000	445.000	0.086	NoExpr	Pending
chr4-114833618-114833619-A-G	2		NDST4	S795P	1	YNYPEALTF	ENST00000264363.7	1	HLA-A*29:02	4	None	2	254.405	278.395	0.476	0.691	0.003	0.000	0.000	0.000	0.187	NoExpr	Pending
chr21-30755335-30755336-C-T	2		KRTAP21-1	G15S	1	YGSSCGCGY	ENST00000335093.5	NA	HLA-A*29:02	4	None	2	256.025	300.110	1.250	1.200	0.000	0.000	0.000	0.000	0.470	NoExpr	Pending
chr14-70060889-70060890-C-G		7	SLC8A3	E612Q	3	YERQQNFFIA	ENST00000381269.6	1	HLA-B*45:01	5	None	7	257.402	172.575	0.505	0.375	0.023	0.000	0.000	0.000	1.000	NoExpr	Pending
chr7-132508196-132508197-C-A	1	2	PLXNA4	S166I	4	NEIGSVFGV	ENST00000378539.5	1	HLA-B*45:01	3	None	3	315.685	319.740	0.425	0.613	0.575	0.000	0.000	2.000	0.281	NoExpr	Pending
chr6-131710718-131710719-T-C	5		CTAGE9	Q100R	1	KFSLIRKEY	ENST00000314099.10	NA	HLA-A*29:02	6	None	5	321.425	157.385	0.630	0.410	0.000	0.000	0.000	0.000	0.103	NoExpr	Pending
chr3-38698510-38698511-G-A	10		SCN10A	T1570M	3	QSYFSPMLF	ENST00000449082.3	1	HLA-A*29:02	7	None	10	383.670	756.060	0.927	1.611	0.004	0.000	0.000	0.000	0.273	NoExpr	Pending
chr14-23425383-23425384-T-G	1	2	MYH7	E774A	1	AEMRDERLS	ENST00000355349.4	1	HLA-B*45:01	1	None	3	414.520	1287.735	1.150	2.000	0.005	0.000	0.000	0.000	0.192	NoExpr	Pending
chr6-73363141-73363172-CTTGATTCACGTGAATCGATTGGACCCTAACG-C	4		KHDC3L	FS73-83	1	QIARLRSWY	ENST00000370367.4	1	HLA-A*29:02	3-9	None	4	423.670	NA	1.550	NA	0.000	0.000	0.000	0.000	0.113	NoExpr	Pending
chr17-3433668-3433669-G-T	4		OR1E2	P58H	1	HLHTHVYLF	ENST00000248384.1	NA	HLA-A*29:02	5	None	4	428.970	544.770	0.740	0.770	0.000	0.000	0.000	2.000	0.312	NoExpr	Pending
chr3-130409352-130409353-G-T	2		COL6A5	G1503W	1	GSRGAPWQY	ENST00000312481.11	1	HLA-A*29:02	7	None	2	443.995	1107.305	1.315	2.550	0.001	0.000	0.000	0.000	0.306	NoExpr	Pending
chr19-8969814-8969831-ACGTGGAATTTCCTTGTG-A	5	7	MUC16	FS3175-3180	1	VTNRKYVGY	ENST00000397910.8	5	HLA-A*29:02	1-9	None	12	489.815	NA	1.490	NA	0.003	0.000	0.000	0.000	0.750	NoExpr	Pending
chr14-91235009-91235029-GGTACAGCTCATCGAGGAGTT-G	6	4	GPR68	FS8-14	4	NITADHRPY	ENST00000531499.2	1	HLA-A*29:02	6-9	None	10	537.355	18083.905	1.450	24.005	0.177	0.000	0.000	34.000	0.093	NoExpr	Pending
chr6-30986467-30986468-T-C		3	MUC21	V98A	1	SEFSTASSGI	ENST00000376296.3	1	HLA-B*45:01	6	None	3	557.875	495.655	0.736	0.692	0.123	0.000	0.000	0.000	0.662	NoExpr	Pending
chr11-63290369-63290370-G-A	1	1	SLC22A10	E69K	4	NETGILSKDA	ENST00000332793.11	1	HLA-B*45:01	8	None	2	611.375	386.505	0.931	0.670	0.070	0.000	0.000	0.000	0.553	NoExpr	Pending
chr5-150120064-150120065-G-A	3		PDGFRB	T882I	1	YTILSDVWSF	ENST00000261799.9	1	HLA-A*29:02	3	None	3	685.144	1367.350	1.600	2.973	0.280	0.000	0.000	6.000	0.291	NoExpr	Pending
chr1-22576425-22576426-C-A	4	2	EPHA8	N123K	2	GTCKETFKLY	ENST00000374644.8	1	HLA-A*29:02	8	None	6	742.195	636.415	1.285	0.800	0.001	0.000	0.000	0.000	0.272	NoExpr	Pending
chr10-115241629-115241630-G-A	2	2	ATRNL1	G531E	2	NEAMLIFGG	ENST00000355044.8	1	HLA-B*45:01	2	None	4	764.315	27414.162	2.131	41.000	0.262	0.000	0.000	0.000	0.443	NoExpr	Pending
chrX-141003559-141003560-C-G		4	SPANXB1	L74V	1	EELVNDHA	ENST00000449283.2	1	HLA-B*45:01	4	None	4	780.890	796.975	0.753	0.736	0.000	0.000	0.000	0.000	0.830	NoExpr	Pending
chr1-204986102-204986103-C-G		5	NFASC	T923S	4	KEFTSPEGV	ENST00000513543.6	1	HLA-B*45:01	5	None	5	795.955	826.175	1.440	1.520	0.974	0.000	0.000	0.000	0.596	NoExpr	Pending
chr2-227893862-227893863-C-T	1	3	DAW1	T129M	2	MLEGHRNVVY	ENST00000309931.3	1	HLA-A*29:02	1	None	4	860.650	1433.285	1.900	2.195	0.488	0.000	0.000	0.000	0.336	NoExpr	Pending
chr11-64593669-64593670-G-C	2		SLC22A12	V233L	3	LLMTLNSLGF	ENST00000377574.6	1	HLA-A*29:02	2	None	2	860.825	982.735	2.139	2.268	0.000	0.000	0.000	0.000	0.155	NoExpr	Pending
chr15-44767453-44767453-T-TC		1	TRIM69	FS395	6	SEGQLSSNS	ENST00000329464.9	1	HLA-B*45:01	1-9	None	1	880.755	NA	1.995	NA	21.208	0.000	0.000	4.000	0.324	NoExpr	Pending
chr17-11784434-11784435-G-C	1		DNAH9	D2653H	2	PLIHLALAF	ENST00000262442.9	1	HLA-A*29:02	4	None	1	955.435	615.626	2.150	1.700	0.061	0.000	0.000	0.000	0.349	NoExpr	Pending
chr1-207623001-207623002-C-G	3		CR1	S1979C	6	GTLCGTIFF	ENST00000400960.7	1	HLA-A*29:02	4	None	3	966.865	587.025	1.358	0.678	0.135	0.000	0.000	0.000	0.285	NoExpr	Pending
chr6-73363176-73363177-AG-A	2	3	KHDC3L	FS84	1	GELRSWYLG	ENST00000370367.4	1	HLA-B*45:01	3-9	None	5	1001.990	NA	1.900	NA	0.000	0.000	0.000	0.000	0.085	NoExpr	Pending
chr6-122781239-122781240-C-G	7		FABP7	P132A	1	FFSSAHTSH	ENST00000356535.4	1	HLA-A*29:02	5	None	7	1003.815	955.040	1.799	1.709	0.317	0.000	0.000	0.000	0.362	NoExpr	Pending
chr1-37721680-37721681-G-T		2	EPHA10	L709M	3	MEGVVTRGS	ENST00000427468.6	5	HLA-B*45:01	1	None	2	1081.815	3918.700	2.819	6.342	0.059	0.000	0.000	0.000	0.382	NoExpr	Pending
chr7-87424004-87424005-A-C	2		ABCB4	N704K	4	KLKKTEWPY	ENST00000265723.8	1	HLA-A*29:02	3	None	2	1107.775	459.770	2.400	0.935	0.044	0.000	0.000	0.000	0.181	NoExpr	Pending
chr1-66834005-66834006-C-G	2		DNAI4	G626R	2	WVIRKRLDCY	ENST00000371026.8	1	HLA-A*29:02	6	None	2	1126.730	588.584	2.094	1.414	7.011	0.000	0.000	0.000	0.605	NoExpr	Pending
chr1-59858482-59858483-C-T		3	HOOK1	S433L	3	NEELRCLQV	ENST00000371208.5	1	HLA-B*45:01	7	None	3	1163.935	1124.905	1.845	1.765	0.230	0.000	0.000	0.000	0.394	NoExpr	Pending
chr10-13481023-13481024-C-G	4		BEND7	R274T	7	LFTKLVCAFF	ENST00000378605.3	1	HLA-A*29:02	3	None	4	1165.543	2307.530	2.285	3.700	0.053	0.000	0.000	0.000	1.000	NoExpr	Pending
chr11-70087776-70087777-C-T	3		ANO1	P86L	4	LDAECKYGLY	ENST00000531349.6	1	HLA-A*29:02	1	None	3	1185.832	4118.843	2.150	6.400	0.764	0.000	0.000	0.000	0.187	NoExpr	Pending
chr14-39247882-39247883-G-C		2	MIA2	D437H	3	TEHQIDKKPV	ENST00000640607.2	1	HLA-B*45:01	3	None	2	1254.975	2861.790	1.600	3.600	41.150	0.000	0.000	0.000	0.984	NoExpr	Pending
chr2-160107761-160107762-T-A	4		ITGB6	I729F	5	CFWKLLVSF	ENST00000283249.7	1	HLA-A*29:02	2	None	4	1279.565	3781.710	1.750	3.600	0.093	0.000	0.000	0.000	0.225	NoExpr	Pending
chrX-102463004-102463005-G-A	3	1	TCP11X2	R318W	4	RIWLQELAF	ENST00000642911.1	NA	HLA-A*29:02	3	None	4	1283.845	6196.065	1.590	7.750	0.000	0.000	0.000	0.000	0.481	NoExpr	Pending
chrX-7843975-7843976-C-T		4	VCX	P194L	4	VEEPLSQES	ENST00000381059.7	1	HLA-B*45:01	5	None	4	1326.575	2515.045	2.000	3.650	0.000	0.000	0.000	0.000	1.000	NoExpr	Pending
chr11-193734-193735-G-A		3	SCGB1C1	D27N	1	NEFFMDFLQT	ENST00000342878.3	1	HLA-B*45:01	1	None	3	1349.740	4064.367	1.950	3.850	0.000	0.000	0.000	4.000	0.213	NoExpr	Pending
chr11-123943666-123943667-G-C	7	2	OR6T1	Q58E	1	IEMYFFLRNF	ENST00000321252.3	NA	HLA-B*45:01	2	None	8	1383.315	11936.950	1.750	17.110	0.000	0.000	0.000	0.000	0.448	NoExpr	Pending
chrX-8466116-8466117-G-C		5	VCX3B	E159Q	1	QESQVEEPLS	ENST00000381032.6	5	HLA-B*45:01	4	None	5	1440.825	1785.990	2.100	2.330	0.048	0.000	0.000	3.000	0.110	NoExpr	Pending
chr2-201835739-201835740-A-C	2		CDK15	E276D	5	DALLGATDY	ENST00000450471.6	1	HLA-A*29:02	8	None	2	1453.760	1102.930	2.478	1.900	0.204	0.000	0.000	0.000	0.574	NoExpr	Pending
chr22-37723212-37723213-GA-G		2	TRIOBP	FS219	1	GEKAGCPWS	ENST00000644935.1	NA	HLA-B*45:01	1-9	None	2	1589.625	NA	2.310	NA	35.473	0.000	0.000	5.000	0.289	NoExpr	Pending
chr19-8955983-8955984-G-A	1		MUC16	S6929F	1	STMGHTTVF	ENST00000397910.8	5	HLA-A*29:02	9	None	1	1715.030	18985.310	1.695	18.451	0.003	0.000	0.000	0.000	0.471	NoExpr	Pending
chr6-29374537-29374538-G-C	9		OR12D3	F250L	1	CLLYGPVGF	ENST00000396806.3	NA	HLA-A*29:02	3	None	9	1738.775	656.650	2.901	1.371	0.006	0.000	0.000	0.000	0.398	NoExpr	Pending
chr7-117548739-117548740-G-T	3		CFTR	G437C	2	FFSNFSLLC	ENST00000003084.11	1	HLA-A*29:02	9	None	3	1740.440	1375.580	2.050	2.500	1.844	0.000	0.000	0.000	0.116	NoExpr	Pending
chr3-183179682-183179683-G-A	2		MCF2L2	L1039F	2	SALSLAGFF	ENST00000328913.8	5	HLA-A*29:02	8	None	2	1977.045	1251.915	2.010	1.732	0.407	0.000	0.000	0.000	0.377	NoExpr	Pending
chr7-122013415-122013416-A-G		3	PTPRZ1	N1457S	8	RESQEKVMS	ENST00000393386.7	1	HLA-B*45:01	9	None	3	2005.170	5467.290	3.450	7.700	0.909	0.000	0.000	0.000	0.241	NoExpr	Pending
chr2-222689427-222689428-G-T	8		MOGAT1	W146L	1	YLHVLPLLFW	ENST00000446656.4	5	HLA-A*29:02	8	None	8	2053.430	3754.055	3.700	4.100	0.091	0.000	0.000	2.000	0.349	NoExpr	Pending
chr1-119895935-119895936-C-T	1		ADAM30	R134Q	1	CMGGLQGVF	ENST00000369400.2	NA	HLA-A*29:02	6	None	1	2069.890	3246.300	3.677	4.450	0.019	0.000	0.000	0.000	0.203	NoExpr	Pending
chr19-50625545-50625546-G-A	1		SYT3	S474F	3	GFSDPYVKAF	ENST00000338916.8	1	HLA-A*29:02	10	None	1	2190.675	23546.000	2.525	27.000	0.000	0.000	0.000	0.000	0.540	NoExpr	Pending
chr6-29174125-29174126-C-T	5		OR2J2	T164I	2	SFIFWVPLC	ENST00000377167.3	NA	HLA-A*29:02	3	None	5	2194.410	4813.615	3.350	5.200	0.037	0.000	0.000	0.000	0.277	NoExpr	Pending
chr5-115130597-115130604-ACTAACTG-A		2	TRIM36	FS607-609	3	VEVRMPVLI	ENST00000282369.7	1	HLA-B*45:01	1-9	None	2	2241.135	NA	3.200	NA	1.136	0.000	0.000	0.000	0.920	NoExpr	Pending
chr15-43612872-43612873-C-T	1	1	STRC	G901S	4	LEDSWPAAS	ENST00000450892.7	5	HLA-B*45:01	9	None	2	2344.620	3389.280	2.800	3.250	0.276	0.000	0.000	2.000	0.203	NoExpr	Pending
chr17-41771694-41771736-GTGTACTGGCGCCCGCAGGCCTCATCCTCCTCCATGATGCCCT-G	2		JUP	KGIMEEDEACGRQYT40-54T	9	SSTLKKTTTY	ENST00000310706.9	1	HLA-A*29:02	2-3	None	2	2414.025	819.245	3.800	1.320	7.210	0.000	0.000	5.000	0.224	NoExpr	Pending
chr1-45058674-45058675-G-A	2	1	ZSWIM5	L396F	1	TEQFVADPRF	ENST00000359600.6	1	HLA-B*45:01	10	None	3	2531.662	2131.060	3.550	3.050	0.606	0.000	0.000	0.000	0.354	NoExpr	Pending
chr14-94463231-94463232-G-T	1	1	SERPINA9	T390N	7	ATAATTNKF	ENST00000337425.10	1	HLA-A*29:02	7	None	2	2635.710	2182.040	2.800	2.150	0.035	0.000	0.000	0.000	0.461	NoExpr	Pending
chr6-43283594-43283595-A-T		2	TTBK1	E952V	1	VEFSAGGEL	ENST00000259750.9	1	HLA-B*45:01	1	None	2	2740.000	1490.670	3.100	1.900	0.015	0.000	0.000	0.000	0.267	NoExpr	Pending
chr5-23521053-23521054-C-G		1	PRDM9	S128C	2	NECSLKELS	ENST00000296682.4	1	HLA-B*45:01	3	None	1	2984.550	2504.450	3.890	3.150	0.024	0.000	0.000	0.000	0.417	NoExpr	Pending
chr11-5968293-5968294-G-C	5		OR56A5	S67R	1	YYLLRLLSLL	ENST00000532411.2	NA	HLA-A*29:02	5	None	5	3125.395	1905.795	5.150	3.950	0.000	1.000	0.000	2.000	1.000	NoExpr	Pending
chr2-108681035-108681036-AT-A		4	LIMS1	FS147	1	REKQRIRTS	ENST00000542845.3	5	HLA-B*45:01	1-9	None	4	3247.885	NA	4.600	NA	29.439	0.000	0.000	5.000	0.141	NoExpr	Pending
chr13-37746421-37746422-C-T	1		TRPC4	E138K	7	ILLDKQFSKF	ENST00000625583.2	1	HLA-A*29:02	9	None	1	3268.935	3184.415	2.750	2.050	0.053	0.000	0.000	0.000	0.507	NoExpr	Pending
chr10-122601958-122601959-T-C	2	1	DMBT1	M1169T	12	TSAPGNARF	ENST00000338354.10	1	HLA-A*29:02	1	None	3	3270.890	906.470	2.950	1.595	0.052	0.000	0.000	0.000	0.923	NoExpr	Pending
chr2-26458127-26458128-A-G	1		OTOF	I1202T	2	TVLALLGLLM	ENST00000339598.8	1	HLA-A*29:02	1	None	1	3322.350	2761.950	3.600	3.750	0.281	0.000	0.000	0.000	0.995	NoExpr	Pending
chr1-686482-686483-G-C	6		OR4F16	P58A	1	TDPHLHSAMY	ENST00000332831.5	NA	HLA-A*29:02	8	None	6	3391.520	3624.450	3.239	3.600	0.000	0.000	0.000	1.000	0.128	NoExpr	Pending
chr11-58190707-58190708-A-T	2		OR9Q2	Y73F	1	FSSAIIPQM	ENST00000641291.1	NA	HLA-A*29:02	1	None	2	3429.470	2379.220	2.500	1.939	0.008	0.000	0.000	0.000	0.514	NoExpr	Pending
chr9-81992222-81992223-C-G	1		SPATA31D1	Q585E	1	SLAQPESPF	ENST00000344803.3	2	HLA-A*29:02	6	None	1	3536.015	1658.525	3.250	2.150	0.000	1.000	0.000	2.000	0.693	NoExpr	Pending
chr13-25541937-25541938-A-T	1		ATP8A2	D224V	6	VMQTREVLM	ENST00000381655.7	1	HLA-A*29:02	1	None	1	3591.565	7111.135	4.300	7.700	0.145	0.000	0.000	0.000	0.306	NoExpr	Pending
chr9-39359764-39359765-C-T		2	SPATA31A1	P667L	1	LERDLCPHL	ENST00000377647.6	1	HLA-B*45:01	5	None	2	3656.075	5858.110	3.100	4.000	0.000	0.000	0.000	0.000	0.128	NoExpr	Pending
chr14-24068642-24068643-G-A		1	CARMIL3	E1248K	1	KEEKEGTLFP	ENST00000342740.6	5	HLA-B*45:01	1	None	1	3676.090	2462.670	4.450	2.353	1.601	0.000	0.000	25.000	0.185	NoExpr	Pending
chr1-203347717-203347718-G-C		1	FMOD	H185D	2	RELHLDDNQI	ENST00000354955.5	1	HLA-B*45:01	7	None	1	3737.510	2708.155	2.500	1.750	0.000	0.000	0.000	0.000	0.284	NoExpr	Pending
chr13-25541936-25541937-G-C	1		ATP8A2	D224H	6	HMQTREVLM	ENST00000381655.7	1	HLA-A*29:02	1	None	1	3839.924	7111.135	4.850	7.700	0.145	0.000	0.000	0.000	0.304	NoExpr	Pending
chr6-32223881-32223881-T-TAGCAGC	1		NOTCH4	L16LLL	1	LLLLLLLLL	ENST00000375023.3	1	HLA-A*29:02	9	None	1	3852.574	7483.745	5.400	13.975	1.260	0.000	0.000	0.000	0.187	NoExpr	Pending
chr9-113369791-113369792-G-A	1		BSPRY	A287T	1	SFQNGLHTW	ENST00000374183.5	1	HLA-A*29:02	8	None	1	3900.660	3493.920	3.900	3.450	0.090	0.000	0.000	0.000	0.537	NoExpr	Pending
chr11-92982014-92982015-G-T	1		MTNR1B	W264C	1	IFAICCAPL	ENST00000257068.3	1	HLA-A*29:02	6	None	1	3950.367	3102.385	4.900	5.150	0.000	0.000	0.000	0.000	0.414	NoExpr	Pending
chr17-10499040-10499041-G-A		1	MYH1	S1306L	1	SQLLRGKQA	ENST00000226207.6	5	HLA-B*45:01	4	None	1	3960.975	3896.248	4.425	5.874	0.009	0.000	0.000	0.000	0.988	NoExpr	Pending
chr1-243164805-243164806-G-C		1	CEP170	H1052D	4	QETYSCKPDG	ENST00000366542.6	5	HLA-B*45:01	9	None	1	4266.910	3821.555	4.411	4.134	93.147	0.000	0.000	504.000	0.194	NoExpr	Pending
chr17-78484882-78484883-A-T	2		DNAH17	M2545K	1	RQHKDHRHWY	ENST00000389840.7	5	HLA-A*29:02	4	None	2	4294.080	3062.230	5.450	4.150	0.134	0.000	0.000	2.000	0.232	NoExpr	Pending
chr7-151181249-151181250-C-T		1	ASB10	D265N	3	CQSITNAEA	ENST00000420175.3	1	HLA-B*45:01	6	None	1	4450.092	5378.958	2.750	3.300	0.000	0.000	0.000	0.000	0.153	NoExpr	Pending
chr15-44767434-44767452-AAATGGACAGTTGGAGTTG-A		1	TRIM69	KWTVGVV389-395I	6	WEVEVAKKTI	ENST00000329464.9	1	HLA-B*45:01	9-10	None	1	4505.730	12791.895	3.400	9.481	21.208	0.000	0.000	3.000	0.299	NoExpr	Pending
chr21-43172070-43172071-G-C		1	CRYAA	D105H	3	NERQHDHGYI	ENST00000291554.6	1	HLA-B*45:01	5	None	1	4556.360	5920.605	4.275	3.936	0.000	0.000	0.000	0.000	0.540	NoExpr	Pending
chr6-55351464-55351465-G-C	1		GFRAL	D195H	1	AFCDCAQSH	ENST00000340465.2	1	HLA-A*29:02	9	None	1	4713.925	22449.225	6.300	32.000	0.013	0.000	0.000	0.000	0.511	NoExpr	Pending
chr5-136274698-136274699-C-T	3		TRPC7	A368T	3	PFLAITYWI	ENST00000513104.6	5	HLA-A*29:02	6	None	3	4831.515	5173.105	5.850	6.350	0.005	0.000	0.000	0.000	0.366	NoExpr	Pending
chr16-67239382-67239411-GCTGCTCTTCCAGGGACAGCTCGGTGTCCA-G	1		FHOD1	FS82-91	2	YYPGDAGGLL	ENST00000258201.9	1	HLA-A*29:02	3-10	None	1	4914.115	NA	4.179	NA	20.928	0.000	0.000	131.000	0.133	NoExpr	Pending
chr1-160876800-160876801-C-T			ITLN1	G269R	0	TEHHCIGGRG	ENST00000326245.4	1	HLA-B*45:01	9	None	0	5135.530	3227.243	6.690	5.500	0.000	0.000	0.000	0.000	0.250	NoExpr	Pending
chr4-5988666-5988667-T-A			C4orf50	M1127L	0	REHLQGKAKL	ENST00000531445.3	5	HLA-B*45:01	10	None	0	5147.705	7818.115	3.000	3.200	0.025	0.000	0.000	0.000	0.946	NoExpr	Pending
chr19-13931970-13931971-A-G			PODNL1	F523L	0	LLRANRLHM	ENST00000588872.3	3	HLA-A*29:02	1	None	0	5278.495	2834.438	6.200	4.000	7.123	0.000	0.000	12.000	0.142	NoExpr	Pending
chr5-141123692-141123693-G-C			PCDHB4	Q565H	0	SPFVLYPLH	ENST00000194152.4	NA	HLA-A*29:02	9	None	0	5358.045	12281.800	5.700	20.876	1.436	0.000	0.000	20.000	0.307	NoExpr	Pending
chr3-58210851-58210852-G-C			DNASE1L3	L19V	0	AVAMRICSF	ENST00000394549.7	1	HLA-A*29:02	2	None	0	5422.830	6990.685	6.285	6.880	0.181	0.000	0.000	0.000	1.000	NoExpr	Pending
chrX-135721216-135721217-G-A			CT45A1	R120Q	0	QEINADIKR	ENST00000594117.4	1	HLA-B*45:01	1	None	0	5632.295	6664.710	7.330	6.980	0.000	0.000	0.000	0.000	0.582	NoExpr	Pending
chrX-135779451-135779452-C-T			CT45A5	R120Q	0	QEINADIKR	ENST00000617203.1	1	HLA-B*45:01	1	None	0	5632.295	6664.710	7.330	6.980	0.000	0.000	0.000	0.000	0.577	NoExpr	Pending
chrX-135796713-135796714-C-T			CT45A6	R120Q	0	QEINADIKR	ENST00000612878.4	1	HLA-B*45:01	1	None	0	5632.295	6664.710	7.330	6.980	0.102	0.000	0.000	0.000	0.554	NoExpr	Pending
chr4-110559663-110559664-G-C			ENPEP	R887T	0	YTLNNTNLGR	ENST00000265162.10	1	HLA-A*29:02	6	None	0	5968.100	7481.305	5.750	8.500	0.032	0.000	0.000	0.000	0.239	NoExpr	Pending
chr1-111727105-111727106-G-T			INKA2	S252R	0	RLSKGSGHF	ENST00000357260.6	1	HLA-A*29:02	1	None	0	6086.820	3915.305	4.800	3.055	2.143	0.000	0.000	29.000	0.063	NoExpr	Pending
chrX-32389609-32389610-C-T			DMD	R1470H	0	FEQHLQESKM	ENST00000357033.9	1	HLA-B*45:01	4	None	0	6165.655	5931.815	4.450	4.600	3.178	0.000	0.000	0.000	1.000	NoExpr	Pending
chr1-22660990-22660991-G-A			C1QB	A121T	0	ATQKITFSA	ENST00000509305.6	1	HLA-B*45:01	6	None	0	6294.760	5577.395	4.772	5.010	0.000	0.000	0.000	0.000	0.984	NoExpr	Pending
chr4-121932625-121932626-C-A			TRPC3	C211F	0	FEQELQDDDF	ENST00000379645.8	1	HLA-B*45:01	1	None	0	6835.385	4604.125	7.350	4.500	0.068	0.000	0.000	0.000	0.300	NoExpr	Pending
chr8-132948805-132948806-C-G			TG	P1755R	0	LLSSRSVLL	ENST00000220616.9	1	HLA-A*29:02	5	None	0	7171.850	5825.865	9.075	7.300	0.721	0.000	0.000	0.000	0.992	NoExpr	Pending
chr9-138120681-138120682-G-A			CACNA1B	G2097D	0	GEGPTDCRR	ENST00000371372.6	5	HLA-B*45:01	6	None	0	7694.035	7362.530	11.815	9.460	0.154	0.000	0.000	0.000	0.276	NoExpr	Pending
chr11-46876561-46876562-C-T			LRP4	R1147Q	0	YWTDTGTNQI	ENST00000378623.6	1	HLA-A*29:02	9	None	0	8002.015	8532.020	7.700	7.800	0.268	0.000	0.000	2.000	0.421	NoExpr	Pending
chr1-16006133-16006134-G-T			SRARP	G100W	0	PMGWGCLAQ	ENST00000329454.2	1	HLA-A*29:02	4	None	0	8033.180	10860.410	17.445	16.060	0.082	0.000	0.000	0.000	1.000	NoExpr	Pending
chr14-94382907-94382908-C-G			SERPINA1	E110D	0	LEGLNFNLTD	ENST00000355814.8	1	HLA-B*45:01	10	None	0	8280.080	8248.135	10.800	10.250	4.892	0.000	0.000	0.000	0.180	NoExpr	Pending
chr4-176120051-176120052-G-A			WDR17	V189I	0	HTHQKGKIVF	ENST00000280190.8	1	HLA-A*29:02	8	None	0	8364.835	9623.640	10.400	13.135	0.514	0.000	0.000	2.000	0.489	NoExpr	Pending
chr20-2312957-2312958-C-T			TGM3	R201C	0	CDAATDVA	ENST00000381458.6	1	HLA-B*45:01	1	None	0	8704.815	9939.463	7.043	6.050	0.000	0.000	0.000	0.000	0.650	NoExpr	Pending
chrX-149548665-149548666-C-T			HSFX3	R243H	0	QSFRHSGMW	ENST00000431993.4	3	HLA-A*29:02	5	None	0	9111.604	13005.064	15.000	20.500	0.012	0.000	0.000	0.000	0.610	NoExpr	Pending
chr2-106830076-106830077-G-C			ST6GAL2	S436C	0	CGFIGILIM	ENST00000361686.8	1	HLA-A*29:02	1	None	0	9240.813	7222.511	13.500	7.442	0.080	0.000	0.000	1.000	0.694	NoExpr	Pending
chr11-1078020-1078022-CTA-C			MUC2	FS178	0	DYNGLQSFRI	ENST00000675028.1	NA	HLA-A*29:02	8-10	None	0	9494.880	21985.295	9.462	27.295	0.001	0.000	0.000	0.000	0.918	NoExpr	Pending
chr2-113482183-113482183-G-GA			CBWD2	FS257-258	0	LQKKTSACA	ENST00000259199.9	1	HLA-B*45:01	5-9	None	0	9542.735	NA	5.100	NA	3.384	0.000	0.000	62.000	0.113	NoExpr	Pending
chr19-38802098-38802099-G-A			LGALS4	R240C	0	IALHINPCM	ENST00000307751.9	1	HLA-A*29:02	8	None	0	9632.405	8072.775	7.900	6.800	0.232	0.000	0.000	0.000	1.000	NoExpr	Pending
chr16-16387708-16387709-G-A			NPIPA7	E114K	0	RQVKTKVRA	ENST00000530217.2	5	HLA-B*45:01	4	None	0	9667.445	5838.793	7.000	5.500	8.705	0.000	0.000	238.000	0.254	NoExpr	Pending
chr16-18324187-18324188-C-T			NPIPA8	E114K	0	RQVKTKVRA	ENST00000525596.5	1	HLA-B*45:01	4	None	0	9667.445	5838.793	7.000	5.500	2.994	0.000	0.000	177.000	0.216	NoExpr	Pending
chr2-94874875-94874876-T-A			TEKT4	C272S	0	RVLVDSILR	ENST00000295201.5	1	HLA-A*29:02	6	None	0	10401.293	9015.341	9.247	11.500	0.614	0.000	0.000	0.000	0.446	NoExpr	Pending
chr1-13318693-13318694-G-A			PRAMEF15	R96H	0	LLTQGVHPR	ENST00000376152.2	1	HLA-A*29:02	7	None	0	11195.120	22722.071	10.630	20.500	0.000	0.000	0.000	0.000	0.098	NoExpr	Pending
chr16-72128664-72128665-T-G			PMFBP1	N694H	0	IQDLHKEIA	ENST00000237353.15	1	HLA-B*45:01	5	None	0	11322.405	12593.730	12.000	14.000	0.380	0.000	0.000	0.000	0.065	NoExpr	Pending
chr8-123220221-123220221-A-AGGGCTAC			C8orf76	FS342	0	CLGDCILRR	ENST00000276704.6	1	HLA-A*29:02	1-9	None	0	11428.674	NA	12.000	NA	45.915	0.000	0.000	344.000	0.724	NoExpr	Pending
chr3-156291991-156291992-G-T			KCNAB1	A29S	0	TSPNVVNAA	ENST00000302490.12	1	HLA-B*45:01	2	None	0	11515.819	11127.270	15.104	13.905	0.000	0.000	0.000	0.000	0.064	NoExpr	Pending
chr8-23368189-23368210-TGGCCACGTTGGCGGGGGCCTG-T			LOXL2	QAPANVA48-54-	0	YHQPKIQLRL	ENST00000389131.8	1	HLA-A*29:02	4-5	None	0	11628.085	23517.365	12.116	22.293	102.877	0.000	0.000	110.000	0.706	NoExpr	Pending
chr3-39188114-39188115-A-T			XIRP1	L444H	0	KTFKNHFET	ENST00000340369.4	1	HLA-A*29:02	6	None	0	11756.050	14047.079	11.040	12.200	0.042	0.000	0.000	0.000	0.661	NoExpr	Pending
chr5-134703847-134703848-G-T			SEC24A	A786S	0	AGYSVQMSV	ENST00000398844.7	2	HLA-B*45:01	4	None	0	11899.845	10023.730	11.400	9.700	10.713	0.000	0.000	133.000	0.053	NoExpr	Pending
chr6-47000271-47000272-C-T			ADGRF1	G895R	0	GHYAFSHTR	ENST00000371253.7	1	HLA-A*29:02	9	None	0	12229.660	20282.765	10.690	30.500	0.655	0.000	0.000	0.000	0.491	NoExpr	Pending
chr21-44330789-44330813-AGGCAGCCGCGGCCCCTAGCGGCCC-A			CFAP410	GPLGAAAA217-224-	0	SHRGRVSGSA	ENST00000397956.7	1	HLA-B*45:01	8-9	None	0	12678.690	32162.840	12.000	44.000	6.570	0.000	0.000	18.000	0.376	NoExpr	Pending
chr15-94399982-94399983-G-T			MCTP2	K651N	0	VEDSRNLS	ENST00000357742.10	1	HLA-B*45:01	6	None	0	13471.104	14118.361	7.850	12.500	0.138	0.000	0.000	0.000	0.203	NoExpr	Pending
chr7-39339738-39339739-G-C			POU6F2	Q232H	0	STNHHPQPA	ENST00000518318.7	1	HLA-B*45:01	4	None	0	13649.930	13332.405	6.500	6.350	0.273	0.000	0.000	0.000	0.299	NoExpr	Pending
chr7-47833094-47833095-G-A			PKD1L1	T2111I	0	SHCCPPHIQA	ENST00000289672.7	1	HLA-B*45:01	8	None	0	13887.086	13677.088	8.200	8.665	0.696	0.000	0.000	0.000	0.322	NoExpr	Pending
chr15-84036950-84036951-A-T			ADAMTSL3	I1645F	0	PFSWRHCLG	ENST00000286744.10	1	HLA-A*29:02	2	None	0	14164.925	28748.628	27.315	51.500	2.043	0.000	0.000	0.000	0.366	NoExpr	Pending
chr3-52517959-52517960-A-C			STAB1	H1573P	0	CTCDTAPTV	ENST00000321725.10	1	HLA-A*29:02	7	None	0	14724.066	10839.774	21.000	17.000	0.090	0.000	0.000	0.000	1.000	NoExpr	Pending
chr8-138737576-138737577-C-A			COL22A1	G696W	0	GLQGLRWKK	ENST00000303045.11	1	HLA-A*29:02	7	None	0	14844.084	22610.352	15.630	29.000	0.308	0.000	0.000	2.000	0.200	NoExpr	Pending
chr16-28652309-28652310-C-T			NPIPB8	T26M	0	TMKINRHDK	ENST00000526428.1	3	HLA-A*29:02	2	None	0	15526.305	26727.390	20.000	40.500	0.703	0.000	0.000	5.000	0.107	NoExpr	Pending
chr16-28766434-28766435-C-T			NPIPB9	T179M	0	TMKINRHDK	ENST00000550983.1	1	HLA-A*29:02	2	None	0	15526.305	26727.390	20.000	40.500	1.874	0.000	0.000	10.000	0.117	NoExpr	Pending
chr3-44242057-44242058-G-A			TOPAZ1	R2Q	0	MQRPPPLGPT	ENST00000309765.4	5	HLA-B*45:01	2	None	0	18453.588	24155.789	18.500	30.500	0.005	0.000	0.000	0.000	0.307	NoExpr	Pending
chr14-26448937-26448938-G-C			NOVA1	T182R	0	IIVPNSRAGL	ENST00000539517.7	1	HLA-A*29:02	7	None	0	19554.957	15264.271	23.096	18.500	0.694	0.000	0.000	2.000	0.462	NoExpr	Pending
chr6-10801907-10801908-C-G			MAK	R272P	0	NWDPKKPPTA	ENST00000474039.5	1	HLA-B*45:01	7	None	0	22818.244	29208.615	25.500	33.000	0.038	0.000	0.000	1.000	0.323	NoExpr	Pending
chr1-196995755-196995756-A-G			CFHR5	N216S	0	QLSSGEVK	ENST00000256785.5	1	HLA-A*29:02	4	None	0	26127.998	26691.047	32.500	34.000	0.000	0.000	0.000	0.000	0.287	NoExpr	Pending
